gene_id,gene,baseMean,log2FC,padj,log2FC_paired,padj_paired,hallmark_pathways
ENSG00000253898.1,LINC01419,380.1343059933542,11.832281927589664,4.351334128897658e-40,11.313980512413355,0.000487222962659,
ENSG00000253508.1,AC004080.2,11.805035679418085,10.78572423284721,2.1808321680759577e-19,9.90722615632556,2.596301997432604e-06,
ENSG00000096088.16,PGC,1292.0624516508335,10.613274010061009,4.822793490769444e-51,4.374926765858232,2.4347485176662625e-05,
ENSG00000115386.6,REG1A,996.7524894417584,10.34565232499853,1.4756049028295738e-32,4.220401603276825,0.0001300881247244,
ENSG00000172016.16,REG3A,4113.989935022979,10.246390190152296,2.5603576030342476e-39,4.937995764065487,1.027450687831516e-13,
ENSG00000285711.1,LINC02835,23.193435470148152,9.59124225155748,1.4269859155241356e-23,10.2435618624379,0.0004781464013108,
ENSG00000122133.17,PAEP,124.27959475591864,9.55319584588232,1.8307697420005428e-25,9.317914409358444,0.0054107446252239,
ENSG00000139219.19,COL2A1,340.66442324759936,9.30163809130567,4.913166389043162e-37,1.8358267292375845,1.959438692791461e-06,
ENSG00000198681.7,MAGEA1,365.0293699685048,9.206929903311488,5.491832840735746e-52,8.790485611902678,5.232180780906778e-13,
ENSG00000145920.15,CPLX2,2396.833916259258,9.174395809417188,3.9516836037103575e-61,8.321672396108948,2.249460208573669e-19,
ENSG00000254338.1,MAFA-AS1,12.74221243192052,9.025435316509574,4.800344170255704e-17,6.732505914219068,0.0086405142715709,
ENSG00000126752.8,SSX1,379.3354836808064,8.790279883996417,1.0238728281847505e-37,9.972345058385017,0.0098433179957511,
ENSG00000164362.21,TERT,219.27037050397223,8.753766112549464,1.956746574238766e-62,6.222045909110449,1.916102551143394e-18,
ENSG00000046774.10,MAGEC2,355.2652931345777,8.589247481756772,8.015267943972258e-39,8.331561051351192,0.0021754835220556,
ENSG00000206557.6,TRIM71,348.7743379554808,8.582275573326958,1.4880529735130042e-56,5.893551141067055,2.946516063784917e-09,
ENSG00000101951.17,PAGE4,430.6704890912887,8.509061266989427,6.137820121414824e-31,3.255113374841907,9.161871971102875e-08,
ENSG00000163295.5,ALPI,78.88517596003705,8.42925516976321,2.7570849064642063e-20,1.6943382857185725,1.0304594724486977e-05,
ENSG00000234722.5,LINC01287,426.2747081910038,8.40255639901902,5.163767522597695e-36,6.850865190371438,0.0018373365966173,
ENSG00000154342.6,WNT3A,26.1321662038613,8.190223701224582,7.804813232708684e-21,8.129441285531504,0.0003156696594549,
ENSG00000225546.6,LINC02476,51.40128490758794,8.12355002558644,8.423492874241419e-28,7.930765275345123,0.0198284141557851,
ENSG00000142619.4,PADI3,12.70146065228396,8.06528250784136,3.338311828667319e-13,2.303458010720137,0.0005363518698417,
ENSG00000121075.11,TBX4,42.83368027865241,8.045523179597295,1.6769951498390581e-29,5.7174176014535485,0.0006908801235445,
ENSG00000197172.10,MAGEA6,335.4364611528517,7.982113009986801,9.162285863750064e-26,7.567188802628736,0.0228204027041087,
ENSG00000168955.4,TM4SF20,304.5632244452849,7.957185052851332,3.596399914923672e-34,3.095443281524364,3.295831786736164e-05,
ENSG00000225548.7,LINC01980,72.18031056586113,7.758811391979474,8.143793298415819e-29,6.513221195308093,0.0030035532431814,
ENSG00000251629.7,LINC02241,67.47886036923482,7.736149681914437,1.0064545553083031e-30,6.461002559324324,0.002440625013811,
ENSG00000213401.10,MAGEA12,208.12005167719548,7.663952314002922,1.0284127787641989e-23,7.913820699425711,0.0022268220159317,
ENSG00000260289.2,AC093515.1,20.56872191276845,7.641451767370874,1.8144149905978932e-23,8.208498288659909,1.645364947700043e-08,
ENSG00000109205.16,ODAM,188.67047050946917,7.5662604161026845,1.6018941922841356e-26,1.5285594868340495,3.177093848242456e-06,
ENSG00000251026.2,LINC02163,34.15148425021268,7.560257596409433,1.932903862610718e-29,8.186535738554173,0.0001085752624512,
ENSG00000170373.8,CST1,116.03017144854856,7.497369270314298,9.150549410252344e-27,2.8044735194367743,1.5044661535806943e-06,
ENSG00000215262.8,KCNU1,125.86738520452454,7.386548689299961,8.710002321001786e-24,4.123958073742583,0.034152018187429,
ENSG00000106038.13,EVX1,10.126310244014508,7.373580552832998,2.8445604889284823e-16,7.4617157815432975,0.0282742514487911,
ENSG00000167080.9,B4GALNT2,166.1372757092154,7.342189900950493,9.637516053649752e-32,6.191969962508827,1.8127644863863525e-05,
ENSG00000112164.6,GLP1R,61.97455640724505,7.323471997286308,2.575316597919488e-30,5.452241046956541,2.461173064119582e-09,
ENSG00000286448.1,AP006222.2,52.41731622559784,7.295167205143058,5.815245005787397e-31,9.500289103489823,0.0001279269044567,
ENSG00000251138.7,LINC02882,62.262585434034605,7.274440015438292,3.197825921097746e-29,5.930652991725346,0.0070366252600662,
ENSG00000198033.12,TUBA3C,60.7184285400495,7.241220854110484,2.5869203864881725e-17,3.490066791870325,1.371690019523066e-05,Spermatogenesis
ENSG00000243766.8,HOTTIP,52.06683116005173,7.181817066716961,5.18440352124575e-40,7.491469500816095,3.241399651371853e-13,
ENSG00000133454.16,MYO18B,149.03058379661027,7.156837604705447,6.305782615255628e-45,5.264632546174999,6.510195816243534e-17,
ENSG00000288060.1,AL355338.1,4.587840772142099,7.114967298531651,5.81217476510863e-14,7.516788614134946,0.0023583962647013,
ENSG00000159217.10,IGF2BP1,710.7851401423923,7.094578888199836,2.336165355708959e-65,5.665417090974673,1.1490703902893844e-21,
ENSG00000175329.13,ISX,309.19394170435504,7.09432913470213,1.22781388337327e-47,5.909704755666341,1.2506564735923921e-14,
ENSG00000221867.9,MAGEA3,399.64601144882255,7.039353390170259,2.1279105683101484e-24,6.206289282608731,0.0038802496336332,
ENSG00000029559.7,IBSP,13.662300068486452,7.024815970829583,5.194107999580096e-18,6.289248979566115,0.0002195573640405,
ENSG00000272620.2,AFAP1-AS1,251.48934781546376,7.022642269109234,4.297647503445521e-44,3.1798706275651063,1.524526567442028e-11,
ENSG00000137251.16,TINAG,215.77444099724983,7.017002689157938,5.160024597967896e-36,5.784081842534022,5.544512967240624e-17,
ENSG00000063015.20,SEZ6,126.53586764721972,7.003784776304952,1.3031970326427623e-32,2.680302513603748,6.090871396030872e-07,
ENSG00000249628.3,LINC00942,89.77626535151136,6.982445287309208,5.853119726412131e-28,2.018033314586126,7.068934962822146e-05,
ENSG00000100604.13,CHGA,25.44518415626642,6.980831651883329,4.8181545390746753e-23,2.455162961088282,1.1016139341764853e-05,
ENSG00000187957.8,DNER,36.96199263028453,6.980637829255555,1.4057112757336365e-17,2.400369864465151,5.296019221741323e-13,
ENSG00000137869.15,CYP19A1,30.99531735407604,6.944824277645917,5.562046142178034e-23,2.4249376061696264,1.9828786852223244e-05,
ENSG00000106031.9,HOXA13,261.2462546574742,6.9342937221499925,2.519348972590203e-69,7.590434559168407,2.443073019429691e-37,
ENSG00000131142.13,CCL25,199.10465499758425,6.855121635169141,1.0071669092668036e-26,2.010733485433247,7.127703342690807e-08,
ENSG00000182798.10,MAGEB17,46.149879993071394,6.807436733414979,2.4339571860412747e-27,5.383905499015974,1.4004169823754042e-08,
ENSG00000236279.7,CLEC2L,30.804549237233765,6.762271473536297,3.0923751772005964e-19,3.863694301482013,0.0479631387682104,
ENSG00000185686.18,PRAME,400.8189952719268,6.725206134442389,2.609291354007767e-28,2.815550278172705,0.0001571447974403,
ENSG00000251350.2,LINC02475,26.14514733336854,6.71879140544981,9.84229382879584e-31,6.990637537227359,2.587390561006565e-11,
ENSG00000139800.8,ZIC5,86.61411494240764,6.685915670227285,3.8895775639779036e-47,7.697888751972055,2.0488750576678304e-10,
ENSG00000043355.12,ZIC2,232.5061151221664,6.632582430414602,1.4826268173433754e-85,6.0214152182207314,2.1717796315326214e-42,
ENSG00000182759.4,MAFA,68.69953635823109,6.600475933524431,1.3935857891187163e-31,3.9005136483632143,1.5134040916520892e-09,
ENSG00000253877.6,LINC01608,76.52941103115631,6.58959626575193,1.3691258013557384e-22,4.188591756315294,0.0054574611043642,
ENSG00000197085.11,NPSR1-AS1,46.885809038450034,6.557041677999358,1.0411918841260502e-31,5.653808606462385,1.0883070974277373e-05,
ENSG00000251199.6,AC015631.1,11.806847310122318,6.534748967915869,2.654405235075531e-17,7.02409373774953,0.001057983092622,
ENSG00000171431.4,KRT20,41.3912514108876,6.504850090721712,2.456351723790388e-22,4.647928991581463,4.246124016819987e-07,
ENSG00000112818.10,MEP1A,317.60056524137894,6.500195855005807,1.367172247446139e-38,2.291320648796283,3.637615745545044e-06,
ENSG00000004846.16,ABCB5,22.592616380583635,6.491893400682154,9.374264945052205e-19,5.14630828062185,0.0010482753800246,
ENSG00000183117.19,CSMD1,110.47449223019376,6.462947527036937,2.538066466788792e-34,5.451535275428133,9.434192710071853e-09,
ENSG00000261713.6,SSTR5-AS1,163.64391220006846,6.427715140998006,3.1283451856013567e-23,2.1317188961064018,0.0074332590836308,
ENSG00000143512.13,HHIPL2,132.52459065443455,6.413412130004804,2.7173847135868026e-41,3.803751191981564,4.114018507024294e-12,
ENSG00000171551.12,ECEL1,108.67335985404203,6.400474396348759,1.8802937325813776e-18,1.554175228706336,5.686266559112383e-05,
ENSG00000170577.8,SIX2,42.29306776861782,6.364839695932242,3.212999774176495e-35,4.792062710808993,1.0617440843535412e-16,
ENSG00000204511.3,MCCD1,44.194506394973885,6.348100812612869,3.364867501150546e-18,2.552533486156632,0.0193213848640526,
ENSG00000266976.3,AC079466.1,743.777261416571,6.287225492886107,1.688232644667997e-30,2.5377726613831797,3.5301105784616203e-09,
ENSG00000056291.17,NPFFR2,55.90433838211456,6.260906418677808,1.9773577304961583e-24,3.70551588355677,2.7654548029123543e-05,
ENSG00000225383.8,SFTA1P,13.134059775508716,6.259453351914322,6.214156475937626e-31,6.01178337024754,5.212635691921244e-28,
ENSG00000253227.2,AC090192.2,37.34944456369632,6.223736026548856,2.363702205372477e-31,5.61178639288757,1.681228232161475e-09,
ENSG00000248515.2,AC024230.1,13.38426210298072,6.215780487636986,2.2665840773523374e-18,5.674113288199369,0.0150899809684147,
ENSG00000224189.8,HAGLR,263.38438511923573,6.209195562348238,5.060384780450065e-66,4.358972395489953,4.8455051514263074e-45,
ENSG00000287390.1,AC006525.1,9.7103613549839,6.169598862280846,4.791755458022116e-16,6.744792545359722,0.0181425320173705,
ENSG00000285894.2,AL136372.2,258.0242437942988,6.153447533679449,3.605493739214235e-30,4.812544021695814,2.345368959308333e-07,
ENSG00000174498.14,IGDCC3,22.911326826148088,6.079672792222873,4.4637422671039734e-20,2.2462109590402237,0.0033501559017128,
ENSG00000185615.16,PDIA2,55.750779406210754,6.071279809636297,2.4062638592355918e-28,3.00005118514529,3.633674840920143e-09,
ENSG00000144045.14,DQX1,93.97343619866088,6.046001429340813,1.8386218728540902e-31,1.6023861655388871,0.0008488858198711,
ENSG00000130822.16,PNCK,60.26817424996295,6.034814216567053,6.764945581601436e-25,2.388426884040167,3.901323707940407e-08,
ENSG00000171658.8,NMRAL2P,239.56038929310853,5.999615161080924,3.9444089886719673e-63,5.562601931570986,4.369749953085547e-23,
ENSG00000214814.7,FER1L6,63.10510950168679,5.980711781657315,5.364095219410308e-23,3.880009355553333,9.919448712151549e-07,
ENSG00000267014.6,LINC01532,15.419747576020676,5.9758816962871135,1.5391772754868732e-22,7.413559424676445,1.785541407473719e-08,
ENSG00000147257.15,GPC3,29045.62323092734,5.919972920495533,3.624963484760375e-80,3.969762402211458,1.966892776829877e-32,
ENSG00000165078.13,CPA6,19.333507970006487,5.910672265378519,9.39526485233991e-22,3.845908068393879,3.643624750905335e-06,
ENSG00000163993.7,S100P,2476.461646691038,5.898445586266321,3.03657367436862e-39,1.3005070809991168,0.0001411068161498,
ENSG00000180806.5,HOXC9,32.57739876236663,5.798040204819551,4.241155875254827e-22,3.788343069828087,0.014207562624639,
ENSG00000066032.18,CTNNA2,325.7884755724461,5.789708936525845,2.0501348586162942e-24,2.8632967055920777,1.490866297044732e-13,
ENSG00000130720.13,FIBCD1,20.11505291460973,5.7808978679592204,1.1786559187927742e-22,5.503074793393607,4.219960066283763e-13,
ENSG00000260518.2,BMS1P8,161.88794164561284,5.780649332752519,1.9723179393050115e-43,4.308654549045464,3.024191879619463e-13,
ENSG00000286042.1,LCAL1,120.84114388440064,5.770817690074942,4.1547634162783734e-30,4.740526741504844,0.0005391725424309,
ENSG00000286015.1,CR589904.2,45.58343544453566,5.764891753676629,1.6948484922430866e-26,6.681932341535623,7.296405564627845e-08,
ENSG00000107984.10,DKK1,539.5091191872159,5.759298504374658,1.4509821679535028e-31,1.556855642573053,0.0001035916552747,Wnt-beta Catenin Signaling
ENSG00000287097.1,AL590550.1,89.13288965878316,5.7271027323971255,2.996310836134796e-32,5.006751237925039,2.188239102109501e-10,
ENSG00000169427.8,KCNK9,53.599346769715495,5.714197668547788,2.2988678028000164e-30,3.655552204756262,1.051545494547728e-09,
ENSG00000182379.10,NXPH4,243.278503994313,5.688569259726571,6.46089356869071e-57,3.662475652602197,6.439766757305413e-32,
ENSG00000204832.10,ST8SIA6-AS1,187.42460740668503,5.673172222977856,4.2805902440627815e-46,4.298873816588442,2.1286731470181798e-16,
ENSG00000230316.7,FEZF1-AS1,48.42039569035689,5.643271285809376,4.2808024353232116e-32,4.569800317324986,1.0189204266616683e-10,
ENSG00000230356.1,NCAPD2P1,21.12391150738446,5.636562881167546,1.6456723376346215e-24,4.316596558733232,0.0008319145644384,
ENSG00000221986.7,MYBPHL,12.555630069697347,5.630740223684378,3.593313583117237e-17,4.727909881796481,0.000113353283762,
ENSG00000100373.10,UPK3A,398.611358789593,5.623563507444191,3.595463295446539e-32,1.3031288790177906,0.0009122717580496,
ENSG00000182111.9,ZNF716,16.288435802890316,5.621898048011193,9.653571239171129e-14,5.493596103408075,0.0101934565885263,
ENSG00000250612.2,AC114786.2,40.03876667970934,5.615611702460299,2.6848377382000168e-21,3.631008981428431,0.0005653467714421,
ENSG00000253293.5,HOXA10,73.03872423364419,5.613953712401613,2.1471030403434047e-38,3.7074885201634458,4.140204105461315e-11,
ENSG00000113296.14,THBS4,403.0946566439318,5.608476922119673,1.9364295101500008e-76,4.445384907279689,2.3319119973724037e-48,
ENSG00000069011.16,PITX1,219.2900033918144,5.587860780234908,1.0320207882164035e-38,5.515122487211393,2.6658673983449207e-17,
ENSG00000105880.7,DLX5,12.211433068913427,5.578588006122231,5.992965670118486e-19,4.4068031406770025,3.101960631627136e-06,
ENSG00000262668.2,AJ003147.2,10.539964182548948,5.568132262787337,3.450930282162398e-16,5.434634363662618,0.0231457383525037,
ENSG00000249550.7,LINC01234,86.56881401856842,5.566168989223886,1.6348739311423024e-27,4.822902493274118,6.3150128747397774e-09,
ENSG00000267339.7,LINC00906,7.965612053088855,5.556117482404947,3.5124627336557294e-14,4.735531550206512,0.0003732014840287,
ENSG00000182459.5,TEX19,7.385983092564816,5.547078591417214,1.5915976083890833e-18,5.932639591465201,1.4757368597119555e-05,
ENSG00000126733.21,DACH2,7.6856844770363155,5.536487672831246,2.3678191511096566e-14,4.423570635356579,0.0137139957931799,
ENSG00000144355.15,DLX1,9.762614223356293,5.51291600621456,1.3794721432450057e-15,2.57952484162305,0.0003187342567612,
ENSG00000197587.11,DMBX1,12.879673246582554,5.50465813240881,2.487531235512608e-16,3.546629637807883,0.049166184699955,
ENSG00000249001.5,AC093895.1,14.573187598525042,5.46783804406257,3.549320978927332e-19,6.032227574792732,5.550323004941703e-06,
ENSG00000250579.2,CTD-2297D10.2,60.0772691497349,5.461045269151599,1.5887471253363154e-23,3.0221240373244096,0.0005796182158573,
ENSG00000254349.6,MIR2052HG,15.343124711742696,5.417327809309926,1.0193986029666016e-20,5.016613811810493,9.130467704310756e-05,
ENSG00000170166.6,HOXD4,15.422677327259418,5.401264891552096,3.501638236634962e-27,4.53446145141382,7.093986934935434e-17,
ENSG00000168243.11,GNG4,482.3720449589719,5.389848114338717,4.618445773544054e-40,1.995837836950726,2.1762230088149625e-07,
ENSG00000243944.5,AC117386.2,17.779574693366634,5.366465332319532,1.042483929769171e-20,5.06808120707438,5.183695805692954e-06,
ENSG00000242515.5,UGT1A10,27.680914696252888,5.333707332722743,2.149243926704083e-13,1.3918346380151392,1.5355937219793277e-05,
ENSG00000181617.6,FDCSP,62.62508028387499,5.32475332735659,4.584317327339677e-12,2.749322673802081,8.755953317560018e-05,
ENSG00000249413.2,AC116049.1,12.20116430992657,5.317143283895544,1.2561988860553498e-22,5.548224078008529,2.134517061292953e-05,
ENSG00000125888.15,BANF2,10.119055164354297,5.311805130590668,3.600739652580121e-18,5.623446520777907,0.0002692440480205,
ENSG00000253553.7,AC090578.1,14.351464346504294,5.268727684355077,1.0965354971143195e-09,1.9860418296088016,0.0307155600400786,
ENSG00000226363.3,HAGLROS,8.551860028022022,5.24862665033753,4.648999882414941e-25,5.153536301965076,9.69711090055724e-19,
ENSG00000167612.13,ANKRD33,21.05503756070654,5.224168780329582,2.2433392902173326e-13,1.955755739137226,0.0025078101115498,
ENSG00000132031.13,MATN3,57.1484359409392,5.219445068656303,1.0937310334840164e-26,1.8122455105398307,1.371581370680795e-07,
ENSG00000283047.1,FRG1FP,37.56365931320555,5.21749865310448,2.826475322954336e-22,3.897132499340199,1.1008155554937185e-06,
ENSG00000221818.9,EBF2,47.89068161930923,5.2004058167234,2.408617053778964e-75,5.656610515710359,9.592337510417064e-65,
ENSG00000260230.5,FRRS1L,44.6941510635521,5.175670771832553,8.275029122769733e-18,1.4748208774167793,4.741469224255141e-06,
ENSG00000145681.11,HAPLN1,9.16885234920666,5.1626940270416775,2.030294898155313e-11,2.6535601538767724,0.0262518948483942,
ENSG00000173702.7,MUC13,6024.584881177699,5.14696035944383,4.849937354913321e-38,3.68253361494949,6.871012926890106e-23,
ENSG00000113249.13,HAVCR1,28.366326768238988,5.121007612865181,1.7607141213316562e-18,2.411399255316642,0.0001384061981786,
ENSG00000243073.4,PRAMEF4,28.668355122327004,5.114807755829121,3.472651365640255e-13,2.184624288516163,1.770135348079734e-07,
ENSG00000286133.2,AC093817.2,16.70979054024884,5.109582741861278,1.6885479280668406e-19,3.1302209761518034,0.0469554110930283,
ENSG00000148795.7,CYP17A1,972.7569192571984,5.09437348465751,2.646227336684335e-35,1.3582932380888395,0.0001380968574642,
ENSG00000244485.1,RPL18P13,11.80330586299718,5.086699201530783,3.0290902430987325e-18,4.680305754428335,0.0001941380938883,
ENSG00000196421.8,C20orf204,262.2203511029291,5.056417303830565,1.4083514627567993e-49,2.205540982387993,2.1410786633861718e-12,
ENSG00000269289.6,AC011503.1,13.982788828406136,5.0413540360298885,1.0707513453834975e-17,4.030461839859051,0.0004057114483171,
ENSG00000255843.1,AP000593.3,11.014612142890376,5.02648060554931,2.79365647833604e-15,2.477276063660516,0.000812788733685,
ENSG00000226476.6,LINC01748,33.14963209571163,5.024041426151708,1.946199253854933e-21,3.4810651633754985,7.24831376501894e-05,
ENSG00000230426.4,LINC01036,18.61137217626588,4.9931046822106095,1.443325799753034e-16,2.44775121186837,0.0074332590836308,
ENSG00000251550.1,AC091133.5,6.073667476418176,4.97493355494195,2.5336067395940383e-14,4.744040123021422,0.0083863438611699,
ENSG00000197891.12,SLC22A12,374.4320014758935,4.957450051095876,2.0961509198219878e-17,1.8062159585951216,0.000983597123376,
ENSG00000130829.18,DUSP9,1141.516665783358,4.936584678974201,4.987771718098723e-53,2.5118130830044767,1.0630305510990721e-20,
ENSG00000173826.15,KCNH6,16.421886353169675,4.919040198114399,4.0603472907366757e-14,1.674639068519306,0.0022571101874729,
ENSG00000189229.11,AC069277.1,14.826682178679045,4.918404841588361,2.411338523922343e-16,4.251114524211138,0.0003863995859481,
ENSG00000198758.11,EPS8L3,764.4828963295951,4.886057977544351,4.311958519690104e-50,5.089379420209572,2.7405410588517562e-34,
ENSG00000228933.8,AC107419.1,11.15056179099951,4.863451826450741,3.831900918113952e-19,5.131807814079285,2.6930976976680265e-05,
ENSG00000104371.5,DKK4,122.60494161487668,4.848833097611712,3.177893644285498e-16,1.2903497203149876,0.0057018731360451,Wnt-beta Catenin Signaling
ENSG00000115194.11,SLC30A3,40.234223518519606,4.844450797054902,8.282976161372732e-24,1.8970269080458224,5.326116684579501e-07,
ENSG00000126778.12,SIX1,49.12537986688704,4.829401855355643,4.1655405585686906e-44,4.417612869269806,1.523389826515414e-20,
ENSG00000136231.14,IGF2BP3,143.24062206883323,4.826415462566672,2.6403538436919384e-37,2.6926173107467104,4.926872093871108e-15,
ENSG00000181019.13,NQO1,7023.989225738429,4.808839053705396,7.081853014153635e-39,2.094244195253418,7.450378190487555e-11,
ENSG00000123999.5,INHA,36.135305207297954,4.798120068188907,6.819334041218447e-16,1.2079413358211384,0.0010187835878711,
ENSG00000197757.8,HOXC6,21.653698607093503,4.785135207639181,2.7469117612107066e-19,2.796759854372964,0.0022772655095144,
ENSG00000251273.4,LINC02228,20.942187536989785,4.7578924755025565,2.3399364886424588e-14,3.3421128093875847,0.0262515445499026,
ENSG00000241884.2,AC114401.1,5.942374749812784,4.755879673208165,6.493776069347678e-13,4.733321396354346,0.002738580874136,
ENSG00000128683.14,GAD1,36.2204469611996,4.749310230905035,9.834299459552168e-28,2.720284545176004,4.243847586906447e-05,Spermatogenesis
ENSG00000253417.5,LINC02159,10.104956315512428,4.721780055311382,1.4530764908792997e-13,4.006526866198878,0.000733764815262,
ENSG00000254560.6,BBOX1-AS1,14.137836090341729,4.69697434590138,7.093533510777287e-16,2.0338993521608515,0.036398378598098,
ENSG00000148346.12,LCN2,10086.358123888524,4.685140262833242,1.6130904282808975e-34,1.846090033277142,1.0940243149483071e-08,
ENSG00000087250.9,MT3,25.995823676719272,4.674313094145506,7.9603139353457e-15,1.2711127736835337,0.0315829736667215,
ENSG00000074211.14,PPP2R2C,160.92495892600712,4.662360631366417,3.491068056435909e-22,3.1810986055427426,5.636551416604658e-06,
ENSG00000077522.14,ACTN2,319.02742390351847,4.658868880669526,1.2444243726104395e-26,2.041723402691521,1.470404641737087e-09,
ENSG00000184106.8,TREML3P,21.822506154128533,4.652656704466262,2.707944279476724e-14,1.7525774681559565,1.436034099350975e-07,
ENSG00000138798.13,EGF,58.19914263483195,4.651509239752281,3.540073071214562e-20,2.2089625160184108,0.0007878659138586,G2-M Checkpoint
ENSG00000286403.1,AC010378.1,56.47588507007439,4.643321640967455,4.372563130069823e-27,2.6281134490701006,4.512205787134751e-07,
ENSG00000214429.3,CYCSP6,4.093838055532241,4.622671530360199,1.0185743416966614e-08,5.5491144508850505,0.0491249701555644,
ENSG00000236449.2,AC010894.2,30.520441160695807,4.622447437510694,7.637418442732469e-22,1.8853954369501529,0.0009876836894077,
ENSG00000168754.15,FAM178B,44.681276162868265,4.619952364649578,3.588292964568716e-17,1.758698112209882,0.0010927638563478,
ENSG00000268089.3,GABRQ,15.748275393587832,4.613043050729549,4.100381833314223e-29,4.577192256478183,4.366486286749919e-27,
ENSG00000205628.4,LINC01446,36.3830989577274,4.606906725170822,2.2119673685482296e-18,4.252317158481213,0.0006316253148465,
ENSG00000155966.14,AFF2,28.710745151178045,4.591411287743094,2.530407083461345e-16,1.648006425426369,2.389165840999969e-05,
ENSG00000178882.15,RFLNA,51.23220820047644,4.591363557635041,7.013947295907309e-21,1.4372268239183728,1.1734742116843468e-05,
ENSG00000132692.19,BCAN,138.81974188485353,4.589323802851013,8.437527316555262e-49,3.811296396420087,3.8067760758665496e-30,
ENSG00000170231.16,FABP6,9.092891058673503,4.5774951591266735,6.560562423675459e-11,2.453968469428962,0.0435285832221672,
ENSG00000169436.17,COL22A1,143.4700504655162,4.5734023445974135,2.2824283165224417e-24,1.645542312679248,5.591476379379404e-06,
ENSG00000128709.13,HOXD9,84.13584149442855,4.5691221809901945,1.5970909855985022e-44,4.927523221406025,6.975048694497202e-40,
ENSG00000007372.24,PAX6,11.973203430842087,4.555697815228016,4.9088056512087137e-14,3.2871601437745377,0.0001569129562661,
ENSG00000269416.6,LINC01224,27.96383271435276,4.554883805922194,2.728388197526639e-23,5.894021960123142,6.06219035895464e-13,
ENSG00000250049.7,AC114316.1,16.015022296556673,4.551147430883012,1.4546598292016731e-26,3.923455590009073,4.176659854493475e-14,
ENSG00000285940.2,AC009899.1,5.28988577013377,4.546659001552564,7.214963180476397e-11,5.060691641960309,0.0283781317235504,
ENSG00000287895.1,AL136379.1,7.342233904010739,4.536667490765968,6.424545021792977e-17,3.828964200179054,1.1731220689033814e-08,
ENSG00000101057.16,MYBL2,950.80854678788,4.535836635585188,2.949688912989837e-74,3.4147377242543184,1.3284734558570606e-63,E2F Targets; G2-M Checkpoint
ENSG00000109705.8,NKX3-2,7.802643671333016,4.52965371174885,5.1675852373156473e-14,4.042122499021189,0.0057985434556113,
ENSG00000161270.20,NPHS1,7.715056039489238,4.518227579944518,9.133680335426687e-10,1.985188680373232,0.0377543517613543,
ENSG00000053108.17,FSTL4,92.9185708358774,4.511554851380103,3.4557435823969244e-39,3.917115146161245,5.5256922306132965e-27,
ENSG00000136943.11,CTSV,133.96603006365905,4.507529790194619,1.03831392418661e-30,1.7206443170716037,1.0479468588948522e-08,
ENSG00000254233.1,LINC02365,148.5601116133359,4.50068651366228,1.0681050347068235e-26,2.733291314368485,2.847776617575164e-06,
ENSG00000238178.7,AC078993.1,20.77295973923726,4.498234303830591,5.61614179676119e-17,3.1260810675876405,6.844432314527319e-05,
ENSG00000227619.3,AL391056.1,46.39217192892712,4.493464306794339,1.016943027614742e-20,1.064432197445113,0.0033528389088472,
ENSG00000237596.7,AL138828.1,81.26604342967917,4.490523971439864,5.1794958040827125e-28,1.3407101389478342,0.0003747442181839,
ENSG00000147378.11,FATE1,18.80639098647669,4.486011235971849,4.290113042544667e-38,4.29170338191571,6.75249488824602e-24,
ENSG00000263680.2,AC007639.1,10.345932750276797,4.474075552710518,7.74261445268676e-17,3.671613580668567,0.0004230091268527,
ENSG00000233539.5,AC011294.1,44.01498445189111,4.46953340006468,2.481290718051938e-34,3.441015857453281,1.8057850532622389e-12,
ENSG00000152377.14,SPOCK1,186.40465066812305,4.456803301742644,3.416718334043106e-33,2.739144070629965,2.0179867413962773e-14,
ENSG00000128652.11,HOXD3,11.218193888787548,4.455490467527677,3.856386874735741e-27,4.333390880429074,2.7356008113073e-19,
ENSG00000213759.10,UGT2B11,872.3805934995406,4.446364877122065,1.624656647436734e-42,2.993961745205374,8.11421250643091e-20,
ENSG00000154839.10,SKA1,219.02349936776287,4.440617272804623,1.0350906630670161e-86,4.0029350129662085,5.308196982131275e-70,
ENSG00000187730.9,GABRD,165.24899062512245,4.437747122975121,2.387679194696972e-112,4.3097597042296485,5.586194292554783e-65,
ENSG00000172318.5,B3GALT1,15.902342611727004,4.418733504901846,1.921604938302354e-12,2.578691247608066,8.78659697106988e-05,
ENSG00000115507.10,OTX1,55.2333360760852,4.403589608037684,7.537478619213781e-48,3.664926113013092,3.964643432820724e-26,
ENSG00000279204.1,AC134043.3,6.583308925214245,4.397912508586422,1.4379796804841686e-23,4.152105666283957,6.918352557559971e-19,
ENSG00000233542.2,AL391845.2,8.53411158578809,4.392253091056163,6.229312277897219e-29,4.488160872169384,6.257040821470948e-25,
ENSG00000128710.6,HOXD10,17.461112009821974,4.376705290630944,3.476732569876512e-20,4.37485050543884,4.042677347783389e-11,
ENSG00000198930.13,CSAG1,190.1286727019031,4.375748041008105,1.9089355702919296e-21,6.2085732724223766,1.2457941978368167e-05,
ENSG00000157542.11,KCNJ6,20.029370943697337,4.3633030112012055,4.834862698846738e-13,2.1439332193317115,0.0008112634286523,
ENSG00000136928.7,GABBR2,124.95932723421274,4.353172266155721,3.6398033762580355e-27,1.5587044589826018,6.025002395024913e-06,
ENSG00000224271.7,AL117329.1,24.135875780614807,4.343044675189045,3.3516158334703057e-20,3.703543371290917,2.0082459387450893e-07,
ENSG00000158402.20,CDC25C,193.7188690203069,4.3295595447203,1.056580634784314e-88,4.118421419348481,1.5095533872108656e-64,
ENSG00000176956.13,LY6H,27.491471747573552,4.327994716590832,3.0199967467731225e-35,3.7191227797166806,3.244714270313329e-25,
ENSG00000211448.13,DIO2,126.33920072263588,4.314677758957116,1.2654233793022192e-23,2.18935947320892,1.781303532867749e-09,
ENSG00000232021.7,LEF1-AS1,6.261995761273644,4.314637838891977,1.840093949177043e-18,4.301724334601197,3.5511718746896954e-08,
ENSG00000223802.8,CERS1,30.75896733108228,4.285974506187908,3.5114328964146624e-22,1.7973006590595346,2.7634644389286827e-05,
ENSG00000151012.13,SLC7A11,323.9697973625732,4.273242386907832,1.9329271784874227e-41,3.7618920046768567,9.302530793009094e-31,
ENSG00000186191.8,BPIFB4,10.29984509057167,4.2659761315342415,8.792684473945009e-16,3.1433325113910486,0.0022960593029963,
ENSG00000100473.18,COCH,150.17571500910697,4.257848942508406,3.7372254433516734e-38,2.1065860607316096,2.0374059054990635e-09,
ENSG00000135454.14,B4GALNT1,290.2899680663519,4.257814452688967,6.3734111663822055e-49,2.723283363515564,2.726954008716587e-22,
ENSG00000118785.14,SPP1,26495.32374658768,4.252609144557829,3.5663753616096155e-30,1.5545873528246972,8.341765281299555e-06,
ENSG00000213973.9,ZNF99,27.22529306597189,4.251907532289718,6.299128032149936e-21,2.620966765626765,8.895780026431863e-07,
ENSG00000117399.14,CDC20,791.5932897247175,4.249758252935266,9.634032421504584e-80,3.65092114871902,9.042006138110016e-86,E2F Targets; G2-M Checkpoint; Myc Targets V1
ENSG00000285108.1,AC103718.1,4.609080472800777,4.24347666395401,9.741942859916317e-13,3.894532353493022,0.0100392881180319,
ENSG00000154040.21,CABYR,197.04550522359816,4.23108193443373,1.7481945601537161e-34,1.7939155244938385,6.87540153243857e-08,
ENSG00000138100.14,TRIM54,60.099001626587466,4.2273822615285095,3.092271772547675e-23,1.6088927719945043,8.05693906407037e-05,
ENSG00000286519.1,AC009236.1,22.2608405785464,4.227251987009978,1.74014720191957e-22,2.5729288966640382,1.371690019523066e-05,
ENSG00000186897.5,C1QL4,16.617455085526295,4.2109332875654255,5.2488227669354566e-20,2.899129500693803,1.1332061188362544e-05,
ENSG00000225210.10,DUXAP9,11.452954222707437,4.209533060659015,3.3620304025166324e-27,4.068527654570937,1.0015688885218941e-17,
ENSG00000187398.12,LUZP2,15.640001273993883,4.207235752837043,1.2508802907970003e-09,1.6445702819128698,0.0006174679351663,
ENSG00000287381.1,AC012433.2,6.342356962876108,4.204174953304796,3.5967490723807424e-10,4.470326393032022,0.0494835548449827,
ENSG00000226043.2,AP000561.1,25.055774974484425,4.202205124608134,1.402297564782225e-23,2.92151627484943,2.9795443688480614e-05,
ENSG00000129159.9,KCNC1,7.097481342985542,4.194473088080013,9.68884912223207e-15,2.2032175764054265,1.4241335622849231e-05,
ENSG00000229950.1,TFAP2A-AS1,11.469399388072569,4.193390158244343,1.9627601449746204e-20,2.803110896097908,0.0003433080117634,
ENSG00000164287.13,CDC20B,16.021368691396503,4.188115473526295,1.914808694559633e-15,2.569840732938286,0.0006217527921621,
ENSG00000179546.4,HTR1D,97.15474339671913,4.186185005372716,4.0290095753273386e-18,1.878787753344515,0.0001710583932283,
ENSG00000249506.3,ZEB2P1,4.155039522758416,4.184194596920729,5.425547004415627e-10,4.7256454213030405,0.0075913758366245,
ENSG00000166143.10,PPP1R14D,24.97550705687932,4.18392525311448,3.675811782660668e-17,2.6312595161360246,5.39565884072868e-05,
ENSG00000142583.18,SLC2A5,395.2767743861309,4.176364290489088,1.3361329072741595e-32,1.5248899270186125,1.5011027577388604e-07,Spermatogenesis
ENSG00000143228.13,NUF2,268.5651981690281,4.171753370276657,3.548548526946915e-87,3.5952374668377938,5.190145048756929e-70,
ENSG00000197472.15,ZNF695,7.350947458315857,4.160087540469155,1.9524808720247803e-13,3.305421852334177,0.0017803817403171,
ENSG00000237978.6,KCNMB2-AS1,50.738714649080535,4.155086175027988,2.9648919385417987e-32,2.841939725360052,6.162846544389016e-16,
ENSG00000279579.3,LINC01666,7.637965201383919,4.152223099238694,1.2506909891130793e-12,2.9300140316071337,0.0274201742511162,
ENSG00000142513.6,ACP4,14.89793503886774,4.147568960481746,1.0211179690983924e-18,1.9616781411438549,4.052023126899464e-05,
ENSG00000267374.2,MIR924HG,25.406151218305837,4.1474012149618895,8.697557925714208e-26,4.261024540739332,2.9377979669911908e-12,
ENSG00000135451.13,TROAP,321.0085680800625,4.144484194360069,1.887831244756392e-85,3.4827951305268274,1.0741771547851708e-78,G2-M Checkpoint
ENSG00000164283.13,ESM1,450.77511090588536,4.134334972537907,5.661357391947e-69,4.342327152272699,5.443741073031066e-60,
ENSG00000109674.4,NEIL3,78.42756230456567,4.125967632931252,9.468312618986409e-60,3.7336462970383466,6.078111063390742e-36,
ENSG00000171931.13,FBXW10,60.25281348429764,4.12482004654439,1.6881380529965715e-24,1.451428698603208,0.0001689477754266,
ENSG00000237380.7,HOXD-AS2,5.582638343788703,4.124789356813272,9.32150595541077e-14,5.131446433855518,3.5218385525631096e-06,
ENSG00000262406.3,MMP12,72.53808397405548,4.119230942534927,2.944800561660088e-21,2.5952048023508985,3.8539391469549135e-08,
ENSG00000164920.9,OSR2,67.62456508976837,4.101060866495954,2.8393791270717376e-29,2.0199640041816056,2.2325306440547895e-07,
ENSG00000203985.11,LDLRAD1,135.5335946685649,4.100121637599524,8.55257323536862e-27,3.2924499551181503,1.8441192940614497e-13,
ENSG00000198759.12,EGFL6,15.313036973288916,4.093198119171358,9.302858010464856e-27,3.815939125602215,4.4147944975518185e-19,
ENSG00000164256.11,PRDM9,4.714357964104838,4.092025721301614,1.9359619020197813e-11,3.547764001473521,0.0080416521071732,
ENSG00000175063.17,UBE2C,644.2681250335081,4.08979222832382,3.2098707253033484e-76,3.575091098683751,1.4048369318622325e-93,G2-M Checkpoint
ENSG00000253395.1,AP003469.2,7.84306796092408,4.0896182306466295,1.458155842709509e-16,4.468348110587014,0.0002525833346701,
ENSG00000130643.9,CALY,13.480017109962718,4.087632287894025,1.03003069735876e-16,1.503671533125864,0.0042357938739348,
ENSG00000115163.15,CENPA,131.8844052523847,4.0857745281837134,1.2741007453687276e-73,3.621391683387211,1.1783467634292886e-73,G2-M Checkpoint
ENSG00000135324.6,MRAP2,174.03081654608155,4.084990047429115,8.273621292037353e-38,3.063082377911021,1.7797811715548807e-20,
ENSG00000080644.16,CHRNA3,5.684879655697636,4.064137329107843,3.770788636275028e-09,1.9787192002777103,0.0023113576213494,
ENSG00000139155.9,SLCO1C1,10.719653272493415,4.063879522970421,3.0291199307504864e-31,4.074189341578792,2.3191869654790963e-38,
ENSG00000089685.15,BIRC5,1018.4091156599392,4.06346354354312,2.7171108077450797e-82,3.589573675406524,3.427946996430172e-104,E2F Targets; G2-M Checkpoint; Mitotic Spindle
ENSG00000278594.1,AL589182.2,3.290720667658549,4.058774672411575,8.315126200882979e-11,4.163763259949245,0.044347259458473,
ENSG00000105173.14,CCNE1,247.9635318117637,4.037607652389339,1.2982196697169472e-43,2.437813077768588,1.6137749467575342e-30,E2F Targets
ENSG00000259230.1,LINC02323,9.39763364069751,4.030864561971484,1.7684059016927236e-15,2.485914342211321,0.0198916607238175,
ENSG00000213061.2,PFN1P11,49.55557548227296,4.0250723370692745,1.5554111447779527e-17,1.0856659789346894,0.0021388990730265,
ENSG00000137558.9,PI15,71.9820930702505,4.016830606593906,5.0335965677834664e-24,2.3170018604403246,1.1460714097817058e-08,
ENSG00000251003.9,ZFPM2-AS1,127.59828993082382,4.014466740025033,1.752553889920177e-28,1.731406701817842,5.240390978895162e-07,
ENSG00000120498.14,TEX11,50.09593311970551,4.012160119803875,2.1051886588645793e-18,1.7131050515584187,5.74247273207456e-06,
ENSG00000126010.6,GRPR,40.74932433977642,4.0115442549259335,6.153215213374082e-20,2.396639037860254,8.242648202374389e-07,
ENSG00000107165.13,TYRP1,18.02838963112949,4.005083499584496,9.686966909220911e-11,2.163413915697741,0.0001712643454147,
ENSG00000186185.14,KIF18B,258.7524636072219,4.003954996001043,3.485969632669669e-76,3.4634999227696217,8.6433907393621555e-75,E2F Targets
ENSG00000156509.14,FBXO43,57.768872726042375,3.99930710887131,2.231926184852761e-70,3.3987551008550554,1.045757452247884e-40,
ENSG00000285280.2,AL390957.1,47.15579394183941,3.970813662112041,6.869410266178362e-41,3.1866339203949843,3.434597012085655e-24,
ENSG00000164932.13,CTHRC1,330.3608614364624,3.96846524231508,7.672842999160033e-43,2.5958551338804807,4.944983878770998e-21,
ENSG00000101842.14,VSIG1,87.95605215742414,3.9678749023498097,1.6703783409802328e-20,1.396608691116746,0.0006683888349985,
ENSG00000243144.7,AC079760.2,12.729566904279116,3.9598002313753033,5.154764215200216e-16,2.0966165069964937,0.0006954642772848,
ENSG00000232527.8,LINC02802,6.1925094588175424,3.947237935188077,4.713729703020983e-12,2.143568030310894,0.0419246867833365,
ENSG00000147889.18,CDKN2A,544.0974138432115,3.941797509794993,3.579167092599596e-63,3.339585790949491,2.68976877459568e-39,E2F Targets
ENSG00000179455.10,MKRN3,45.85853742639056,3.939454838394127,1.9762541241480608e-23,3.937316581751754,1.0815911593097772e-13,
ENSG00000187323.12,DCC,14.751408422305252,3.9348969300868175,4.2533737253541567e-10,1.0711374915440528,0.0226311365088508,Spermatogenesis
ENSG00000171502.15,COL24A1,44.99463740804127,3.9193306631266394,3.841037005141117e-25,2.37082154957847,3.8838057662624256e-11,
ENSG00000142945.13,KIF2C,383.9685654084891,3.917246983443391,3.3500580749186253e-78,3.3692735227406327,3.409523409788329e-100,E2F Targets; G2-M Checkpoint; Mitotic Spindle; Spermatogenesis
ENSG00000150551.11,LYPD1,95.08144229049688,3.916326290552144,2.6025300878493235e-30,2.785916155477886,1.062683650075501e-12,
ENSG00000171864.5,PRND,35.99104681926846,3.91458311858818,8.423965126265788e-27,2.6005142107273564,8.90673330738821e-12,
ENSG00000143194.13,MAEL,39.63273260540706,3.912086159913924,1.4386291739047932e-10,1.29429276394064,0.0002065212914237,
ENSG00000102385.12,DRP2,4.821581023784914,3.910738884780615,1.0411392635207517e-13,3.266029524479505,0.000589255061629,
ENSG00000146857.4,STRA8,7.806289277844875,3.9067220164105514,2.713070782013621e-14,2.990017747132697,0.0037200228113572,
ENSG00000284948.1,AC107959.4,15.829129630313906,3.9016195951775434,4.8749300933323375e-27,3.1581654210297163,1.5591647706560595e-16,
ENSG00000117650.13,NEK2,333.8443568601359,3.900555731585157,5.468889828614892e-81,3.858802590291434,6.210441244315632e-70,G2-M Checkpoint; Mitotic Spindle; Spermatogenesis
ENSG00000183185.9,GABRR3,32.164192124963805,3.897951859970949,3.6130936862757136e-17,2.6091733894493623,0.0010220518970439,
ENSG00000167619.13,TMEM145,51.38823292022521,3.8971201085600935,1.786035805116748e-34,2.703660725078275,2.4653758280873738e-19,
ENSG00000090889.12,KIF4A,455.72734104607616,3.891695475767456,2.6019778140526587e-82,3.4653998176230933,1.997597317500941e-84,E2F Targets; G2-M Checkpoint; Mitotic Spindle
ENSG00000100526.20,CDKN3,366.2109652440636,3.886791843621325,1.7019517504379086e-90,3.472530992714064,8.594081865111589e-94,E2F Targets; G2-M Checkpoint; Spermatogenesis
ENSG00000147697.9,GSDMC,18.338996919639005,3.881200670387913,3.536884864245265e-24,3.6099720397787274,3.0323529107393807e-15,
ENSG00000101210.13,EEF1A2,3966.3417390684353,3.8765127833774615,1.019133802194728e-21,3.7769534072733375,4.55667043413712e-16,
ENSG00000060718.22,COL11A1,59.803731239694216,3.875511824375099,4.1931472401099214e-11,1.2524541400771956,0.0004547434279632,
ENSG00000131747.15,TOP2A,1792.3802413717676,3.873356596489332,1.313950234368728e-77,3.5666124996558684,4.5326350650925803e-76,E2F Targets; G2-M Checkpoint; Mitotic Spindle
ENSG00000131094.4,C1QL1,360.42175884838,3.872631890167195,7.555274101725522e-28,1.9630737431837784,1.6284317886033604e-10,
ENSG00000123485.12,HJURP,332.4560224715167,3.870628142972525,4.536165793408392e-82,3.5608348999112684,3.1697888477185736e-78,
ENSG00000149926.13,TLCD3B,9.420965990054484,3.868675992224342,6.190628997368548e-24,3.455397663140786,3.477800140312039e-17,
ENSG00000117724.13,CENPF,982.136908676966,3.8609981383278624,5.934528541608856e-87,3.4180824222608224,2.3413196783351235e-104,G2-M Checkpoint; Mitotic Spindle
ENSG00000159556.10,ISL2,11.30778443033519,3.858960705558279,2.6816418466444735e-17,3.605280145626996,1.575985159790083e-07,
ENSG00000112280.17,COL9A1,24.880721469362296,3.858637844844824,6.92055320251054e-36,3.340424624255804,7.40964371917856e-21,
ENSG00000227471.9,AKR1B15,258.2784452273917,3.849517650640085,1.5406343733161876e-19,3.949396258590416,1.468609898565184e-15,
ENSG00000171388.12,APLN,351.950415863895,3.8480254263208256,7.169859684063178e-67,3.608865056678595,1.1856980084829893e-49,
ENSG00000234948.2,LINC01524,11.177993418492017,3.837056394625207,1.4068072015787767e-17,2.999634172364405,0.0002296723508682,
ENSG00000125046.15,SSUH2,244.5305168496837,3.8277828090461776,8.397386161356635e-32,1.4406034703390511,1.1922878060778956e-05,
ENSG00000260220.7,CCDC187,196.6611780632303,3.8197823297882,1.5412624255336105e-20,1.8836241137943812,4.4274485933514405e-06,
ENSG00000175793.12,SFN,1385.360960594671,3.819562133102777,2.5234086353842117e-32,3.442524143351826,1.0093641928708392e-23,
ENSG00000285986.1,BX248415.1,8.811482974524095,3.814817641337537,1.2734010143129029e-15,3.1667157175436547,9.41527476655486e-06,
ENSG00000205704.7,LINC00634,4.780084859304979,3.810856416751786,5.579718046615528e-15,3.140263005040224,1.492728007398993e-06,
ENSG00000151789.12,ZNF385D,158.3301592557708,3.80756492836464,2.167289054577007e-18,1.4250345238235342,2.7649685173399912e-06,
ENSG00000242021.2,AC112493.1,5.601723134085986,3.805782233306631,2.145786187490936e-11,3.642459424745393,0.0194260947340156,
ENSG00000227733.10,AC239809.3,29.63115763072449,3.793943366322735,2.722493416191681e-20,1.542417045859873,5.342902316232405e-06,
ENSG00000204669.11,C9orf57,8.96993249703924,3.792575897228452,2.4834366900701517e-10,1.7502721269504684,0.0084062085207429,
ENSG00000137270.11,GCM1,4.723583680590141,3.7894108187727937,3.564780559682498e-11,2.288408009489126,0.0006030411253822,
ENSG00000099953.10,MMP11,1101.1410581941802,3.7883447959439183,7.934572066482608e-52,2.5223339522621413,1.2319042072591357e-23,
ENSG00000110492.15,MDK,7158.976369910515,3.7864898508359497,3.254243664292803e-56,3.071805891352675,1.2119698392667164e-33,
ENSG00000186417.14,GLDN,210.97055772622755,3.784952086226863,8.302034138689982e-27,2.5759835668073445,5.737803805035794e-17,
ENSG00000204291.11,COL15A1,1022.4458187368896,3.776583613696603,7.732793704330397e-80,3.620614502336024,3.818207804559855e-74,
ENSG00000178776.5,C5orf46,27.652729882560283,3.774132246742359,2.7306149700663552e-27,3.264872664997409,7.521757995711039e-14,
ENSG00000144583.5,MARCHF4,7.7661334673794995,3.7673255016301774,1.7605197063029096e-24,3.623398279074993,5.474277017868904e-16,
ENSG00000237390.1,AL139130.1,5.163519099043001,3.7650253743935376,1.002558057462613e-11,3.332801031539934,0.0021147096875243,
ENSG00000158560.14,DYNC1I1,253.9387126677233,3.764102123509989,1.1576197292282975e-27,1.425378960897641,4.994650711397914e-07,
ENSG00000165304.8,MELK,286.34008181882166,3.759518909868908,9.817793617836187e-80,3.779204440382395,1.1783467634292886e-73,E2F Targets
ENSG00000196091.15,MYBPC1,14.789360300859444,3.757739247599941,2.4565580568828388e-20,2.578279372804669,1.4008145799752207e-10,
ENSG00000024526.17,DEPDC1,193.94423993000504,3.751704092160861,2.408890303005804e-63,3.786833471516244,5.488173377429364e-54,E2F Targets
ENSG00000135638.14,EMX1,60.4753852892115,3.75153608688406,3.893305987663916e-25,1.6703118084521131,1.9102185744231557e-05,
ENSG00000167653.5,PSCA,8.467112692939862,3.750137252784533,1.0345791214818338e-12,1.7439224761952357,0.0043703127855637,
ENSG00000137868.19,STRA6,33.561929810397615,3.7494139254118606,5.57025654448948e-20,2.122793140985981,2.151652791843652e-05,
ENSG00000163914.5,RHO,5.327577797663171,3.7464081645280087,3.233809609749969e-14,3.2090916449678586,1.4032704565748024e-06,
ENSG00000237649.8,KIFC1,627.8800885924215,3.7453289261948446,1.6724890700080635e-83,3.2093877168721723,6.630123069638632e-81,
ENSG00000169213.7,RAB3B,583.6312360379189,3.744855843244775,7.480713912198564e-38,3.73092541874021,1.9898442463328293e-33,
ENSG00000112742.10,TTK,215.7060744513364,3.744121419899784,4.7507057634863955e-68,3.313343019837835,6.5574053863208606e-52,G2-M Checkpoint; Mitotic Spindle; Spermatogenesis
ENSG00000275212.3,LINC02826,19.024656905191463,3.743065134533716,7.205091693208185e-13,1.2860013997408115,0.0021826693964956,
ENSG00000250509.2,AC034213.1,11.7079907257803,3.73659227972297,1.1258198960759334e-12,3.0018045357976755,0.0149070113819813,
ENSG00000103375.11,AQP8,164.7192327718341,3.7248061006930846,3.3455237815446754e-23,1.409073472902679,0.0001932801242572,
ENSG00000150394.14,CDH8,9.345715431587353,3.71163085734448,1.3063133311905305e-19,4.243244840206856,1.0154304866091012e-07,
ENSG00000164611.13,PTTG1,719.8866350758907,3.706411784853111,4.430469286080318e-75,3.085070896936944,7.440349851370447e-76,E2F Targets; G2-M Checkpoint
ENSG00000272405.1,AL365181.3,512.160747801131,3.703925517506799,1.8653230169782794e-34,3.1760733013080342,2.631797918286684e-24,
ENSG00000254654.2,LINC02685,4.598188487621459,3.70311970386264,7.260037824258604e-16,4.212015241362027,1.8658992536887347e-10,
ENSG00000157456.8,CCNB2,419.9404413397317,3.7020021542039534,5.0607433723692856e-80,3.336804306924164,1.5372192617846737e-71,E2F Targets; G2-M Checkpoint; Mitotic Spindle; Spermatogenesis
ENSG00000272068.1,AL365181.2,112.4614167021091,3.7002271166973792,4.135077215215471e-27,3.028620860473907,1.4150659231873545e-13,
ENSG00000139734.19,DIAPH3,143.85527201068953,3.691021532676148,9.692621238157532e-53,3.121432516673996,1.2301450896069564e-57,E2F Targets
ENSG00000077935.17,SMC1B,47.13899625530307,3.6898969993154096,2.4490726257552444e-26,1.9246786474724675,7.759881581312599e-09,
ENSG00000109805.10,NCAPG,318.97547099478635,3.688626210937701,3.6254795231351646e-71,3.5676256696365654,3.2747906714468217e-63,
ENSG00000066279.18,ASPM,813.7756874973687,3.686021727650768,2.37314674505581e-78,3.530286122133345,5.985927402133341e-74,
ENSG00000126787.13,DLGAP5,250.2301074312492,3.685892447394861,1.8586371886539703e-73,3.3038885738156414,1.4322856440216853e-72,E2F Targets; Mitotic Spindle
ENSG00000112984.12,KIF20A,423.1189340534137,3.684863310915369,1.3528431031888358e-74,3.4222351039638683,3.415667772049987e-72,
ENSG00000171951.5,SCG2,14.908239911886527,3.684844289923645,3.8178663438365044e-19,3.426525078167169,1.5395655100656263e-10,
ENSG00000134323.12,MYCN,99.82878219907656,3.678848282476783,2.907510576180976e-26,2.6256264828759424,2.4482939628162473e-16,
ENSG00000231131.8,LNCAROD,166.4737019384846,3.6759065588616338,2.859305982903359e-26,1.1769899992622903,0.0007753238752387,
ENSG00000144354.14,CDCA7,181.33433079755196,3.669090773067228,2.896629014565732e-30,1.6078663535207915,1.062008597765906e-08,
ENSG00000287088.1,AP001066.1,7.353199054478716,3.663083449760708,1.1205059286349742e-12,2.248649464671575,0.0046659927062127,
ENSG00000145536.15,ADAMTS16,139.52420733787915,3.658618050858861,4.396292900597844e-19,1.179026920035958,0.0012141189589501,
ENSG00000225680.1,AL163953.1,10.226772931576006,3.65049183861408,2.9501387730372506e-17,2.4017015665879367,0.0002215199146091,
ENSG00000166897.16,ELFN2,284.67160293563785,3.6494308398093462,6.9795118753061845e-28,3.475656414138945,3.827938736539912e-21,
ENSG00000130477.15,UNC13A,46.39681594383815,3.647440710347248,5.60109835640581e-23,1.9772077833069197,4.778764224403504e-10,
ENSG00000101412.13,E2F1,876.6796416854992,3.646117508798963,4.842043641341848e-69,3.469207883605492,1.715076839948308e-64,G2-M Checkpoint
ENSG00000284928.1,AL445205.1,39.17606837019093,3.642973053262383,1.512807928757839e-13,1.1448244416994944,0.0110578544975703,
ENSG00000226702.1,MIR217HG,10.457473952028552,3.642957809161695,3.2249219532082195e-10,2.230363116467049,0.0114924809744764,
ENSG00000171246.6,NPTX1,10.40969038604562,3.6396196721718175,6.790280299587116e-10,1.1409431141808306,0.0084599680355272,
ENSG00000183625.15,CCR3,15.458080952766576,3.638971874605719,1.0542913999251243e-11,1.3210874263920471,0.0275423127569676,
ENSG00000140534.14,TICRR,100.1310094394449,3.63688359282414,1.993121529100883e-60,3.205676341944604,3.131332869140601e-44,
ENSG00000246228.6,CASC8,5.604045826195202,3.631119687334275,8.483528645850952e-10,1.277333076921538,0.0445881584795915,
ENSG00000255794.9,RMST,10.149560475601987,3.629507587751949,5.4046100938949615e-14,2.1544407007167163,0.0022685138409294,
ENSG00000128266.9,GNAZ,431.86189932899657,3.620198704820209,6.740130565406312e-47,2.95885913691349,4.146633522053272e-33,
ENSG00000106128.19,GHRHR,75.60015745593496,3.6162282719968375,4.565106235028018e-17,2.666389729147251,1.9018227087150157e-09,
ENSG00000258474.1,LINC02313,7.9156182503828765,3.616139860554832,1.0940354418778317e-15,3.2863937580493667,5.584885236363092e-06,
ENSG00000011426.11,ANLN,479.0769662704599,3.612786707321156,7.181223314717501e-68,3.546647991679321,5.930647215888421e-79,Mitotic Spindle
ENSG00000184486.10,POU3F2,7.425165851601712,3.6114339349035935,5.636885326778985e-13,1.8485763143263487,0.0011002055929727,
ENSG00000248323.7,LUCAT1,203.05738617900025,3.611262627075425,1.5477598883184982e-26,1.2710631971602722,9.391899582604448e-06,
ENSG00000183837.9,PNMA3,254.0824299409632,3.608401734459748,7.94048785773001e-23,1.0709902180945752,0.0005855878709794,
ENSG00000215784.6,FAM72D,17.033534194443057,3.599322732557978,1.8352834995824688e-35,3.168515260521441,4.761289465720774e-24,
ENSG00000248238.2,LINC02438,4.67332160041561,3.5993177896164945,5.2024660085742777e-11,2.7812985941172346,0.0473345481006759,
ENSG00000287566.1,AL732437.3,5.807436754868392,3.5943982264695453,3.748430102910624e-11,2.580950902228403,0.0456765553962524,
ENSG00000129173.13,E2F8,132.99199400803622,3.5869194938894053,5.775456059634441e-56,3.5862149043717104,3.702961900167858e-50,E2F Targets
ENSG00000111206.13,FOXM1,572.0919959513016,3.5841241618349704,2.2148052976221038e-69,3.293453414277673,1.0160617079516579e-82,
ENSG00000174371.17,EXO1,195.9375859223279,3.581129194409424,2.50649079036735e-74,3.3808430007239103,3.4675604828930494e-58,G2-M Checkpoint
ENSG00000176887.7,SOX11,9.52673717761328,3.5780097614600925,2.7458639750376966e-14,2.869563708911188,4.628724238788776e-05,
ENSG00000157766.19,ACAN,76.16832825408804,3.575607152284101,3.0933867292710676e-28,2.8202924688150004,3.501592759805874e-15,
ENSG00000286540.1,AL096854.1,31.87895729083627,3.5630782999406647,3.325366091406161e-24,1.8883569153980988,3.56373870925266e-05,
ENSG00000232850.3,PTGES2-AS1,8.065465821229838,3.5629617664505906,1.8638652820227436e-23,2.70170781706698,4.208522090867217e-09,
ENSG00000198074.10,AKR1B10,25603.123495852004,3.5541142170728843,2.6829938254903348e-21,3.4815456154886983,4.382265838177589e-18,
ENSG00000178999.13,AURKB,356.1108603822317,3.5486053710239576,1.994264708998676e-64,2.810402532972911,3.282332667478266e-69,E2F Targets; G2-M Checkpoint
ENSG00000167971.16,CASKIN1,11.473395183832242,3.5434309042923395,2.301074945308289e-17,2.155532768857159,1.0737439824333669e-05,
ENSG00000126562.17,WNK4,226.35652201223476,3.5386461597059595,1.1995930666207116e-28,1.526055194362411,2.0191417262291081e-07,
ENSG00000266456.1,AP001178.3,3.4290663835850475,3.532652423012704,3.486332080734189e-13,3.6631647252608,8.234873907814133e-05,
ENSG00000145386.11,CCNA2,465.4022360105728,3.528878638275012,2.1851427802002267e-56,3.1483883917296143,3.4311154859608394e-46,G2-M Checkpoint; Myc Targets V1
ENSG00000231419.6,LINC00689,18.56585605184552,3.5267102198555387,5.7445539957206706e-11,1.6315898792553545,0.002699672582397,
ENSG00000165480.16,SKA3,177.41034922654174,3.5237745287292337,2.2941647624253167e-69,3.234223022236148,1.0660169178358284e-60,
ENSG00000198203.10,SULT1C2,757.8601203222694,3.521977964115813,8.847966452362243e-28,1.511735735803512,1.861117493803841e-05,
ENSG00000100162.15,CENPM,292.1437480222699,3.52081615112135,3.917164491419732e-62,3.0800723470479388,2.4402798939544843e-62,E2F Targets
ENSG00000267013.6,LINC01929,7.740436259296665,3.516607933024559,2.544402088237461e-10,1.2632743194410865,0.0223745220524271,
ENSG00000166670.10,MMP10,24.940361643860147,3.514431392816668,1.177318029050203e-09,1.200001885604391,0.0066512373169917,
ENSG00000196747.4,H2AC13,10.014222007336912,3.511405616107937,5.403334060233397e-20,3.2759064052101925,3.070401029786588e-13,
ENSG00000177679.16,SRRM3,123.2093473174112,3.5084681382877774,1.7371333615207926e-20,1.6213179021193045,4.133367785177621e-07,
ENSG00000075218.19,GTSE1,215.5075395286578,3.5073461626291813,1.1984106013020657e-63,2.924307224089916,1.38035113196673e-64,
ENSG00000225656.1,AL118511.2,5.719037727224431,3.49892641648836,1.4748544973636057e-13,4.218855844960166,7.851750444579911e-06,
ENSG00000173267.14,SNCG,855.0324755933967,3.4910899315609423,1.0254533184031015e-24,1.3265474771512222,1.8855050015023429e-06,
ENSG00000166851.15,PLK1,377.6144983966941,3.4819880743176763,6.013497080707635e-67,3.103934826340497,7.229401317562034e-78,E2F Targets; G2-M Checkpoint; Mitotic Spindle; Myc Targets V2
ENSG00000169679.15,BUB1,332.13706422811794,3.476599731837629,8.146514653001521e-74,3.3373220267661834,5.216142765920517e-83,G2-M Checkpoint; Mitotic Spindle; Spermatogenesis
ENSG00000161888.11,SPC24,481.262478761278,3.4761525096930006,6.487821870719179e-79,3.048161582572179,1.1832620885928292e-70,E2F Targets
ENSG00000229108.2,LINC02587,16.079922453235035,3.472898641924103,1.2414446310771494e-10,1.0892407685212324,0.0142549793000729,
ENSG00000126856.15,PRDM7,7.294722914365874,3.471866283879564,1.1550847091467104e-15,2.9264240422990184,0.0001497079505079,
ENSG00000251299.1,SLC25A15P3,11.989951727901635,3.467673399347563,1.211752376318816e-10,2.405239970349513,0.0423099675646612,
ENSG00000008300.17,CELSR3,281.4728393121604,3.464813433540694,2.2386985964623293e-62,2.8898035866866083,3.4200224903355117e-41,
ENSG00000243902.6,ELFN2,3.35088435135985,3.460919835849652,5.258006914706733e-10,3.8271249210830582,0.0051236788236625,
ENSG00000176490.5,DIRAS1,64.85461538600096,3.459703185362984,1.8065595651607064e-19,1.384997480035417,5.611339739763296e-05,
ENSG00000170312.16,CDK1,622.9607466239396,3.458098638328688,4.464011931527404e-74,3.1287081636782417,3.528401751048345e-81,E2F Targets; G2-M Checkpoint; Mitotic Spindle; Spermatogenesis
ENSG00000230234.1,AL162582.1,35.878779115057384,3.4453565594103,2.890045420670532e-21,3.624619444760929,7.531407905388512e-07,
ENSG00000287190.1,AC239799.2,13.887729053268384,3.443687820624999,6.680566725850418e-30,2.8504519387364824,3.9614477350909466e-14,
ENSG00000165891.16,E2F7,80.14028632555164,3.442485562411413,1.8053895693121366e-46,2.9853318625158853,1.3221708568958652e-30,
ENSG00000213981.8,AC007277.1,6.070900033978711,3.433432395541017,1.1391475356068637e-10,1.8992977267703568,0.0103854921288143,
ENSG00000154920.15,EME1,67.83928046779002,3.4275972036044022,3.903574050293281e-62,2.7719376390620085,9.273583587668963e-47,
ENSG00000278023.7,RDM1,37.06272313196771,3.422932760974964,5.443098753231051e-42,2.854605204682146,2.265126750485951e-18,
ENSG00000133665.13,DYDC2,84.45075897571346,3.4194352883178003,7.033911270703093e-24,1.4875708871238194,1.4704799048439718e-05,
ENSG00000224034.1,LINC02561,10.470421059464794,3.4170161774315564,1.278651376568982e-21,3.0897652495668018,1.2852297191835712e-11,
ENSG00000146670.10,CDCA5,523.3058147892303,3.4159119813781738,4.112561114443611e-81,3.0558760407022354,1.3556555811175833e-83,
ENSG00000156970.13,BUB1B,186.59095043652235,3.4155127429635663,7.887797524748684e-57,3.20789881371414,1.9984801118671666e-56,E2F Targets
ENSG00000167513.9,CDT1,533.9536456095145,3.4146802784521046,4.906462898318929e-64,3.0294191338115355,7.061443792957622e-48,
ENSG00000174672.16,BRSK2,46.452770124200406,3.414180134384431,3.861464940974617e-21,1.7601016895355706,9.254611435477605e-08,
ENSG00000258527.1,ASB9P1,14.023991259178038,3.411571259278979,5.778578466157981e-19,2.302810890462882,3.321159326056973e-07,
ENSG00000111665.12,CDCA3,303.9225749016322,3.4066748631927166,4.354792335151435e-71,2.827217005755906,1.1832620885928292e-70,E2F Targets
ENSG00000071539.14,TRIP13,230.63549879911483,3.4057028593275027,4.906462898318929e-64,2.7455205777343985,1.924559553924781e-62,E2F Targets
ENSG00000189366.9,ALG1L,188.7631364731906,3.401141031751054,1.1078554758367688e-35,2.313096235208681,4.4389015799779924e-13,
ENSG00000223572.10,CKMT1A,16.308019290609646,3.397651305009889,1.1534271552433607e-11,1.8888852194837853,0.0136864094690072,
ENSG00000205755.12,CRLF2,13.864402396317685,3.396594417318471,2.1952013521843115e-09,2.0270990902950885,0.0001349564136992,
ENSG00000232727.2,YWHAEP1,5.023893151388125,3.395031994439953,1.963418205705137e-09,2.745894221210786,0.0031541575659843,
ENSG00000174938.14,SEZ6L2,1568.5293796251058,3.389752368803058,3.879983163911812e-24,2.8516398973890067,2.984926350420666e-16,
ENSG00000276966.2,H4C5,20.72673318703768,3.389163664781241,1.6481351358843016e-28,2.6725520581205866,1.933197889825285e-14,
ENSG00000283023.1,FRG1GP,42.65020313851937,3.387911689562048,1.6929201706639173e-24,2.228556557175001,4.09876714937304e-10,
ENSG00000183856.11,IQGAP3,727.2573493810395,3.3864340786923357,5.6164694672978295e-64,3.826255976086596,1.4069297803503317e-78,
ENSG00000163915.7,IGF2BP2-AS1,9.272658084633552,3.382091043650283,1.506821510303725e-13,2.695911401341528,1.3935000598457596e-05,
ENSG00000168843.14,FSTL5,57.22756980098538,3.3806269438905576,3.5366782591803893e-09,1.4665860750370978,0.0067007930977282,
ENSG00000168078.10,PBK,247.178377244769,3.3669181430108077,1.135271896434144e-58,3.630493560324124,7.054940038594777e-56,G2-M Checkpoint
ENSG00000264080.1,AP005057.1,4.9405982127419215,3.361718447035938,1.1585863661521168e-10,3.0343533594394367,0.0053460785883108,
ENSG00000105889.16,STEAP1B,11.402688820250322,3.3569332224450665,1.0053226318022091e-16,1.673507299237322,3.6016726365390005e-06,
ENSG00000151025.11,GPR158,138.0709638162255,3.3548773515541765,1.1499034358143179e-27,3.046128263341149,2.101738783066709e-18,
ENSG00000234511.10,C5orf58,41.75550048414201,3.354695477557859,1.5782422631793628e-16,1.2796399348867795,0.0005056196918503,
ENSG00000116035.4,VAX2,19.612785697769485,3.3525114840391272,1.9645587813156528e-20,2.030802524404913,5.276963708349667e-08,
ENSG00000183317.17,EPHA10,51.32246389411885,3.3514432568834027,2.398830955324067e-16,1.0424347795490718,0.0118618354259632,
ENSG00000231106.2,LINC01436,50.03048243139331,3.350766168494504,5.848227883169242e-13,1.568814337424309,0.0019641632001222,
ENSG00000078900.15,TP73,124.65783966247504,3.3493453656763927,1.160691118387824e-41,2.884936881009824,9.828752797363766e-26,
ENSG00000188095.6,MESP2,56.7273705665493,3.3487692979640094,8.709690343687232e-45,2.8387259014717205,2.8453467748871655e-29,
ENSG00000248635.1,AC147055.1,32.78570373803338,3.345785430705348,1.0105045563112085e-17,1.9386426606859848,1.2490004073584984e-08,
ENSG00000256663.1,AC112777.1,9.220070332799676,3.3401933644191084,1.9259648673453848e-20,3.130439377114111,1.532315129254923e-13,
ENSG00000228430.9,AL162726.3,23.353467892457505,3.3316638517428374,6.085248187083845e-17,2.9385869048558177,1.920570905955203e-07,
ENSG00000148773.14,MKI67,1305.4478736410615,3.330828417210231,5.8295916121144496e-64,3.1611921905195417,2.6442578232439506e-86,E2F Targets; G2-M Checkpoint
ENSG00000100625.9,SIX4,55.47659139691248,3.3296781160537128,5.04108418375723e-33,2.280703612203125,1.6348201590873208e-10,
ENSG00000170689.10,HOXB9,9.016806363318388,3.3242116798296646,1.9648933234597748e-14,3.63893335662657,0.0016928312240116,
ENSG00000262136.1,AC092115.3,6.765890334108303,3.3195136326970918,7.78446349601259e-12,2.0430939009130547,0.0380101560507435,
ENSG00000226686.8,LINC01535,16.368403576824335,3.31769182397155,2.905358343677912e-21,2.1276864693935065,1.3650318624075985e-07,
ENSG00000163808.17,KIF15,151.9741075047173,3.31738056697304,1.2110143129381755e-53,2.7347205832248185,4.1227612486768967e-41,G2-M Checkpoint; Mitotic Spindle
ENSG00000261150.3,EPPK1,455.2911706936292,3.3168834566188905,1.5646159795454713e-27,1.147286464967442,6.86007378256115e-05,
ENSG00000121621.7,KIF18A,110.0684740847208,3.3165696011446584,2.7122661785130057e-55,2.9831113520922377,1.975141281227316e-52,
ENSG00000283689.1,AC018553.2,5.387951523204554,3.3151701431116,1.0383729648747229e-11,3.0681463014485093,0.0017138311436358,
ENSG00000171241.9,SHCBP1,171.1416081582236,3.3096442768543644,2.888220504541551e-54,2.846138927714014,1.6604399928961168e-41,
ENSG00000269067.2,ZNF728,10.664950259080188,3.299499288623606,4.098346287040026e-09,1.6451089644331196,0.0238539278870535,
ENSG00000110881.12,ASIC1,131.77758632343966,3.2945672293757133,7.473165084592804e-29,1.4370836782031966,1.3254575599827538e-06,
ENSG00000080986.13,NDC80,324.87696659002194,3.291445432054225,1.1778006378053086e-74,2.877475730096787,1.5403509160625752e-64,G2-M Checkpoint; Mitotic Spindle
ENSG00000262172.1,AC116025.2,5.398196880330255,3.290672139189027,1.0201757598931324e-17,3.1513752805264774,5.060663763118726e-11,
ENSG00000162931.12,TRIM17,22.707899935106383,3.287332787153405,1.064238488416398e-17,1.7155641576359704,3.1122163367049305e-06,
ENSG00000260641.1,AC114811.2,5.381508174389373,3.2843724880515284,3.431923287289643e-09,1.143414256143699,0.0436574473848078,
ENSG00000260428.3,SCX,45.52850056761433,3.2724321742650835,4.5494244847632856e-42,2.002219792040001,3.352937733596671e-13,
ENSG00000254101.7,LINC02055,52.793597933692,3.271412157942204,2.2220355045467227e-13,1.4338707334347878,0.0013257261399695,
ENSG00000227036.8,LINC00511,185.544180411273,3.267834869142505,3.7763194968663153e-26,1.7055134891990709,2.295527204238793e-08,
ENSG00000226674.11,TEX41,103.86568577842934,3.263857052834569,9.559308001084298e-25,2.165499241309617,5.624108843190171e-10,
ENSG00000184160.8,ADRA2C,249.947307439611,3.2611707126161624,1.134892575949511e-26,1.361524604238456,2.926895386396313e-06,
ENSG00000244227.7,LRRC77P,15.285298149008703,3.2600639673273943,1.7298354188927167e-22,2.548325221331233,3.787368777357472e-11,
ENSG00000240405.7,SAMMSON,6.909331962629513,3.2590290922664886,9.604677356137155e-10,2.6256362426745032,0.0231417575282923,
ENSG00000137807.16,KIF23,263.21974708258284,3.2556778926835235,6.695097153837067e-58,2.8779536673688986,1.3019166602476079e-61,G2-M Checkpoint; Mitotic Spindle
ENSG00000245694.10,CRNDE,194.06484440404836,3.254466985701232,1.5594223759754398e-42,2.433842195688639,1.168219164334876e-21,
ENSG00000134057.15,CCNB1,906.3971574410108,3.2539085694691785,4.180627044584023e-75,2.7267285412945856,1.9084907438748456e-69,
ENSG00000104313.20,EYA1,6.37122678122617,3.250689845750397,2.248525745104121e-08,1.3675574757846765,0.0095111569157828,
ENSG00000163364.10,LINC01116,29.63246609601894,3.2499603638108465,7.474872699792651e-23,2.685593960035656,2.5987577047325554e-14,
ENSG00000129195.16,PIMREG,71.04919835291624,3.243338174593932,9.440617873190234e-32,1.9466460531084224,1.9599052521278952e-16,
ENSG00000008735.14,MAPK8IP2,438.6587725588771,3.234461373491492,4.245659047586199e-35,2.1485131182892245,1.1972281517657371e-20,
ENSG00000143476.18,DTL,462.5116704625985,3.230901928542248,9.118649803904648e-64,3.123872959626273,1.5822271531601242e-57,
ENSG00000279774.1,AL590483.3,7.443264665315916,3.229610393562815,2.9084523437135096e-10,2.695888591128221,0.0119876514461498,
ENSG00000244306.11,DUXAP10,33.024753589492256,3.226155767157231,1.1088453739793881e-34,2.99283674438188,1.4311968686064577e-22,
ENSG00000099822.3,HCN2,75.04481831130938,3.218930502209973,8.918604526024148e-27,2.1329685737111785,5.026282338856108e-13,
ENSG00000170835.16,CEL,43.263846039396086,3.2098868745424487,4.0346835114590056e-22,1.0710161088251389,9.827722443434502e-05,
ENSG00000091482.8,SMPX,47.551447543413765,3.207837494920589,2.938034011189129e-17,1.8996321408602272,2.202139842355904e-05,
ENSG00000276043.5,UHRF1,256.3921867183619,3.206193582115592,1.8128850197605696e-49,2.9680383263743964,1.8904950899663162e-50,
ENSG00000229953.1,AL590666.2,52.988517989053946,3.205191774378266,9.089168538631497e-29,2.998310268172684,2.298360836651303e-17,
ENSG00000280157.1,AL359510.2,9.801132262301708,3.201711089764543,2.043703990588805e-26,2.8832426806885585,7.2444337480544964e-12,
ENSG00000286522.2,H3C2,14.41529287729697,3.1980668067945843,3.877477650202075e-20,3.325557519071006,1.930502885265295e-13,
ENSG00000250320.6,EDIL3-DT,6.305879337918356,3.1974338808306406,6.36540889710496e-17,2.878228345982864,1.3751329525971501e-12,
ENSG00000236311.6,TLX1NB,7.646232744396618,3.1936554103200603,4.616722244543044e-16,2.15926729209973,9.945190810355052e-05,
ENSG00000169607.13,CKAP2L,182.74623389079764,3.191821974061658,3.8691476611367684e-59,3.2081207132554934,5.540968267885529e-58,
ENSG00000215869.4,AC092506.1,16.483878028796568,3.190559086201181,1.8854670391616206e-13,2.653778218805809,3.590317745774052e-07,
ENSG00000168481.9,LGI3,38.50035263496415,3.1886989620404647,1.6223451741965077e-14,1.489659973657102,6.209503430824178e-05,
ENSG00000198901.14,PRC1,5.070659388769187,3.184093943491753,1.117625182818475e-18,2.707023464931575,6.011899938934209e-10,G2-M Checkpoint; Mitotic Spindle
ENSG00000094804.12,CDC6,553.2664555370011,3.1834928956981785,2.8089551096615366e-62,2.827082999145771,7.078661207842335e-50,G2-M Checkpoint
ENSG00000035499.13,DEPDC1B,223.24083587841585,3.180931675794373,9.647401692496624e-42,2.321319366154946,1.117176452597482e-22,
ENSG00000077152.11,UBE2T,367.6041418864059,3.179178754126509,3.449059645850862e-88,2.995648343021242,2.56673299090983e-85,E2F Targets
ENSG00000176076.7,KCNE5,30.04924123026966,3.1766941795881327,2.045225081811052e-21,2.196142009224299,8.261610844196269e-08,
ENSG00000186871.7,ERCC6L,63.91456113378005,3.1724357451971854,1.1301680484905937e-52,2.857919215154048,5.357415219420357e-48,
ENSG00000259868.3,AL163952.1,10.275805003220178,3.1721957359744253,1.626811507093937e-12,1.7035478794516572,0.0211988500786162,
ENSG00000175874.10,CREG2,11.00677049823536,3.171448678582649,3.3245200543281903e-22,2.6116591115770387,9.935005305359257e-13,
ENSG00000184661.14,CDCA2,101.4157760616818,3.165966011665822,2.182431462464873e-47,2.7979182181221973,3.5330354058729624e-40,
ENSG00000152669.9,CCNO,73.59291511574736,3.165868267410566,1.843247363856978e-20,1.6666641310934394,9.336397423744036e-07,
ENSG00000072571.20,HMMR,333.0924474965115,3.165603151745493,7.137197401552586e-67,3.03923560895275,1.1514904877429794e-50,E2F Targets; G2-M Checkpoint
ENSG00000133710.16,SPINK5,70.86972399748652,3.163568458379438,3.360283081341243e-26,2.23449396000248,6.050453475387762e-13,
ENSG00000215270.3,TOMM40P2,6.144851220719917,3.160946552185816,1.3228186810356032e-16,2.8124187276527484,5.2837063217082145e-08,
ENSG00000263513.5,FAM72C,11.657668709738203,3.157778848298656,1.1190846646714203e-25,2.9514146314255902,1.6297973534211286e-17,
ENSG00000085999.13,RAD54L,68.66099646372359,3.1549015408514665,1.7081608639122774e-41,2.78699704946169,9.686000503925188e-35,G2-M Checkpoint
ENSG00000167434.10,CA4,61.79483580604305,3.1537106838305604,7.841696712691959e-18,1.8755539059734672,3.0424232978788594e-08,
ENSG00000162745.10,OLFML2B,378.8231990850339,3.151075859789028,1.500560290609952e-57,2.822944722410416,1.1271009242459244e-51,
ENSG00000127564.17,PKMYT1,208.3661672068726,3.1464144483970102,2.2781116271573565e-64,2.805047384685128,1.975141281227316e-52,
ENSG00000243742.5,RPLP0P2,24.78956348629985,3.145014702057428,1.606317769423632e-21,1.6972034868147698,5.165969982364348e-09,
ENSG00000134690.11,CDCA8,350.3649169804431,3.1446132593058853,4.439955925053749e-68,2.867915838615793,7.992017263662064e-80,E2F Targets
ENSG00000236501.6,AC074286.1,7.085738601935446,3.1395256591885463,6.085832521125672e-15,3.463676135862316,1.5350780671427609e-12,
ENSG00000137135.18,ARHGEF39,172.41316017488748,3.13834774644744,8.78757828191754e-82,2.6874040624455366,4.004365166922117e-63,
ENSG00000231881.2,AL109615.2,13.882098382808238,3.1367805711543078,2.881280152822053e-16,1.7267091731146478,1.3562957302679756e-05,
ENSG00000271387.1,AL445228.2,5.4114049752093365,3.132865401048752,1.1206106294537045e-15,3.289006666298241,2.0960715962221263e-10,
ENSG00000262179.3,MYMX,11.992210355357928,3.132342178105496,1.4055146349431452e-14,1.7192417653418592,1.258893752764799e-07,
ENSG00000223485.4,LINC01615,5.191712948488102,3.127095487565672,2.2807221736729984e-12,2.2444648811171044,5.220622663814655e-07,
ENSG00000265692.1,LINC01970,6.575923272483829,3.126522814882059,4.948908890534765e-18,2.247320823982329,2.9047083882213086e-11,
ENSG00000279141.3,LINC01451,159.175159554696,3.124815405400025,4.3153399939095056e-27,1.1904884036513006,1.3438319429903227e-05,
ENSG00000085831.15,TTC39A,506.9221652677778,3.1245949436260414,8.240337388226615e-33,2.263775461482628,7.041672375292827e-18,
ENSG00000174963.18,ZIC4,78.11205729402784,3.1237547185002548,1.8985941406885958e-13,2.343680838971785,2.750781850731571e-06,
ENSG00000230873.9,STMND1,44.71738984778714,3.122320982684272,1.6676336460087798e-18,1.829999779264824,4.629525527878908e-07,
ENSG00000138778.13,CENPE,219.14637998644804,3.11880542835422,1.7096266275926656e-61,2.7886574136857867,8.844953216513381e-56,E2F Targets; G2-M Checkpoint; Mitotic Spindle
ENSG00000230533.4,AL356234.2,28.643611298747693,3.112865611563641,8.888218808003543e-18,2.778264505494651,2.553267544325093e-07,
ENSG00000213606.3,AKR1B10P1,51.075923923578,3.112006384614486,2.299139346397928e-12,3.788941392936292,7.685373717260555e-08,
ENSG00000198569.10,SLC34A3,6.64648966542466,3.1108853652222863,7.808410559120737e-15,1.95107215594486,0.0001532162856554,
ENSG00000102174.9,PHEX,37.14323480593514,3.1088232454372444,1.669453545914911e-19,2.2690999903693285,2.1693187349309567e-12,
ENSG00000206195.11,DUXAP8,60.40995110469717,3.10522546766909,3.395975328915724e-29,2.8353403462808453,5.183054116761901e-26,
ENSG00000100167.20,SEPTIN3,61.81521651923714,3.103003990833953,7.562892249210085e-29,2.188512570602572,1.6394183241622738e-16,
ENSG00000152253.9,SPC25,133.3766907661636,3.100813959956741,1.056659499215795e-62,2.999924944756209,1.8970498421988758e-65,E2F Targets
ENSG00000226330.1,AL606489.1,14.806574837751397,3.090328404317161,1.3860450939896218e-33,3.33720691606889,1.969821549023755e-23,
ENSG00000006606.9,CCL26,15.379706672206211,3.087979550430944,8.895810991840596e-15,1.2073231739893509,0.0029554806471846,
ENSG00000183671.12,GPR1,6.113317602290199,3.087699399647437,2.4566073383732934e-08,1.2024184492636434,0.0093895640330111,
ENSG00000270547.6,LINC01235,22.264805836686115,3.078863572415669,3.4310845477624824e-21,3.853060855682396,1.3806525627835506e-19,
ENSG00000180438.15,TPRXL,9.598648294987228,3.0763034163551333,2.440986547610779e-09,2.081666328197989,0.0019957158683754,
ENSG00000121904.17,CSMD2,69.5728042658559,3.07420168282835,1.503738810466993e-26,2.678126342419041,5.439077029148407e-20,
ENSG00000102384.13,CENPI,87.80561316285564,3.071660348063521,2.8659931603744757e-55,2.770415849615486,2.8445630807684204e-46,
ENSG00000189120.5,SP6,53.52003516863466,3.071054381748763,8.748226651154868e-32,1.8325613224128192,1.6048331024459711e-16,
ENSG00000111432.4,FZD10,12.673133866446475,3.0678643830626764,2.7990544960175576e-12,1.4818077128452816,0.0001597343526094,
ENSG00000027644.5,INSRR,6.486129533151722,3.0675632459664937,1.719212852572443e-10,1.4038158513764514,0.0053372736246841,
ENSG00000118193.12,KIF14,188.65561520706265,3.065518292875213,1.1029956521214105e-56,2.843177197862457,9.273583587668963e-47,
ENSG00000103742.12,IGDCC4,51.29101525077391,3.064374817267986,3.349848698689021e-18,1.4155461285973856,9.595091280011282e-06,
ENSG00000274825.1,AL023803.2,14.712017790275118,3.061677123681063,6.465161708184446e-29,3.0125563530714885,5.199193261282002e-18,
ENSG00000180785.10,OR51E1,23.934655567266525,3.052657361156546,1.0864535990415684e-42,3.2879204680524223,4.0001535814399075e-30,
ENSG00000274444.1,AC078909.2,5.17791495761945,3.051727347318692,6.567804040023873e-15,2.3354347735233243,2.673786897952812e-05,
ENSG00000266835.6,GAPLINC,38.18928250355463,3.0513606847379457,3.596934452470889e-19,1.5506440580811256,2.161445725862721e-07,
ENSG00000165188.13,RNF183,11.537995399702442,3.0485755302276725,2.852430546402136e-12,1.1110768414119705,0.0173933207551022,
ENSG00000093009.11,CDC45,249.991367995344,3.046023550320504,3.3113155067466133e-57,3.062554615656952,1.6092073062968668e-57,G2-M Checkpoint; Myc Targets V1
ENSG00000196890.4,H2BU1,10.740186204885031,3.0405048982858505,1.6170721251862835e-11,2.2871956788948875,0.000175533323889,
ENSG00000187672.14,ERC2,9.739345058142169,3.037346219848272,2.647688213855185e-12,1.5491591716895434,0.0202408258228693,
ENSG00000129810.15,SGO1,94.44775550180437,3.034232661086359,1.6214084185811317e-52,2.6920931242071764,1.0947409606573728e-46,
ENSG00000175879.9,HOXD8,27.880268745717903,3.0340675227862453,1.36305161999359e-29,3.423395622593119,1.649660525447494e-26,
ENSG00000132932.17,ATP8A2,12.662518479045383,3.0314873305089423,3.793907148557661e-09,1.6099531890869276,5.29995385164382e-07,
ENSG00000261594.4,TPBGL,46.882920588859456,3.028342532234712,6.009158399007908e-21,1.5115392333213211,1.4535830950214644e-07,
ENSG00000198216.12,CACNA1E,23.18311485408664,3.0241335482513985,1.361290187571351e-18,2.342218791440476,1.968965164114705e-07,
ENSG00000138180.16,CEP55,168.40124846027268,3.0237713543007723,8.083783491400726e-46,2.4502756345135035,2.5566808174168577e-49,
ENSG00000168779.20,SHOX2,14.973286938030324,3.019143813538632,3.4098066187095714e-16,1.6254507999079204,2.915722112611672e-05,
ENSG00000233985.2,LINC01681,16.47242457168517,3.01793227986644,1.1066013030568376e-09,2.876082398851329,0.0419402511521628,
ENSG00000132563.16,REEP2,52.10698917371129,3.016329970347034,4.102994083974789e-25,1.6058204841191217,3.894723540641941e-09,
ENSG00000171848.16,RRM2,1224.8823123087643,3.013916056177107,5.228388341538961e-63,2.9568660474734925,8.190500317016061e-67,E2F Targets
ENSG00000221926.13,TRIM16,678.628955719868,3.013819507045043,1.50481125097483e-32,1.3170363478558935,2.7546695678075468e-08,
ENSG00000240498.9,CDKN2B-AS1,50.00772425391998,3.013488356969365,3.715132460354559e-42,2.372998962335198,1.295814066197724e-22,
ENSG00000140873.16,ADAMTS18,12.333149488873827,3.013400860786997,4.334813367899939e-14,1.943369415217094,2.1380155281280647e-05,
ENSG00000069812.11,HES2,32.192282908651435,3.007198062438249,1.5702771169868833e-17,1.914903440540323,7.641968084553626e-09,
ENSG00000065328.17,MCM10,159.0171724551939,3.005411888804109,4.53565342982372e-45,2.8163793640048103,1.7363892227076618e-41,
ENSG00000223855.2,HRAT92,48.27099348354881,2.996696039317866,2.0665919694628751e-25,1.9503405053907423,4.7510578009719815e-14,
ENSG00000047617.15,ANO2,49.0272136199379,2.994188179320692,3.1330068065970415e-22,1.698986360782778,1.7487239366641898e-11,
ENSG00000249790.3,AC092490.1,64.90733387245677,2.994041907362235,2.6947315572276657e-11,1.848831584276828,0.0004676694641318,
ENSG00000011083.9,SLC6A7,7.942212483756872,2.9933440466793195,1.905760483008305e-11,1.699752813917406,0.012329834321756,
ENSG00000230445.4,LRRC37A6P,27.669378657683534,2.990111106539936,3.935405345402388e-25,2.250970584676401,3.165946224370455e-11,
ENSG00000167332.9,OR51E2,5.370389250109445,2.9888999360509767,4.917058838022265e-13,3.485990901139036,4.8298110487036686e-06,
ENSG00000284543.1,LINC01226,43.35943204057121,2.985662707319499,1.5329406044357318e-26,1.636441895218406,4.925958705116059e-10,
ENSG00000176884.16,GRIN1,6.466622004546641,2.9855496496248426,6.758044506323544e-11,1.4019274671590158,0.0089286140207384,
ENSG00000175832.13,ETV4,899.4834698245608,2.9852973636678564,3.2423278199689797e-24,1.551603847345482,1.183160096204616e-07,
ENSG00000146410.12,MTFR2,66.26869980439282,2.984537812002656,1.0962784314832592e-48,2.538034893589085,3.631349239766585e-27,
ENSG00000161381.14,PLXDC1,252.50774195698145,2.9791995092067443,7.16193953531292e-51,2.4816340527885097,1.1320762813084667e-38,
ENSG00000177182.11,CLVS1,18.85364100912905,2.9741788739808346,8.432449936005684e-18,1.8560201078930871,1.2216922922373912e-08,Spermatogenesis
ENSG00000226673.2,LINC01108,15.40680728789397,2.971286723977757,4.01396462745755e-16,3.667264901508025,5.7060691481082264e-18,
ENSG00000007968.7,E2F2,114.27451189424644,2.970951505137447,1.318164052218952e-48,2.652460372576624,6.5325106040923206e-46,G2-M Checkpoint
ENSG00000105011.9,ASF1B,385.8666726119089,2.969698033112731,5.699572797570127e-55,2.409669655198209,1.326473359605282e-45,E2F Targets
ENSG00000135253.15,KCP,60.78273174887203,2.9690280672646066,2.1469789683966925e-25,1.499639881031026,1.2141929708980515e-09,
ENSG00000257883.1,AC125603.2,10.339357674007442,2.965267232592463,1.0353091290335472e-10,1.2817156237522211,0.0100567487666312,
ENSG00000128298.17,BAIAP2L2,569.4281326322781,2.964355161029179,1.4074455176412152e-30,2.0307170523234728,3.459382636989098e-16,
ENSG00000175946.8,KLHL38,6.44984973345759,2.963678403091291,1.5116754758241062e-11,1.698590330934278,0.0031215885566147,
ENSG00000089101.19,CFAP61,4.790714648792057,2.956815584860651,1.4007001964417625e-08,1.6737579217645298,0.0013572053877006,
ENSG00000262772.2,LINC01977,15.145247158552843,2.956804637398565,2.3084012535542927e-16,1.2738077200303453,0.0014694307408832,
ENSG00000051341.14,POLQ,118.19550222290364,2.9567859877990084,4.9880210377532315e-48,2.6154984256051943,1.4648358048746754e-40,G2-M Checkpoint
ENSG00000121152.10,NCAPH,268.39689073828055,2.953811404669535,3.859012900438798e-58,2.5935773516839085,4.570243342256665e-50,Spermatogenesis
ENSG00000166866.13,MYO1A,117.40880103174186,2.9516834013758224,2.295573051738019e-25,1.4736794974216074,2.236928499853576e-08,
ENSG00000182389.20,CACNB4,39.22812343007202,2.9501687140820536,1.3523739290653818e-21,1.5931190398189503,2.894705182595545e-07,
ENSG00000187013.4,LINC02875,26.19088418299455,2.948009224763087,6.88030541327746e-37,2.583880080490097,9.303517186766735e-23,
ENSG00000176920.13,FUT2,114.74231637887203,2.9430171984373223,7.072577111580186e-24,1.5191960205524402,6.30341443825067e-11,
ENSG00000203706.8,SERTAD4-AS1,20.342784369847266,2.938020844071319,1.3516774436947928e-17,1.613861692759167,4.34440262511789e-07,
ENSG00000171243.8,SOSTDC1,25.31348768638963,2.935981775672773,2.222264923217316e-13,1.3351765901071742,0.0004872921664272,
ENSG00000128408.9,RIBC2,53.49290852194739,2.934118546973723,2.862131962151852e-27,1.9001581084515504,9.707249912353172e-12,
ENSG00000053524.12,MCF2L2,42.558408115994105,2.932379667929008,8.91098608356688e-19,1.7746967782371446,5.890121315357426e-10,
ENSG00000178623.12,GPR35,216.57921976709497,2.9322468214396404,5.620975642643579e-22,1.2452690306617074,4.860942385444588e-06,
ENSG00000186868.16,MAPT,315.23024312707065,2.932106728049817,3.3832118725032844e-42,2.748137349618757,2.562934646418724e-36,
ENSG00000106483.12,SFRP4,225.38838068039288,2.931975295356535,8.225036538168463e-24,1.968510922978531,9.49345549251049e-11,
ENSG00000197106.7,SLC6A17,6.980379780200396,2.930491037521468,7.623030900757811e-09,1.941106581113274,9.187178703298412e-06,
ENSG00000158887.19,MPZ,666.1893216911551,2.930045140199509,1.3687670716099184e-21,1.1145649871021173,1.613236343927883e-05,
ENSG00000265683.1,SYPL1P2,4.027418144801197,2.9299863339977428,5.291556560503475e-15,2.4765244829034527,7.451386459017275e-05,
ENSG00000170819.5,BFSP2,11.058085087152374,2.927318618765902,1.158672893330282e-15,2.224468217892531,8.12038526450175e-06,
ENSG00000187621.15,TCL6,15.104501866730104,2.926674872726384,4.936047664812425e-12,1.6347403318378593,0.0005127107160511,
ENSG00000280079.1,AC011447.7,24.268650151541333,2.9212282460700463,3.327113515333822e-21,1.814899210692325,1.0049719701561848e-08,
ENSG00000179284.5,DAND5,6.828836357309023,2.91984637231022,2.4384936235564913e-16,2.369797889924295,5.90169450419277e-10,
ENSG00000236751.2,LINC01186,30.61195699432576,2.918056546981888,8.215467612337341e-23,2.649541108320372,3.7852708256210453e-13,
ENSG00000182366.10,FAM87A,8.526272732759526,2.915571781676411,8.36794416956547e-13,1.439212344260639,0.0051111563773703,
ENSG00000254481.1,PTP4A2P2,6.143421303588048,2.910853056484765,3.092271772547675e-23,3.110301170296505,9.620365248754709e-23,
ENSG00000255325.2,AC108136.1,8.478895281333749,2.908038150559274,1.035062435916042e-11,2.3927095384626567,0.000706408151981,
ENSG00000112379.9,ARFGEF3,365.01646098036986,2.9066831662363644,7.823705513551793e-22,1.0338016997479276,0.0003098628634752,
ENSG00000162366.8,PDZK1IP1,2672.852461130783,2.9061841049538057,1.787116867297093e-15,1.6546060046936848,1.772387537422088e-06,
ENSG00000265688.2,MAFG-DT,110.32620995082968,2.9037358624229004,2.9608518706393036e-38,2.060926407774155,2.4324683279692913e-18,
ENSG00000182667.14,NTM,88.3681633815778,2.897641675452301,7.015214711573317e-18,1.53336178979376,5.575490201167345e-06,
ENSG00000092853.14,CLSPN,138.18916970380332,2.896097474574465,9.416345652432096e-45,2.723299736849756,1.7492074032346126e-41,
ENSG00000138795.10,LEF1,273.27829467113423,2.8960583417759884,2.3324441458525364e-30,2.302294319486873,1.5690908920138842e-15,Wnt-beta Catenin Signaling
ENSG00000085840.13,ORC1,164.5423135148691,2.8925164796936818,6.422861157717869e-51,2.780305254567871,9.151649412566817e-51,
ENSG00000245614.4,DDX11-AS1,18.136552615299404,2.890361497367244,2.674216736365576e-38,2.4165518796322867,5.562735926867578e-26,
ENSG00000213468.7,FIRRE,28.708922857755617,2.8902735724588915,1.8437591575512424e-22,1.662476400342905,1.9486802396162806e-07,
ENSG00000130300.9,PLVAP,4376.179927808274,2.889985439738013,9.649067659710077e-94,2.9029137743660507,4.365539758253328e-70,
ENSG00000105290.13,APLP1,155.99591524912347,2.885163195181806,1.1730983348587757e-17,1.285395489165149,3.780217046827515e-06,
ENSG00000160284.15,SPATC1L,242.9038986658076,2.884186333760534,5.947790090305391e-36,1.886639087500496,3.7356222875059077e-14,
ENSG00000155980.13,KIF5A,11.156197422091273,2.883649642885306,4.726360625740593e-15,1.657220570994283,2.7801612514108017e-05,
ENSG00000147614.4,ATP6V0D2,24.332995365012582,2.8817104678330168,1.0033159515987185e-12,1.6296643915827145,4.751179328623166e-05,
ENSG00000130821.17,SLC6A8,1304.5152003795192,2.8810307173887506,3.857018394215924e-24,1.5156339028933357,2.0700808973703627e-08,
ENSG00000118557.16,PMFBP1,41.20636502776948,2.878527715383093,1.2162983919260024e-31,1.3151292534639438,1.265343603246582e-07,
ENSG00000177173.5,NAP1L4P1,32.928847983655984,2.8769316155587474,3.2468726660642377e-22,1.5114456807032115,7.481219963608541e-06,
ENSG00000196584.3,XRCC2,101.59181297850886,2.876323524063768,7.080599884307569e-50,2.560425782724474,7.518644854726582e-37,
ENSG00000112852.7,PCDHB2,32.7919438634209,2.87231362455026,2.700362483550298e-16,1.3898801268322252,1.7837136478101266e-05,
ENSG00000237686.7,AL109615.3,46.418545145566846,2.870148039900672,6.5088072303109745e-25,2.147173263833555,1.2303971811840558e-09,
ENSG00000103253.19,HAGHL,98.30585047396777,2.863810470169689,7.238138917715293e-27,1.5695601666000991,7.366499125741307e-08,
ENSG00000206120.11,EGFEM1P,9.38099445729162,2.8630850778518884,1.5000934327866535e-09,1.5984113857261013,0.0461114807473846,
ENSG00000231563.2,AL139288.1,3.9613979076717536,2.862629205546243,6.069795530298925e-11,2.3618981406304047,0.000286233111247,
ENSG00000275713.2,H2BC9,8.749153865588049,2.8589628744904187,6.464124329273205e-13,1.5979679329487726,0.0004974873925021,
ENSG00000105997.22,HOXA3,91.16096449230544,2.8547684607591504,3.797193607659101e-23,1.081830093421536,0.0001174397994539,
ENSG00000234380.2,LINC01426,121.02263045766313,2.854210060450998,2.297546703496497e-23,1.7640999406747695,1.8335133738665622e-09,
ENSG00000169855.20,ROBO1,2874.0420059752405,2.8519882976451774,1.1693234150791863e-38,2.2574366098531806,8.429155948511167e-27,
ENSG00000266602.2,AP005262.1,55.30992829616864,2.850529213421741,2.4295019748324237e-12,1.746233355683926,0.0003354442285211,
ENSG00000172020.13,GAP43,9.638604330555983,2.8473603783788657,5.067569104173284e-12,1.6238813069885114,0.0010149611324836,
ENSG00000183091.19,NEB,840.2751480809658,2.843909251769322,3.7840994623775013e-22,1.6192304016390202,3.424848720371284e-09,
ENSG00000073067.14,CYP2W1,17.284346992101966,2.839448769339612,2.587436417225613e-16,1.4847032788665095,1.6518231535282924e-05,
ENSG00000275223.1,AL121906.2,19.80406198461776,2.8315130468531744,5.628946661213962e-33,2.3356015918834627,7.052989965702891e-17,
ENSG00000185633.10,NDUFA4L2,1155.6054792597995,2.829946513754302,8.132376869697069e-44,2.230652284188372,9.487026594997274e-45,
ENSG00000273983.1,H3C8,9.662877370486267,2.828482853788909,1.220702744294617e-09,2.4009759428932744,0.0131434242225531,
ENSG00000086991.13,NOX4,59.35639957654883,2.8264842842487017,1.930789618064013e-51,2.904849680200823,5.08648920989653e-53,
ENSG00000091651.9,ORC6,135.0747590925792,2.8254084492826306,2.842387097290368e-48,2.2764988717026333,2.4286921017263254e-29,E2F Targets; G2-M Checkpoint
ENSG00000186193.9,SAPCD2,83.7430318998182,2.8247978504962727,7.399263233227232e-30,1.7209994168593703,2.280777376826471e-13,
ENSG00000214290.8,COLCA2,95.64632692713116,2.82388651079083,9.811747921535931e-31,1.5589120916749852,2.335044547482184e-10,
ENSG00000240204.3,SMKR1,15.252810053770864,2.823678955898567,1.2886669085723997e-15,1.876702671366749,1.07279758235919e-07,
ENSG00000179772.8,FOXS1,104.82397498990876,2.823356423581281,4.4205316007472746e-35,2.5733841832894844,1.0930111810313162e-22,
ENSG00000280924.1,LINC00628,5.216357829521316,2.8200028431600392,3.320864328322884e-16,2.679307411952915,2.71448924411501e-10,
ENSG00000131055.5,COX4I2,92.74247986646056,2.814789992537289,1.0575069675566169e-43,2.954992777290109,3.880375097813916e-43,
ENSG00000131097.7,HIGD1B,31.973599857645844,2.8120201029860943,4.9484209688054174e-54,3.096054315825709,1.67473240969362e-39,
ENSG00000227857.2,AL358075.2,3.937708046136324,2.811863003609921,7.606768284495755e-13,2.826129555256073,2.3429275924901923e-08,
ENSG00000113763.12,UNC5A,23.349176896781582,2.8111813766005382,5.01308279019939e-14,1.7605768776637851,1.916423651660191e-09,
ENSG00000182010.11,RTKN2,70.40580756493056,2.809783853431582,7.608416396132247e-30,2.206821392449258,4.0677878423913557e-16,
ENSG00000270933.1,AC010719.1,62.863359216761935,2.803803036653263,3.291897433661569e-44,2.21831513262003,3.910237161447691e-18,
ENSG00000102287.19,GABRE,815.7997914902817,2.803383632445594,8.538632779980704e-32,1.3154907829009714,8.233006889082908e-08,
ENSG00000183763.9,TRAIP,160.93807976047142,2.8005436211654198,6.111433857814054e-61,2.320049684579632,1.6774332695645565e-44,G2-M Checkpoint
ENSG00000265750.1,AC090772.3,10.092677277570434,2.798628492864574,6.638617675294465e-14,1.4676209829217366,0.0003122383604728,
ENSG00000196196.3,HRCT1,397.7045925920123,2.795620574259272,2.0965939210388793e-24,1.9280181713900224,7.064210397920398e-21,
ENSG00000117600.12,PLPPR4,25.39492309657628,2.7950020758919423,2.1486562911168164e-19,2.318461723994667,1.126787154685715e-11,
ENSG00000223806.8,LINC00114,6.634639522322926,2.794660245686793,1.2404523305804102e-10,2.2293187061726853,0.0001329775538949,
ENSG00000164266.11,SPINK1,15399.210228699416,2.786596728274322,5.17487262502947e-12,1.8553374580692916,6.307914310768061e-07,
ENSG00000107807.13,TLX1,147.2353786345198,2.784777986560074,1.817318353668129e-25,1.6220447748600964,5.716063047469598e-08,
ENSG00000263412.1,NFE2L1-DT,25.975921777510717,2.784341317529828,4.687366983521544e-42,2.2028219967442144,1.0906870415028593e-23,
ENSG00000091128.13,LAMB4,8.849880564009272,2.7838465623624997,4.219230503436046e-12,1.3863371129241424,1.4681401684517468e-08,
ENSG00000204044.6,SLC12A5-AS1,5.935370070936594,2.783381140082553,1.8693417122779456e-11,1.804837151537329,0.0026484214315581,
ENSG00000255624.3,C10orf88B,9.602996700651303,2.782790248304237,5.82674383715204e-17,1.9938205395631856,1.0631300502358023e-07,
ENSG00000279199.1,AC068669.1,4.55658425664188,2.780786672834652,3.8469249773896306e-15,1.8558029770354216,0.0001054772209178,
ENSG00000227440.1,ATP5MC1P4,7.695819331844818,2.780012916008109,1.0384317876320888e-17,2.0425159391594536,3.6275709096083576e-08,
ENSG00000115596.4,WNT6,11.844143555528348,2.7795948211065484,2.964752356425613e-08,1.0346528377038178,2.9124147286763733e-05,Wnt-beta Catenin Signaling
ENSG00000074410.14,CA12,1079.2953109736698,2.778998428342348,1.4070147614814961e-14,1.8368362546658763,1.234169112370781e-07,
ENSG00000183196.10,CHST6,9.195966046205791,2.775679728039319,2.023392601893505e-13,1.811095653846741,6.613329031504929e-06,
ENSG00000246334.2,PRR7-AS1,6.937613530331824,2.772239346538103,1.7506522534121852e-17,2.239261893498637,2.49625240239264e-09,
ENSG00000249715.12,FER1L5,9.403986999720026,2.7720904213583326,3.1564994683605053e-14,1.502125975457788,8.37014145063407e-06,
ENSG00000278952.1,AP003068.4,44.31897997108887,2.7631377872826364,1.202851640645484e-22,2.4597593420579105,8.114296512209308e-13,
ENSG00000166863.13,TAC3,6.464402548211204,2.758273554992201,8.90817428021191e-08,1.3319697619097122,0.0167975851003278,
ENSG00000203697.12,CAPN8,51.9933076564875,2.756667580427411,3.152082696436031e-13,1.24205370146071,2.0843296966850812e-08,
ENSG00000228203.7,GRASLND,15.15514335118032,2.7561623706503675,1.811921862139107e-12,1.0966160513948058,0.0003046369579419,
ENSG00000284946.1,AC068831.6,17.39775810020763,2.753332317614324,3.2426550711054194e-26,2.0015810787149304,4.586449146134855e-12,
ENSG00000164176.13,EDIL3,252.79878468997003,2.753134366745968,2.877753375891842e-31,2.5311771439295456,2.32371862925249e-39,
ENSG00000250348.1,AC113404.1,6.213109007000455,2.7510287652256467,1.9353720657857922e-10,1.2535296495616866,0.049492456803704,
ENSG00000162062.15,TEDC2,204.06263355066076,2.7469260256403145,1.0120058117685297e-49,2.470346320046344,1.2908137582811215e-36,
ENSG00000213347.10,MXD3,416.5656128238125,2.742988476872537,2.1979776484676507e-78,2.179383799794937,6.121252546163572e-47,E2F Targets
ENSG00000137310.12,TCF19,754.6417849810101,2.742702657952712,2.998421386210237e-55,2.37785159726478,1.977835571206321e-46,E2F Targets
ENSG00000285763.1,AL358777.3,9.33134698783194,2.7426313749736506,6.0464651630585685e-25,1.9598243534068172,1.337022863701901e-10,
ENSG00000268658.5,LINC00664,8.132090002849932,2.739318229057369,1.505061709461156e-12,1.6472349634760086,0.0002513352438287,
ENSG00000260442.5,ATP2A1-AS1,4.362494314781026,2.738135612134068,7.234793654896243e-14,2.483990295636393,8.462088141807826e-08,
ENSG00000196460.14,RFX8,19.06284200898783,2.735920342013972,3.951766758530993e-33,2.161029502065535,6.949724529672886e-17,
ENSG00000134668.12,SPOCD1,22.015732015235383,2.733869601112929,1.3156823430564938e-17,1.2491431679219254,5.277912749155579e-05,
ENSG00000100739.11,BDKRB1,19.513519238453785,2.733520318164591,2.486931962580386e-16,2.3510077045165945,2.390223742667942e-12,
ENSG00000281398.4,SNHG4,125.00450793852936,2.732799916981437,1.0276616432755667e-39,1.9323624728297384,3.766069083934415e-19,
ENSG00000183850.14,ZNF730,5.855360313948176,2.732085905884868,7.028385545108021e-10,1.6148603616884858,0.0098305499725038,
ENSG00000174939.11,ASPHD1,295.5874668660447,2.729971225926485,9.431208428555071e-16,1.53319746775053,5.457728049684797e-06,
ENSG00000232677.9,LINC00665,378.2508641564352,2.7279544052271936,6.963002691069421e-25,1.722541179517164,1.7657573738251406e-11,
ENSG00000281333.2,AC024941.2,5.054245344880954,2.7222149275856915,4.212165452156578e-12,1.4519179009783996,0.0009690874458199,
ENSG00000147485.13,PXDNL,19.705278431469143,2.7209027342407186,6.470205305533268e-26,2.72956143086372,1.7372930037479114e-24,
ENSG00000140451.13,PIF1,118.7259844999309,2.718376507104766,3.3970935928388473e-43,1.971096034039663,6.019052676347599e-27,Mitotic Spindle
ENSG00000088992.18,TESC,1248.2555039726392,2.716801000513146,3.7159291163339195e-18,1.247233083584692,4.400037769979433e-06,
ENSG00000196550.10,FAM72A,19.718693059443925,2.714573473096273,8.166046069038822e-31,2.512087450754402,8.030870843927657e-18,
ENSG00000101003.10,GINS1,366.7238070462177,2.708780205889578,2.875495163506145e-48,2.2560826118909696,3.90613259543877e-35,E2F Targets
ENSG00000238062.6,SPATA3-AS1,5.553545395073314,2.706856346667211,6.730881282298845e-13,1.5718288294790663,0.0009444670553165,
ENSG00000170323.9,FABP4,445.3908561473939,2.7067197176608424,2.75499658717944e-15,1.2001462970123007,7.397324182323062e-05,
ENSG00000160957.14,RECQL4,783.1225872588026,2.703115857891274,6.291571000233734e-49,1.9784208019453484,1.7232367249642167e-46,
ENSG00000233922.3,LINC01694,14.06046290557578,2.702028123124224,4.707340292017016e-09,1.0590203303085814,0.0036219851272079,
ENSG00000272417.1,AC034229.4,4.795508697314899,2.699302898020913,6.329659875017241e-16,2.177300574251027,4.8328528628302765e-09,
ENSG00000255152.8,MSH5-SAPCD1,11.937041288006078,2.696770934181168,2.420866740149514e-24,1.8959964206600315,2.1700145125527886e-06,
ENSG00000242428.6,CFAP20DC-AS1,3.998604163640725,2.694653546448537,3.3403921807420965e-10,2.8404833218213104,7.076512948153026e-07,
ENSG00000267905.5,AC008750.2,3.926653373640207,2.6907172302386284,1.9503160408082304e-10,1.7773117242261054,0.0110120744079996,
ENSG00000125462.19,MIR9-1HG,51.76238428842504,2.687856398213443,6.3307087445177465e-24,1.9924605054101336,1.3951554531466814e-13,
ENSG00000177602.5,HASPIN,30.70289723455305,2.6864814420230143,2.4038598431365105e-36,2.336317265303412,1.6812237615728738e-24,
ENSG00000228623.6,ZNF883,6.147455310987693,2.685053605332737,2.931341294824723e-11,1.579778370568539,0.0040931240827726,
ENSG00000152583.12,SPARCL1,6593.361507690853,2.682754007238324,1.7355528215265246e-22,1.7541814289680462,9.90546213676023e-15,
ENSG00000173894.11,CBX2,223.79284354405425,2.682292656251608,2.323852051884017e-38,2.0397426789405952,5.2011872304023356e-24,
ENSG00000228727.9,SAPCD1,11.497637824617316,2.676997480733692,4.2730075714949375e-24,1.5291976422950586,1.6356378910080867e-05,
ENSG00000166578.10,IQCD,60.01190815370518,2.6751151517189884,1.0555138689777272e-28,1.8480329487968656,3.243250693205238e-15,
ENSG00000248265.2,FLJ12825,5.192143238889298,2.6743350960203065,6.304740923991668e-12,1.7910949467271478,0.0025436308992603,
ENSG00000229676.3,ZNF492,8.797137985289783,2.6741530103206146,1.455455259992251e-10,1.141946860148468,0.0126008686642247,
ENSG00000167210.17,LOXHD1,7.304384976452058,2.6740246302283177,3.3939142999877837e-16,2.589414861688764,2.1189234092275084e-11,
ENSG00000087586.18,AURKA,796.5329458218653,2.6663878908456216,2.420899551266731e-61,2.2470317563333637,5.457367535365047e-39,E2F Targets; G2-M Checkpoint; Mitotic Spindle; Spermatogenesis
ENSG00000283473.4,FAM240A,6.8643277797446585,2.666237493796542,3.7586144325478574e-08,1.6002760106541634,0.0136837298811556,
ENSG00000135119.15,RNFT2,85.1510386502777,2.6612486679515985,1.6604561799439962e-34,1.8958451957535745,6.938631240940831e-28,
ENSG00000178773.15,CPNE7,135.8879951332464,2.655687122816317,5.4735161020673314e-18,1.0486226461093255,0.0007374531820784,
ENSG00000256673.1,AC141557.1,7.731907608783171,2.6549055547945675,6.754365736613476e-16,1.4932411140129511,0.0003745930751055,
ENSG00000233718.8,MYCNOS,5.924242016135409,2.6542514665170747,2.496645687920448e-09,2.1828224417740696,0.0181055261237284,
ENSG00000271781.1,AC026740.1,40.17238019272389,2.6526584085436,3.1339520837600523e-23,1.3700936624910227,6.126927069317888e-09,
ENSG00000114270.17,COL7A1,800.2749065227164,2.64679634346765,2.201602670568384e-26,1.417322856155509,2.222318399890313e-08,
ENSG00000178752.16,ERFE,62.7209374958322,2.6465681012169013,5.624768492731723e-33,2.1972474026345874,4.771028865887995e-25,
ENSG00000188613.7,NANOS1,65.47188999438461,2.6422852477898333,6.7190181255907565e-25,1.6083701997423951,2.4208365974937086e-10,
ENSG00000272872.1,AP000525.1,6.559661353935992,2.6417004775095347,4.045943080517943e-13,2.878623142688789,5.414092960144417e-07,
ENSG00000213886.4,UBD,4.167720571502515,2.641506514359441,4.5619896564094e-12,2.378584897385131,3.7487603027964405e-05,
ENSG00000139364.10,TMEM132B,15.019424097754415,2.6406670949699684,7.78541138327479e-09,1.2321197420861532,3.335585790859082e-05,
ENSG00000274270.1,AL137060.3,8.125148073123913,2.639364567099678,6.148067609806581e-25,2.2717772438202704,1.835262071580849e-14,
ENSG00000167968.13,DNASE1L2,35.13310693717591,2.633520257641439,7.108235810494931e-21,1.4487333583527136,1.9244414255616675e-06,
ENSG00000185480.12,PARPBP,83.73212478821883,2.6323210610935366,2.5297129664239644e-48,2.251536695266586,5.908246937833143e-34,
ENSG00000135773.13,CAPN9,16.793087857883332,2.631200258560924,4.356242936887781e-15,1.8741410987563396,1.1038798450887397e-07,
ENSG00000245662.4,LINC02211,8.696113938072806,2.620628880954046,1.4198800181965622e-07,2.020355007122093,0.0031485966755619,
ENSG00000225697.13,SLC26A6,1000.968657289116,2.6193108526196527,2.1796552812565333e-77,2.203209244509966,1.313755624620558e-69,
ENSG00000129990.15,SYT5,11.506953104530552,2.616829957328391,3.186253988320153e-10,1.3385571528690443,0.000307613180187,
ENSG00000128578.10,STRIP2,97.61410392720158,2.616447466960208,5.776319433556675e-29,2.0273670503640946,9.06346073139552e-19,
ENSG00000130054.5,FAM155B,73.7800942927023,2.616440011250382,4.341201654260297e-16,1.570206578697957,1.027983789282822e-05,
ENSG00000186510.12,CLCNKA,37.92957989067923,2.612592506535066,2.2631819254128457e-16,1.901606072091207,4.816766397604937e-09,
ENSG00000100302.7,RASD2,61.47408244098308,2.6097117419448983,1.9293289882271435e-46,2.798767877861679,8.604493718816467e-46,
ENSG00000269246.1,AC011445.1,20.496952638828876,2.609555149099581,2.2143509465812743e-19,1.2914204230195567,9.288363272195858e-07,
ENSG00000273162.1,AL133215.2,6.695171243806461,2.6073610344043554,5.341060620899861e-17,1.9588622547145564,7.762950193752785e-11,
ENSG00000123219.13,CENPK,111.3851433890499,2.6073451770361293,8.717284944732445e-44,2.318328642004455,9.285116658801783e-35,
ENSG00000138587.6,MNS1,201.44304190046503,2.603450580993546,1.9182868980535865e-19,1.0411179832702129,0.0001285122943335,
ENSG00000146054.18,TRIM7,39.39463817572624,2.6034188825743323,5.3417206118156975e-25,1.674323827034517,5.127995984730611e-10,
ENSG00000172031.7,EPHX4,13.11785663139086,2.601742359970032,2.7885010815980056e-20,2.6186583679318383,1.0209240808811318e-14,
ENSG00000158406.5,H4C8,168.6635010825975,2.597312590863814,2.969634384797038e-28,2.1801370491200136,4.627853500071931e-22,
ENSG00000286797.1,AC009315.1,9.50458376408265,2.5967282972736365,1.7003488302962556e-08,1.1617915484192949,0.0302929708971504,
ENSG00000168268.11,NT5DC2,950.5493066055924,2.5952094197087177,1.3870373054076578e-35,2.0640552307676856,1.0812127965163459e-35,
ENSG00000160211.19,G6PD,1743.51577642472,2.5900455261180277,1.6209309327019618e-32,1.436595552705993,2.561271311755965e-13,
ENSG00000173727.12,AP000769.1,106.41144106784355,2.5896005170941483,4.845139535715645e-22,1.6931199382550672,1.86014947066403e-14,
ENSG00000261192.1,RNF126P1,8.329001884176217,2.589332644740297,4.0886863435479057e-14,2.198403010986701,9.059533960496518e-08,
ENSG00000185046.18,ANKS1B,60.25388357159917,2.5851686620541336,5.719408052298991e-17,1.344113729372376,8.06001911186742e-06,
ENSG00000196611.5,MMP1,59.37760631634141,2.5830525473354924,1.1348901747000626e-10,1.34002980075161,3.575792629649692e-05,
ENSG00000169258.7,GPRIN1,149.5988934197793,2.5812310971515418,2.2712059339384003e-37,2.3506335360853465,5.927584591023404e-19,
ENSG00000103888.17,CEMIP,213.3482053880608,2.5690918531935307,5.476344961626261e-18,1.5158675556259875,7.302739500623583e-08,
ENSG00000203760.9,CENPW,260.8671783108552,2.5631499109436766,4.307855215019294e-48,1.8050177820513136,9.462850956210509e-37,
ENSG00000189057.11,FAM111B,309.78806091445523,2.5613412863091973,3.023059055384987e-37,3.095940494009317,1.7209767090668614e-38,
ENSG00000231274.5,SBK3,8.954335173198563,2.560558533964158,8.102093534874165e-09,2.2688313080005917,5.2784703889012616e-05,
ENSG00000159259.8,CHAF1B,258.3480319821139,2.554506048253968,1.5164155614912176e-40,1.888738081132244,2.6596718180456842e-24,
ENSG00000154678.18,PDE1C,32.000511471104645,2.553861143872321,4.156031168026021e-17,2.017512855937045,4.187665285606143e-15,
ENSG00000269894.1,AC018809.1,8.07131575940606,2.5516151569113426,5.430885565508078e-22,1.8363035507964836,1.1400697651754629e-06,
ENSG00000147509.14,RGS20,8.13917735311327,2.550791730226718,3.400853344941294e-13,2.238816217365431,1.4019113359247278e-07,
ENSG00000272906.1,AL353708.3,10.577999202288034,2.550256700153003,1.128598407420916e-24,1.8277621556457548,7.722272082205072e-10,
ENSG00000141576.16,RNF157,393.5030145400302,2.549394210747858,1.4841356168164589e-28,1.758631999948758,2.458401759384457e-13,
ENSG00000130032.17,PRRG3,13.270680517241887,2.5484861743764577,1.9219143538650362e-24,2.2643262227834127,1.693127643283557e-19,
ENSG00000273628.1,AL354798.1,9.541268031141296,2.5481564084327024,9.084037213192104e-11,1.751233784182223,0.0024647381373635,
ENSG00000105642.15,KCNN1,16.741363054721514,2.540264070000222,8.527328993140795e-16,2.162966716789576,3.208149458595803e-11,
ENSG00000116675.16,DNAJC6,205.89193762976464,2.5400458385446747,4.400803159304724e-34,2.345137559218764,5.9640481951384835e-24,
ENSG00000184489.12,PTP4A3,1231.5559114652135,2.540003145512102,9.188793536628382e-32,1.978883993129796,2.4093733222612205e-18,
ENSG00000137825.11,ITPKA,370.8044649518735,2.537445188294405,3.3063116362592675e-29,1.7227974448917895,2.3414517919720163e-13,
ENSG00000075702.18,WDR62,291.98476932578365,2.535303921345001,6.910785672034903e-47,2.065387181767915,1.0622124325140325e-52,
ENSG00000149403.13,GRIK4,35.03706710723554,2.534994220296064,9.20576898377355e-14,1.496528262431256,2.8269840130245933e-06,
ENSG00000245812.3,LINC02202,7.477505086719771,2.529898483558236,5.3601693998245966e-20,2.557773646411185,1.2043517498081776e-13,
ENSG00000285875.1,AL035446.2,6.22359293292861,2.5291666962955413,6.989035920589497e-08,1.089175529628898,0.0352822876173815,
ENSG00000159409.15,CELF3,4.33058814498448,2.528482339793752,2.0869438837366693e-12,1.933374348473731,1.7689144030521067e-07,
ENSG00000267128.2,RNF157-AS1,29.02881682802581,2.527484864388139,5.456936165031908e-15,1.1514694234862208,0.0003575016204119,
ENSG00000198826.11,ARHGAP11A,268.6706888699175,2.5270583223007943,3.6019942724169175e-50,2.188027771985272,5.7475934949422285e-47,
ENSG00000269421.1,AC011503.3,3.7244075662952594,2.5268034614300587,1.220372577413852e-09,2.6184285701701127,0.0001057804553979,
ENSG00000186051.7,TAL2,6.749090690994987,2.5261092438870354,9.272261137228756e-15,2.7043881167971016,2.0216294348445885e-12,
ENSG00000154096.14,THY1,1532.6201640042573,2.525731980326796,6.487061034065527e-53,2.671119250454395,3.5752876095497865e-39,
ENSG00000253771.6,TPTE2P1,25.924598754304263,2.521264422317507,7.42493201664863e-14,1.589910882871855,2.3150397879556315e-05,
ENSG00000264548.1,AC132872.2,6.693774508276054,2.520419825436583,1.2059504301322866e-18,2.2158250118177096,1.260188310486402e-11,
ENSG00000273002.1,AL355388.1,9.418799662229423,2.516420214775984,5.5321777763858034e-17,1.900136739174546,8.479903743956261e-07,
ENSG00000176092.16,CRYBG2,144.71270230926763,2.5139504224786413,1.2582252007724312e-29,2.5994912572877373,8.1300189845487495e-22,
ENSG00000278876.1,AC145207.9,15.579987471599017,2.513701695733208,1.1003753356687108e-28,1.9284726689396177,4.334198612110633e-10,
ENSG00000251598.2,AC093916.1,5.979896558873612,2.512965902991062,4.3616450780915815e-08,1.872641704490316,0.0260989804817487,
ENSG00000186458.5,DEFB132,56.54017823814205,2.5108420787296604,2.108489648484237e-07,1.2204862129793486,0.0014084379551287,
ENSG00000284708.1,AL031731.1,7.752439631416326,2.5093319984631943,2.8824910718009906e-13,1.4255955344045157,0.0005119676459323,
ENSG00000143061.18,IGSF3,631.0938453128705,2.5093151348383764,9.627206937878736e-28,2.207027653763981,1.9579230146170823e-20,
ENSG00000233154.6,LINC01762,8.335867634882582,2.5091599379027576,7.56897864250444e-16,1.7551928797333658,6.115273578974137e-07,
ENSG00000112183.15,RBM24,254.89469507122757,2.5073811434351065,3.9102463169948217e-25,1.937939386092766,9.862994394131049e-14,
ENSG00000158008.10,EXTL1,11.466371789074811,2.504662857298124,4.2217347145007e-14,1.7930864620134022,1.3292423597919178e-07,
ENSG00000169783.13,LINGO1,330.52210849421965,2.5013602031415854,2.5525274478583267e-21,1.4510423579172689,1.413543449233389e-09,
ENSG00000068489.13,PRR11,360.7071382031824,2.5004250894946827,1.186524531897033e-40,1.982467599141394,6.6125230268354855e-46,
ENSG00000233791.5,LINC01136,9.892205016758584,2.4934478118081804,7.164445080733135e-16,2.297776032184714,1.850673119230757e-11,
ENSG00000144452.15,ABCA12,6.943231050132787,2.4902324298900638,0.0001098864743239,1.4862045935819037,0.0018791882846461,
ENSG00000185666.15,SYN3,59.900363984005565,2.484139436961194,6.2263490878165624e-24,1.4029844696229397,9.208427850573879e-11,
ENSG00000261821.2,AC090826.1,5.118702678715636,2.483624434868723,4.338711843180414e-12,1.4281212912576793,0.0028109738983847,
ENSG00000114646.10,CSPG5,63.41156828354076,2.4828359269999263,5.231589659879125e-28,2.0258787589438043,2.9863364830649114e-24,
ENSG00000183150.8,GPR19,20.96293988616432,2.4818579849601976,7.899785901427302e-27,2.0015976197171264,6.3694767894770185e-15,
ENSG00000185674.9,LYG2,6.060214242436462,2.4813276578761507,1.0080546091162969e-11,1.9329062138453368,9.67560910820996e-07,
ENSG00000234156.3,AL359636.2,9.369655447486815,2.476866489726796,1.9466849442160773e-12,2.509809496690873,1.671803536748188e-09,
ENSG00000268403.2,AC132192.2,29.547945620656016,2.4744914116821133,4.7611162557074375e-40,1.6110721566705606,6.445311206924652e-15,
ENSG00000182308.7,DCAF4L1,17.01070066827541,2.472896019801466,9.079376037196757e-18,1.529291665316383,1.4216358551364258e-08,
ENSG00000088538.13,DOCK3,20.245593448367217,2.4718135228309395,2.134425742288773e-19,1.6713046456722256,2.8542028339850654e-09,
ENSG00000243230.1,AC011005.4,8.224320136431674,2.4705923491022825,1.0951677410512626e-17,2.033654064356556,1.6070703345988886e-07,
ENSG00000116017.11,ARID3A,777.3421859506569,2.4699427041802986,9.991319859829856e-24,1.0552253163485614,8.447091805512488e-09,
ENSG00000140297.13,GCNT3,321.4713603604513,2.469109937797336,1.470126692487815e-18,1.224157248337589,9.629725774131618e-05,
ENSG00000203279.4,AL590705.1,10.799350159957804,2.468600274468421,1.837276994334911e-14,1.2812377166481617,0.0008957317477481,
ENSG00000260386.6,LDC1P,5.596593568410689,2.467062611912878,3.799351851884468e-10,1.3319223738788104,0.0158113258342713,
ENSG00000253302.1,STAU2-AS1,7.534923792011138,2.463889765554106,3.5150433105437874e-18,2.578015148949381,1.1409510655318564e-12,
ENSG00000250337.7,PURPL,83.7228168234976,2.456442873078918,1.5890078110493605e-14,1.5319553623747326,8.273413499566451e-06,
ENSG00000137273.6,FOXF2,17.7679534254304,2.4543621712406565,1.3662223770012947e-11,1.8383257354868616,1.9689423946118627e-08,
ENSG00000176933.5,TOB2P1,26.528653593918406,2.454208233991485,3.0465860438103796e-28,2.134094162987081,1.5565932025318584e-19,
ENSG00000259772.6,AC012236.1,72.60108294217173,2.45318027943538,3.877029387200774e-19,1.0518131358210758,0.0002139452233923,
ENSG00000006118.15,TMEM132A,547.6554575527692,2.446302182414279,9.085929057261144e-26,1.412264873283044,1.2044122804045387e-09,
ENSG00000177508.12,IRX3,215.5576462243203,2.445821718037345,3.324080820282267e-17,1.3148561385954305,2.891688497475464e-06,
ENSG00000268119.6,AC010615.2,27.4912521587231,2.44363799127532,1.1880156079020524e-14,1.1759234988534304,3.901559310970765e-05,
ENSG00000121454.6,LHX4,30.82056945998908,2.443622819808406,8.947297566565129e-30,2.007937113455829,1.2439810791824452e-18,
ENSG00000101342.10,TLDC2,44.724725596987845,2.442628518689621,8.445044892656529e-26,1.773517021777054,1.5797646484554264e-12,
ENSG00000175445.17,LPL,158.19235749856773,2.4424791749995576,3.0136238454296197e-25,2.425877926206654,3.5257596488490835e-24,
ENSG00000228109.1,MELTF-AS1,27.140212087426622,2.436823148859838,1.6300309931235241e-24,1.2258635522563184,2.653996155282005e-07,
ENSG00000269043.2,AC008554.1,9.878726299657991,2.43651110961511,2.3181555144490985e-07,1.402242429274542,0.0082196033781551,
ENSG00000235098.8,ANKRD65,328.0529482596749,2.436174157492515,6.02643034209928e-18,1.0746849072999096,2.9414029176238035e-05,
ENSG00000249626.1,AC024560.2,12.594516604943683,2.436102575782739,1.4377411347369625e-17,1.6372130015781978,7.742865940472803e-06,
ENSG00000122952.17,ZWINT,710.8313898233471,2.435826704705556,5.1043776567840974e-49,2.100931352782338,1.7212831375726424e-36,
ENSG00000214725.9,CDIPTOSP,7.687681539850335,2.430664779755567,1.317780314376674e-13,1.5384194402049038,9.371894624374292e-06,
ENSG00000204956.5,PCDHGA1,30.913746385240444,2.429710082225716,2.3613965648455017e-17,1.8835269467229865,2.5520234814539894e-09,
ENSG00000259349.2,AC011921.1,7.063261506844721,2.428896059784632,5.0328837936817375e-22,1.888735002508878,8.092560810444549e-09,
ENSG00000278192.1,AL118505.1,8.591134075131674,2.428001962004251,3.9763339884164925e-10,1.265994794318653,0.0068439610997229,
ENSG00000120262.10,CCDC170,366.6263528393031,2.426201098396428,3.7620582315049734e-19,1.4176731676566643,6.038496779247908e-08,
ENSG00000011332.19,DPF1,6.625161984463484,2.422560750795935,2.186836889335197e-13,1.8401747470700485,1.947595733423228e-07,
ENSG00000250696.5,AC111000.4,82.18287667962416,2.4225155563209446,8.300016169285491e-24,1.6244333160122058,1.6355661206617897e-12,
ENSG00000231566.2,LINC02595,5.153001272961831,2.4200998256479958,2.233212827987404e-11,2.171075931174566,7.368052675905341e-05,
ENSG00000156535.15,CD109,569.4165013275779,2.419035189710274,7.084659564275781e-25,1.6833412226608442,7.644812278269131e-14,
ENSG00000172244.9,C5orf34,52.058666610820936,2.415900632706474,6.73184610073706e-53,2.1684883004939297,3.434878441544534e-40,
ENSG00000270195.2,AC016773.1,10.377338382769926,2.415312474463025,1.7930411552998852e-21,1.5062987824984615,2.4967509308801808e-06,
ENSG00000286909.1,AC024560.4,8.261962437527892,2.4086590487049686,6.787075099553195e-21,1.7044553451735225,1.8593563107917754e-09,
ENSG00000287156.1,AL138479.2,9.657993829203118,2.408201057701137,1.4671791239566618e-10,1.3876365730320066,0.0015937003882555,
ENSG00000225518.3,LINC01703,44.008631455011525,2.405425467345281,1.6499077525044e-29,1.5952275894431236,7.09403929946614e-13,
ENSG00000273445.1,AC133644.1,8.767531281834275,2.40471154007501,4.92924768629496e-11,1.2323160208176542,0.0096503108283643,
ENSG00000274070.2,CASTOR2,578.2287278937729,2.3981318701596703,6.194646824038523e-58,2.139957943548008,8.926789961155268e-45,
ENSG00000282988.2,AL031777.2,4.84775404487561,2.3912507707190698,2.967018159533074e-11,2.167291895567822,1.360029191965806e-07,
ENSG00000287737.1,AC132872.5,16.32455609333034,2.391169813030544,7.009786967079522e-28,1.7650287584145583,9.265470681568992e-15,
ENSG00000161800.13,RACGAP1,623.5432785521643,2.389302139027583,3.496984284367292e-63,2.100939765007478,1.0865909341171063e-61,E2F Targets; G2-M Checkpoint; Mitotic Spindle
ENSG00000116132.12,PRRX1,126.9437127334146,2.3888887286422573,6.01318590685576e-21,1.8143313271685475,3.368021987662509e-14,
ENSG00000205740.2,AL359878.1,7.184985955632663,2.38313527463597,1.3640318188700428e-18,1.8935620750397724,9.230826842996228e-11,
ENSG00000166803.14,PCLAF,161.61831750855004,2.3812910749511955,1.0923161549483068e-37,1.9089528029413447,3.52912012539243e-31,
ENSG00000185585.20,OLFML2A,453.7899024629999,2.379928914178379,5.415700198811968e-45,2.304794744910588,1.8699736483898604e-37,
ENSG00000106462.11,EZH2,508.6617054455002,2.37866925849024,9.173584240683306e-63,2.0846415111390946,6.053686283520679e-67,E2F Targets; G2-M Checkpoint; Spermatogenesis
ENSG00000274460.1,AC092119.2,20.619157530563008,2.3786128462368232,3.0684518131126516e-35,1.654254123094526,9.385195834059146e-11,
ENSG00000229178.1,AC233280.1,6.09025833441006,2.3781020221095,2.6506384922864063e-15,1.749913632833205,7.61134850647159e-07,
ENSG00000224805.2,LINC00853,60.90803030500687,2.3779863755088035,4.9522986586228895e-27,2.371870160276514,1.6572590255660526e-21,
ENSG00000158270.12,COLEC12,148.07161879513774,2.3776733297638937,2.3377612244243643e-13,1.0245766578591144,3.271905387612041e-05,
ENSG00000091129.21,NRCAM,493.5319960173955,2.3768091491429875,3.5378340832913734e-18,1.80145240090463,4.848607070592552e-08,
ENSG00000187144.11,SPATA21,86.65697379685167,2.374361881963785,1.1428941576384972e-11,1.1429478510805569,0.0038646545352499,
ENSG00000280870.3,MIR325HG,46.73183399002076,2.37198557681787,1.1091514742117435e-10,1.0958969966703138,0.0011381648521421,
ENSG00000177494.6,ZBED2,15.57009637251944,2.371416618863777,2.3739087739490823e-10,1.5080265935352295,0.0021802012730649,
ENSG00000101447.15,FAM83D,513.1124970079373,2.370733982705586,2.9827567536205584e-45,2.435279226218011,6.01565630762967e-37,
ENSG00000278982.1,AL139125.1,8.405251656822468,2.3669698227817872,4.96471751335253e-10,1.3474886216214894,0.0002912349838762,
ENSG00000112559.15,MDFI,146.07986816297387,2.366758246699122,5.186835890791541e-17,1.011835303379641,0.0003586569457821,
ENSG00000114346.14,ECT2,542.7696330671505,2.3646152782286443,3.2714762994973684e-42,2.129342496296037,9.895468557990352e-44,Mitotic Spindle
ENSG00000179846.10,NKPD1,6.006808220811399,2.3638291719548823,1.8652667720905223e-10,1.2738956372834878,0.0007282469550674,
ENSG00000119969.15,HELLS,308.1634618815139,2.3627795999561294,7.93524900925938e-39,1.7714761719548326,1.0646763392551102e-27,E2F Targets
ENSG00000271959.1,AC100803.4,6.996172510787827,2.362340230318278,2.615803135455776e-15,1.71307887066307,1.355657392441856e-05,
ENSG00000234215.3,CT66,3.669238681458282,2.362031721116325,2.8117264356885924e-09,2.32588219911753,0.000614930309245,
ENSG00000237080.3,EHMT2-AS1,3.678300003736214,2.358253344864852,6.404712981900673e-12,1.1072651890910914,0.0435285832221672,
ENSG00000088882.8,CPXM1,136.91413542084348,2.357528188594921,2.663463929692672e-21,1.8335540121608445,3.0055721654065904e-12,
ENSG00000259488.2,AC023355.1,5.572816160981272,2.3569113850245333,8.290017772465036e-16,1.9925696750105013,4.419620887522709e-07,
ENSG00000124657.1,OR2B6,10.211080816032736,2.3568803427814498,3.3992200150556538e-15,1.6417556310026646,3.9685914932270643e-07,
ENSG00000163357.11,DCST1,17.551522570320003,2.355684699254861,3.149522874227716e-23,1.8584669968289944,2.2141464923672175e-14,
ENSG00000163535.18,SGO2,181.18699028183548,2.355364552370274,1.7909045025640018e-46,2.115477642259605,1.442534063388084e-42,
ENSG00000120334.15,CENPL,185.1020549968067,2.354249429137332,5.901508918281035e-61,2.067928197829147,1.5095530486006822e-53,
ENSG00000197299.12,BLM,102.27470943829115,2.3539092423471364,3.649139962006243e-32,1.7715179984631515,3.3661430413983305e-21,
ENSG00000273802.2,H2BC8,77.07925993732448,2.349573312554514,1.2665360949610745e-21,1.7659134573830364,7.478670430338823e-14,
ENSG00000266402.3,SNHG25,42.53300572598168,2.3492434362824666,1.3384487684043714e-20,1.0786595524107343,8.129390199336952e-08,
ENSG00000123473.16,STIL,187.38537159302203,2.3491847444268337,2.0566831125064382e-47,2.06567633150464,7.920977084677905e-41,G2-M Checkpoint
ENSG00000188610.12,FAM72B,19.03923969515649,2.343032204667349,8.945769065406412e-24,1.8647295734355689,1.9516703128206299e-13,
ENSG00000158525.16,CPA5,6.70702643111388,2.342699270491942,4.2793068064371864e-08,1.5253651548227327,0.0010250805122335,
ENSG00000163888.4,CAMK2N2,218.19657736572248,2.341771777346628,1.016415763117575e-18,1.8957888564001224,1.7264448246645902e-14,
ENSG00000226644.5,AL121899.1,21.21841572543227,2.341702685101784,1.789969749084624e-18,1.499107640577614,1.575985159790083e-07,
ENSG00000143494.15,VASH2,101.54452377616327,2.341058306595233,4.137459786927642e-23,1.484012100808474,5.695440419859413e-10,
ENSG00000272953.1,AC092171.4,8.664141224288537,2.3403690890386946,3.0264292146167937e-23,1.609463856196491,8.952741632892758e-08,
ENSG00000172901.20,LVRN,8.557486314602532,2.340085500686695,2.204800846379691e-11,1.2821457110246828,0.0005354700024471,
ENSG00000171873.8,ADRA1D,33.720316602370644,2.3399132760486983,2.8844479226062523e-08,1.4265711180929,0.0003900729327242,
ENSG00000160050.15,CCDC28B,172.53348234420622,2.336347773166762,2.8718222490230706e-30,1.6549548316002176,3.190407064182085e-16,
ENSG00000180730.5,SHISA2,19.17929372752949,2.333156434675669,1.0631101852879825e-12,1.0799921300129185,0.0023804545397505,
ENSG00000182963.11,GJC1,195.295986975062,2.328045490234603,4.039381129407274e-41,2.1357429198316766,1.0052951512262988e-30,
ENSG00000261342.1,AC006538.1,15.434439286305803,2.327493394645325,2.2963125326544472e-18,1.4557025351572754,6.885970310012549e-10,
ENSG00000227885.3,AL590652.1,17.92865268283362,2.326138852731858,3.6552413090484735e-18,1.6149540982146664,1.5537167162716673e-08,
ENSG00000119915.5,ELOVL3,13.349149457294924,2.325341718413655,1.6447732219028479e-10,1.082753023506617,0.0025849977605828,Spermatogenesis
ENSG00000183248.12,PRR36,82.85129744967355,2.320857582202957,2.4324681534526663e-19,1.3319574031623005,5.279631873610022e-07,
ENSG00000186827.11,TNFRSF4,156.1079319225408,2.3202824402060958,9.426166205243306e-45,2.421497428706189,9.431070228435972e-33,
ENSG00000051180.17,RAD51,139.29276662249148,2.317865576731686,5.6543496789712226e-40,1.8973214025575325,1.667230522183326e-31,
ENSG00000272205.1,AL451050.2,9.004004938966087,2.3154390971581544,1.2296225547689902e-21,1.8167471827239088,5.000569874230404e-11,
ENSG00000205869.2,KRTAP5-1,9.68281114740411,2.31411798617022,2.9993279315901905e-13,1.4334241081367087,0.0001292571668861,
ENSG00000158865.12,SLC5A11,118.36475847186176,2.313177178975845,1.7960312775431025e-13,1.0559635048379277,0.0006282285046465,
ENSG00000184524.6,CEND1,10.79730053872696,2.3125195889024543,3.602533468127054e-16,2.030306960751657,7.112861803435087e-08,
ENSG00000235770.6,LINC00607,47.61619886358516,2.3106061292528843,1.9946947495056848e-15,1.7306854894529615,1.6610882872768339e-09,
ENSG00000178538.10,CA8,22.278611983129547,2.3081821775822613,1.2686989060598583e-11,1.5591566493553115,8.296496150036979e-08,
ENSG00000233871.2,DLG5-AS1,36.464181137886975,2.3073079287243536,9.20920740028324e-30,1.7994227816532051,2.5869368095590263e-15,
ENSG00000272468.1,AL021807.1,14.22422069251236,2.306632887072018,5.825603182055855e-17,1.6237707465722608,1.1937577789469064e-05,
ENSG00000137269.15,LRRC1,369.24554503165575,2.306063660542254,3.151169591123092e-25,1.5973431323004974,3.0838766967266676e-10,
ENSG00000157680.15,DGKI,20.994116643689324,2.305284001417524,3.935405345402388e-25,2.200338874154559,2.187334252448411e-19,
ENSG00000260942.1,CAPN10-DT,50.14974129554385,2.303328291453985,1.5577861212658003e-49,1.6663143015845616,2.6538997407733056e-14,
ENSG00000158458.21,NRG2,52.35049449665565,2.3029215098873945,7.521024338138979e-16,1.9407943490665316,1.7649192276794748e-12,
ENSG00000228509.6,AC006460.1,49.7151385351593,2.3013756603582176,2.772340058133052e-13,2.0137007831179963,9.222864777389957e-09,
ENSG00000228350.1,LINC02585,7.807643135784954,2.3012110381762385,1.760335716314346e-18,2.2223929585091504,2.244648886590584e-12,
ENSG00000286952.1,AC093928.1,4.4165088129966055,2.3011608701231108,6.08957268214644e-10,1.0094242744070063,0.0425185270074627,
ENSG00000286785.1,LINC01622,17.52230658820477,2.301057814324308,1.7469381590795682e-08,1.7937028943743627,0.0003377465366641,
ENSG00000167900.12,TK1,1497.684783020534,2.2966236327271137,2.276597036770537e-41,1.847076292068992,2.687633387649986e-28,E2F Targets
ENSG00000178531.6,CTXN1,33.01093490446314,2.296372014397927,1.1856115765229372e-12,1.2292907799016204,1.490155377422842e-05,
ENSG00000149609.6,C20orf144,4.692679290875579,2.2949513696159984,1.1712800802521744e-14,2.0579853017216005,3.1170433623803217e-10,
ENSG00000132164.10,SLC6A11,499.1450020673873,2.2944534345078837,8.309773270051714e-07,1.5203374227333024,2.0527222814953854e-05,
ENSG00000260589.1,STAM-AS1,7.51081040809934,2.289375749640556,7.372438425615947e-20,1.5922428144241192,2.490500550594068e-06,
ENSG00000249092.1,PPIAP77,12.303023178650868,2.286807443348401,8.648818306490522e-16,1.642508047018122,4.547045781145287e-07,
ENSG00000078098.14,FAP,86.98361611977852,2.2862651445577997,1.1038674078036809e-15,1.6625897902854456,2.579248331840165e-08,
ENSG00000125878.6,TCF15,30.65172845594833,2.286239152293019,6.21987416562481e-28,2.2073485412905045,5.847523092980436e-22,
ENSG00000162004.18,CCDC78,36.86252980714804,2.2849587991721845,6.70374626996757e-20,1.0383801824436991,0.0005348396760396,
ENSG00000261054.1,AC036108.2,12.950536490485366,2.2806139897057247,2.142264204957102e-13,1.1062765481826584,0.0003759410755958,
ENSG00000204616.11,TRIM31,416.2272132037476,2.2800177640541115,2.3126313945049943e-14,1.7107538181726518,9.513192861797901e-10,
ENSG00000163463.13,KRTCAP2,81.04718817188643,2.277813351797247,8.075974925042816e-56,1.5646121018059809,1.685830862870095e-19,
ENSG00000132749.11,TESMIN,110.04999514710204,2.275723637995127,2.2812466067552226e-29,1.7852337327179109,3.5453606573001204e-15,
ENSG00000158486.13,DNAH3,8.772644372424004,2.2742169692570404,8.626085697657297e-09,1.1476515498804658,0.0008462337688593,
ENSG00000240877.3,RN7SL521P,4.573208715518985,2.2730349713606803,3.7341537073986775e-14,2.012313030792834,1.0428706959804398e-07,
ENSG00000127533.4,F2RL3,182.3786696936904,2.2694458775596704,2.806379323043717e-20,1.953091093512648,1.219570142487964e-20,
ENSG00000082684.16,SEMA5B,194.2375295268193,2.268450834043445,9.02248149762024e-42,2.113995856442477,4.18581708362605e-41,
ENSG00000100206.10,DMC1,19.559761675344127,2.26625597719102,9.040720377861157e-16,1.1529178695886113,5.527306665481248e-05,Spermatogenesis
ENSG00000260874.5,AC106820.5,3.940630321386914,2.265715413881093,3.629143143090464e-12,2.231822318680362,2.484638437462207e-07,
ENSG00000274020.4,LINC01138,237.0407142414672,2.260845949060475,1.7676353650950388e-29,1.5213845345462786,5.579758816796977e-15,
ENSG00000181544.15,FANCB,24.301068564560005,2.260578415825528,1.1466478150434121e-29,1.7741682877410163,7.338096133534123e-15,
ENSG00000123080.12,CDKN2C,756.9581581700053,2.259943512148068,1.5176699675152278e-43,1.9487546807036105,1.3095714291476155e-31,E2F Targets; G2-M Checkpoint
ENSG00000108001.15,EBF3,36.86969773667951,2.2597570780464307,5.941658335829442e-24,1.4615707258461508,2.950560546250589e-11,
ENSG00000157856.12,DRC1,7.772625328916908,2.258583031803875,1.796429857055481e-13,1.6386951480304577,5.478518808768735e-07,
ENSG00000134253.10,TRIM45,169.71006973465742,2.2585820821259057,1.7532720968801353e-39,1.7694646006338577,1.048813261993613e-23,
ENSG00000073111.14,MCM2,560.9982376284246,2.256124529032719,1.1935258862865275e-26,2.045070488059936,2.273166208822385e-22,E2F Targets; G2-M Checkpoint; Myc Targets V1
ENSG00000186603.6,HPDL,22.101683048223865,2.2540334985117405,5.962691126457419e-15,1.857965038164836,6.366101207174393e-09,
ENSG00000187951.11,AC091057.1,52.3666661110442,2.253875151995216,1.1559162198845369e-30,1.6440572458272715,1.0639091649568847e-16,
ENSG00000100314.4,CABP7,5.139785782201969,2.25218446065911,1.1233942526215987e-10,1.025535639597644,0.0014185136057649,
ENSG00000171208.10,NETO2,133.23251498152692,2.2513443318474264,3.1587333365977945e-27,1.9969783259386584,2.174822215404829e-26,
ENSG00000162975.5,KCNF1,66.66012639693386,2.2506330576233795,6.061521410769395e-16,2.3648778668741763,2.5190266764201085e-10,
ENSG00000287839.1,AL353807.5,92.53267468448207,2.249227120767445,3.2023402011126107e-31,1.6861365815927736,5.6282981977774795e-12,
ENSG00000160298.18,C21orf58,166.22552138053723,2.244742054645217,1.9293289882271435e-46,1.7159864108563636,6.3642310114553685e-28,
ENSG00000086717.18,PPEF1,7.541235285709599,2.241984118622654,4.17583426220614e-13,1.3257411032524684,8.402915631508077e-05,
ENSG00000248673.2,LINC01331,5.686055552318591,2.241513950652644,9.354053264486833e-09,1.1005702555982928,0.0128065850884292,
ENSG00000073670.14,ADAM11,36.63739463167615,2.2396602555733955,1.3420380873793549e-17,1.0820944642206098,1.70701029373933e-05,
ENSG00000135127.11,BICDL1,546.4282017810293,2.237768448742332,3.8165346309870086e-27,1.887973411442651,8.191470016494543e-17,
ENSG00000111247.15,RAD51AP1,166.7342101725554,2.235456435372984,6.067361962636268e-36,1.940428481461609,7.782276311558023e-28,E2F Targets
ENSG00000271973.1,AC141002.1,4.209050099984533,2.234808081186019,6.104560487071217e-13,2.257191995992229,4.497011222357078e-09,
ENSG00000261159.1,AC112484.3,26.099851256030377,2.231598689690813,9.342989685103711e-21,1.2577878224978605,2.315903382552196e-07,
ENSG00000185988.15,PLK5,7.757645396592894,2.230938818227433,5.11835143763774e-12,1.429152609872787,0.0001675859134051,
ENSG00000142621.19,FHAD1,33.38265383717955,2.2294039054009915,7.722684166739474e-18,1.4748816512087697,1.705679752152695e-08,
ENSG00000146215.14,CRIP3,228.1191144712369,2.229243962694304,2.289184786957666e-28,1.7764082740195866,1.1386740809875052e-14,
ENSG00000140945.17,CDH13,142.64297197495958,2.228831398498983,7.71497296893856e-27,2.533931879958951,1.641445404186216e-30,
ENSG00000233461.6,AL445524.1,129.28412220189688,2.227833370231978,6.813161004816913e-27,1.4483363240581488,4.13066765388797e-20,
ENSG00000145107.16,TM4SF19,5.551820395565305,2.2271650639173246,3.885118405687474e-07,1.0702259292621472,0.0104139833857355,
ENSG00000112186.12,CAP2,1288.4515662017695,2.2270962058419133,6.338584723356108e-42,2.0927463530538306,3.4840283142792126e-39,
ENSG00000260495.1,AC009148.1,5.793089281191093,2.226917465584989,5.872233927770238e-17,1.4977132994582607,4.635788683456693e-05,
ENSG00000259895.1,AC106820.2,3.457642362999285,2.226279525425796,4.065395353010184e-10,1.665865100306756,0.0004303108605836,
ENSG00000253819.2,LINC01151,115.0569442694378,2.225203626451612,3.7931658505409904e-14,1.260592129329514,6.503161564813478e-06,
ENSG00000142959.5,BEST4,18.99645841533738,2.225022711336408,3.7302220243591443e-19,1.1804129379429202,1.4037278090626654e-05,
ENSG00000283078.1,AL137077.2,27.42697600944855,2.2208241326475173,4.726134169559515e-25,1.6011960968754664,1.4072554097180905e-13,
ENSG00000256128.6,LINC00944,12.302631854436989,2.217184905309202,2.442160727333358e-11,1.0046006881481548,0.013036596852499,
ENSG00000249859.12,PVT1,216.1490064802955,2.216071555664449,1.0583202998304383e-26,1.3558357167657515,3.011958896166183e-10,
ENSG00000286315.1,AC087175.1,9.926297372051774,2.215532283944892,3.599134092376516e-17,1.581183172532847,7.06194177841849e-08,
ENSG00000089558.9,KCNH4,20.863569061856023,2.2114655366071854,2.782722507161118e-17,1.528379079825213,6.563716348374051e-10,
ENSG00000144554.12,FANCD2,266.5172029396692,2.210249946750782,1.0267122668402081e-41,1.853073299468201,5.427356157697138e-37,
ENSG00000227473.1,TSSK5P,11.788827353193424,2.2094895776260968,1.5916859397635686e-17,1.8153800034075864,1.0536681321502793e-07,
ENSG00000276445.1,AC005393.1,6.122195906088899,2.2072111401722583,3.504637000605829e-15,1.6795198650132477,1.6967416879561677e-07,
ENSG00000275437.1,AL121832.3,14.08688144838093,2.2066540815639466,8.590816900771556e-22,1.4672966048202472,1.0792462955640589e-08,
ENSG00000143195.13,ILDR2,304.439290922178,2.205697935439764,9.914300867567105e-14,1.6335930099654663,6.52622566606121e-08,
ENSG00000131650.14,KREMEN2,15.41425872614668,2.205595469177261,2.1582452039992378e-13,1.1083452717136708,0.0004613730682858,
ENSG00000227496.3,AC099066.2,54.27859762676108,2.205510335439098,1.9005978769049223e-14,1.43179660959285,1.8745329052144518e-07,
ENSG00000277287.1,AL109976.1,10.69440295217821,2.2052929853072354,1.4776513956303105e-11,1.604325479840615,2.298966548331832e-06,
ENSG00000077279.19,DCX,12.716029962098489,2.2050915842192302,9.474704873038482e-09,1.5048582483735775,0.001302188211276,
ENSG00000156564.9,LRFN2,7.862899275247366,2.204068591318394,9.789282839405785e-08,1.4184891964174906,0.0145042427461661,
ENSG00000230393.1,AC092667.1,8.368450016967063,2.2011380458370304,4.1974419268748136e-12,1.5455593028535757,6.293864759549796e-05,
ENSG00000053747.17,LAMA3,1212.8927721791506,2.2005226325172984,2.1204439724777795e-17,1.4671129633786886,1.083841657693074e-09,
ENSG00000259887.1,FIGNL2-DT,4.967260845795034,2.2003419154098123,1.9008657112511682e-13,2.1031749316787,1.6513289953556628e-10,
ENSG00000274372.5,LINC02804,11.40487171115062,2.200007387917013,5.2626453809506253e-14,1.393032762540226,1.4698221911935292e-05,
ENSG00000092470.12,WDR76,274.32985209782146,2.198173431430256,2.47668881723315e-37,1.8188546058216783,1.4260385858917206e-24,
ENSG00000285906.2,AC083855.2,30.284905197439663,2.1955275465674022,3.8207869810952114e-24,1.713600338812843,1.1386963817910913e-12,
ENSG00000242798.1,AC073842.2,6.099516848820585,2.1946605414838505,5.457012687736929e-16,1.568207978352567,6.246787459416535e-07,
ENSG00000180385.8,EMC3-AS1,17.06028363706823,2.193506753261369,1.0739537504881181e-24,1.975006914707809,1.7851689215680262e-20,
ENSG00000229672.3,AL450322.2,5.473848247325076,2.1932277168736865,2.928729187347436e-07,1.6538607497269866,0.0185879239595808,
ENSG00000262410.1,AC024361.1,15.443852614656889,2.189685442356336,8.828054946206037e-26,1.4102881604983195,2.624528471809657e-09,
ENSG00000261008.7,LINC01572,9.406262019090292,2.1892309353606185,8.262616777463688e-16,1.038787320318603,0.0004999702954754,
ENSG00000147113.17,DIPK2B,423.7653499879774,2.188907522870547,3.356091965088094e-71,2.349621462842954,1.7418309200990538e-45,
ENSG00000162063.13,CCNF,300.6842811271337,2.187931071906017,1.098329490861298e-48,1.8624543548885364,3.2630059210672036e-41,G2-M Checkpoint
ENSG00000243007.1,RPL12P35,6.29805857002151,2.1874737588727178,3.6659148006113865e-11,1.5568747657185704,9.163832982553156e-05,
ENSG00000057468.7,MSH4,5.899088074780084,2.185811619612781,1.0246365774259036e-10,1.7063700388938283,4.8005593890166605e-06,
ENSG00000143590.14,EFNA3,103.61141601847916,2.182915127787284,5.008941502232515e-25,1.489315571879401,2.1983865725683987e-13,
ENSG00000162769.13,FLVCR1,635.6945165708883,2.181647280327696,9.74652634701279e-57,1.8911291606066047,1.819177857871868e-39,
ENSG00000103710.11,RASL12,144.6956848596134,2.181425203780239,5.861503608377728e-42,2.2141489534347905,3.2029006262136236e-35,
ENSG00000275936.1,AC004263.1,7.144128327385152,2.1799001612606848,4.383452156111775e-15,1.3121882420958657,0.0002017291429598,
ENSG00000180061.10,TMEM150B,465.6251881651342,2.179424956163161,1.7061804783402196e-20,1.6646938031095035,2.1304243700488228e-11,
ENSG00000188130.14,MAPK12,461.9180741203998,2.175874329039404,5.394528563679848e-22,1.4087729859623914,4.6763423992175816e-11,
ENSG00000139880.19,CDH24,142.81675294067406,2.174065158637703,4.8134490959130107e-39,1.6159723292082806,1.521543042011581e-23,
ENSG00000112312.10,GMNN,1681.638584944201,2.173473426510068,4.688452691775471e-49,1.7057618585879255,2.8739070661096653e-24,
ENSG00000158220.14,ESYT3,46.9918403332743,2.172851866818532,1.827950429288789e-12,1.073389786341168,0.000175286445752,
ENSG00000149554.13,CHEK1,273.1721451885034,2.170928293062793,1.5830344884738768e-39,1.8312008444058272,5.876145478523955e-28,E2F Targets; G2-M Checkpoint
ENSG00000271888.1,AL136162.1,15.927515537228896,2.166786539205749,1.8307697420005428e-25,1.7225180504411324,1.0597407443037248e-17,
ENSG00000160716.6,CHRNB2,5.693428013556694,2.1664609134579216,2.794901515136455e-09,1.2730992782237476,0.0005808038470923,
ENSG00000138160.7,KIF11,349.8613363955718,2.166049032384363,4.7611162557074375e-40,1.7629998776266251,2.6769764995999547e-39,G2-M Checkpoint; Mitotic Spindle
ENSG00000151725.12,CENPU,412.34691975478415,2.163559580770348,2.8167881474424307e-39,2.014320675627367,2.0231968934828464e-28,
ENSG00000215267.8,AKR1C7P,16.389260543851783,2.160571836982136,1.0431726975718594e-15,1.7805074375841896,8.416126897757994e-08,
ENSG00000253123.4,AC091182.1,17.584046578913885,2.1588197790385024,8.285989220896696e-15,1.2738118322181853,9.212207579173435e-08,
ENSG00000254854.1,AP003390.1,4.004554337879979,2.158813448846161,5.429704884317221e-11,2.001304187154485,8.915346499142467e-06,
ENSG00000170442.12,KRT86,38.93024481296136,2.156239083407946,1.2870315598756294e-10,1.6512915031407611,4.9426808298344514e-08,
ENSG00000170684.9,ZNF296,58.818363470592764,2.156169464944203,1.6311210010616533e-21,1.2212227883135016,2.8004701538566377e-08,
ENSG00000140525.19,FANCI,406.20855874268943,2.155197047616872,4.3305988159554946e-43,1.824555425487064,1.0114010819628536e-36,
ENSG00000225953.3,SATB2-AS1,71.39449116555211,2.1528792744319003,7.608416396132247e-30,2.306695440448876,2.3076651598898084e-22,
ENSG00000230832.3,SSBL4P,5.54137614180835,2.151997278307152,1.8985289790911398e-12,1.3543827819705965,0.0004739963814154,
ENSG00000217275.2,AL031777.1,15.91856394459946,2.1492871982947834,8.007044511799594e-14,1.6007634637856385,3.329652209924299e-07,
ENSG00000267053.8,AC092296.2,5.618053439299767,2.1483904495430712,2.29067894329842e-10,1.1831496828018977,0.0052854166061685,
ENSG00000170537.13,TMC7,73.94071412481301,2.148293782117705,3.3063116362592675e-29,1.8085211620940835,6.074096800288524e-22,
ENSG00000226174.7,TEX22,19.26360903358906,2.147181487790787,3.673099310465524e-23,1.8748356210202328,1.6197408132575088e-15,
ENSG00000243155.1,AL162431.1,19.05402895130817,2.1450580055099464,1.6290564845550134e-27,1.7477710364118544,2.538139368143531e-16,
ENSG00000213185.7,FAM24B,22.299411817225035,2.1437071816938853,1.3449443306405395e-17,1.5634692218521755,1.8171722411992425e-11,
ENSG00000197696.10,NMB,205.3534615084533,2.142893743367417,6.064358583100389e-28,1.2798447975061529,1.5628349768566729e-12,
ENSG00000128165.9,ADM2,733.9101833427161,2.1418590290605164,1.1460500035448189e-24,1.6969762442062069,9.73320467551016e-13,
ENSG00000164109.14,MAD2L1,339.1855206913619,2.1413467588390023,5.894749712213017e-41,1.8865990760450717,5.385048600487697e-29,E2F Targets; G2-M Checkpoint; Myc Targets V1
ENSG00000280129.1,AL132780.5,5.427502551075607,2.141201646258361,1.0679037907782821e-17,1.7500266569238336,2.244709899282617e-08,
ENSG00000225689.2,AL008633.1,5.038408147009419,2.140951817057481,9.329900387367154e-11,1.1878612276225171,0.0101556199396737,
ENSG00000163507.14,CIP2A,139.750765817349,2.1392275370577805,1.2416350858066222e-30,1.6902636432177702,2.110681311427554e-23,
ENSG00000138028.16,CGREF1,988.6421921458332,2.138706334359761,8.677814753585781e-19,1.180707133785465,1.5029567307189664e-05,
ENSG00000260924.2,LINC01311,27.21881874932452,2.1359161142000613,8.638129750485814e-32,1.4107921826674392,3.9268337868631614e-14,
ENSG00000157833.13,GAREM2,110.06453876397356,2.135516482755847,2.1498949486943583e-20,1.336787846664323,6.5981420196856085e-09,
ENSG00000223298.1,RNY3P8,6.1155626227753626,2.1331777524795785,2.1917537824568347e-09,1.7377315195816414,0.0005735368194399,
ENSG00000164330.17,EBF1,149.9053508038247,2.132757122851769,7.586644036234168e-31,2.1262115144910383,4.8978955557674116e-32,
ENSG00000253616.5,AC107959.3,16.350489105148604,2.127683316849236,1.1910024065797946e-13,1.7548468129940913,6.698249679792234e-08,
ENSG00000112212.12,TSPO2,33.866523298197095,2.126789564642753,4.249090726990848e-18,1.1600104060838146,8.561464624570261e-06,
ENSG00000204410.16,MSH5,51.72653492148604,2.126565997171818,6.668704764584037e-27,1.1859520447301857,5.5271347787205416e-08,
ENSG00000261575.2,AC005829.1,11.288779404341918,2.126415762080728,1.0801267443387692e-17,1.7215099728221737,2.276166867089342e-09,
ENSG00000230454.1,U73166.1,19.75589243125631,2.118515525232418,4.172066651138276e-25,1.5919744207816804,8.572484618588569e-11,
ENSG00000162779.22,AXDND1,6.432423706973193,2.11585632639456,2.5520605836684977e-10,1.1905446060847154,0.0001733576804263,
ENSG00000235162.9,C12orf75,554.5106448910634,2.114830607761602,9.50232890407417e-16,1.028859758271254,2.0682932187102008e-05,
ENSG00000271259.1,AC010201.1,3.736426593436776,2.114171399427027,4.0764131403273616e-11,1.0153615133239775,0.033709444240238,
ENSG00000173825.7,TIGD3,40.17476880131227,2.1136730394540058,5.27220268906461e-22,1.707157960826333,2.658588655377532e-14,
ENSG00000226179.6,LINC00685,15.000899526643796,2.113629396883766,1.2009272279861856e-22,1.4611343806521968,2.61313896964332e-10,
ENSG00000238260.1,AL513320.1,8.047900574447063,2.113616871393552,1.0872945919694818e-19,1.4448443333631793,7.029068750006935e-06,
ENSG00000217702.3,AC073263.1,6.66931275823267,2.1135271481924853,2.3390773392613196e-11,1.1758406691187682,0.002147130346542,
ENSG00000108465.15,CDK5RAP3,193.27522529547863,2.1123480645619743,1.2699006664235663e-38,1.1229316964921066,1.923247919434535e-09,
ENSG00000261136.1,AC023908.3,8.747140731952044,2.109465090890028,6.728517430881522e-20,1.4907203134694464,6.344253966632039e-08,
ENSG00000164045.12,CDC25A,178.35681540762548,2.109143947384798,5.159116797527664e-27,1.616080002202558,3.1805738239652594e-25,E2F Targets; G2-M Checkpoint
ENSG00000068366.20,ACSL4,12300.815589920228,2.107950260003162,1.4820282005125766e-14,1.731529476087573,5.706146123432409e-10,
ENSG00000279138.1,AP002847.1,7.591657853149564,2.107888353016559,7.136455074818866e-10,1.3984797020428548,5.451369102327988e-05,
ENSG00000254294.1,IMPDH1P6,7.621017766876717,2.1042671099445425,8.781664521955769e-13,1.3350694116367106,0.0009902097539334,
ENSG00000276563.1,AL359075.1,4.964919731039592,2.099858913082272,4.2774398133759356e-10,1.3321432530333177,0.0034206611597229,
ENSG00000271151.1,AC016737.1,8.337863810788441,2.0995417224760824,2.7035637341958402e-17,1.6419937350837983,1.5128804363663707e-09,
ENSG00000185467.7,KPNA7,57.76212463398526,2.098786327134345,2.530429412975745e-17,1.2297409624942703,3.116025776500268e-06,
ENSG00000255224.1,AC109322.1,73.43703639407923,2.098430166046718,6.3714767296207664e-27,1.475179689635234,3.5773944455877236e-17,
ENSG00000173546.7,CSPG4,462.3248996891936,2.098336204512484,6.235219584853327e-39,2.3249032410527195,8.822280625516834e-32,
ENSG00000276744.1,AC105137.2,7.26168974448031,2.098322519669388,1.518797812325871e-19,1.5716331055648374,3.549995819828584e-07,
ENSG00000253414.3,AC124067.2,5.157460499329966,2.097225085503295,1.9667355723071834e-09,1.495164025868962,0.0008579148704268,
ENSG00000105467.9,SYNGR4,9.180748867379144,2.097082019420524,3.242256600868436e-09,1.5729203833592902,9.476335833404778e-06,
ENSG00000260285.1,AL133367.1,33.09856521588971,2.0964820013121472,1.9646422596104993e-30,1.7074291026295123,2.8082125297103054e-17,
ENSG00000275484.1,AP003419.3,8.924627206472943,2.094709438675345,1.1534949934564936e-14,1.6068572793454154,1.7690889560273753e-07,
ENSG00000160207.9,HSF2BP,16.447971042578857,2.094382031557225,2.3554822364719926e-25,1.9169513503225408,9.205056734508654e-15,
ENSG00000274414.1,AL121772.1,10.806375625242074,2.093865019346874,3.153271390098842e-15,1.335259606497707,2.1318666290290548e-06,
ENSG00000007314.12,SCN4A,78.48962561807689,2.090074678505751,5.0084706103684094e-26,2.0015873736903425,1.4667070484802636e-21,
ENSG00000235447.2,TRAPPC13P1,15.235882678840342,2.0883604109523994,7.215663524832334e-08,1.2237936753215857,0.0035980932630276,
ENSG00000278635.1,AC141557.2,4.236513456957918,2.088221134463012,7.389391774955824e-10,1.3629489639372672,0.0299067460295867,
ENSG00000161682.15,FAM171A2,59.36323390693901,2.086966261809408,8.966968429909311e-20,1.1633039052225909,2.919566634721285e-06,
ENSG00000227908.3,FLJ31104,17.12400194582286,2.085526903900434,1.909744711216789e-19,1.396095104574866,1.785290784020341e-10,
ENSG00000142731.11,PLK4,114.65941929749694,2.085318392987744,3.591977173887558e-36,1.6810140769452604,1.7074334549870503e-24,E2F Targets; G2-M Checkpoint; Myc Targets V2
ENSG00000286810.1,AL513128.3,6.332915895237768,2.082442180026146,1.712010333741249e-12,1.9511896549495524,3.0106701537362294e-08,
ENSG00000186564.6,FOXD2,92.6342648578054,2.0812281006173534,1.2826980841255906e-24,1.4867983385493766,3.723392762178714e-10,
ENSG00000117632.23,STMN1,3086.2089410295007,2.080604146008423,3.256505354997102e-44,1.6565007801885068,1.0311561051518739e-32,E2F Targets; G2-M Checkpoint
ENSG00000141404.17,GNAL,182.30347501084503,2.079363645837652,2.4918781817394107e-20,1.3754962613463049,5.564754249842733e-09,
ENSG00000258628.1,RHPN2P1,11.158780784268666,2.079156144128067,1.1894326997352745e-07,1.1201269686389532,0.006723759877034,
ENSG00000262877.5,AC110285.2,97.5401251708422,2.078916596831513,2.0066453443100238e-22,1.5225353743684658,3.312843683891993e-10,
ENSG00000287016.1,AC010996.1,3.50621701530228,2.077448966917716,2.78198209944895e-10,2.197459732579804,1.0974938701452554e-05,
ENSG00000088325.16,TPX2,1237.8412020676758,2.077050112440755,7.69362413665336e-32,1.6967865672857174,2.1060534569396963e-27,G2-M Checkpoint; Mitotic Spindle
ENSG00000286017.1,AC011322.1,6.454763763958608,2.0743253411465643,2.7057217947020747e-11,1.0431106334055806,0.0005552592918394,
ENSG00000176383.9,B3GNT4,11.6257829188612,2.0731351408029486,2.332105997724489e-12,1.0840074606069054,0.0002471143363763,
ENSG00000151572.18,ANO4,12.025482010089243,2.073100128153736,2.43895697544413e-08,1.728293784775863,5.584885236363092e-06,
ENSG00000269069.1,AC007842.1,25.483085012634543,2.0729161667239984,2.9204038054039092e-24,1.7690573600347097,1.500450574862547e-17,
ENSG00000137672.13,TRPC6,37.57279913262739,2.070922222644957,2.2775540501590548e-33,1.9941242874538043,1.708540996623291e-24,
ENSG00000137225.13,CAPN11,26.691795078346832,2.06895501685265,5.504685435443165e-33,1.8411675758586328,5.706009922758194e-16,
ENSG00000184156.17,KCNQ3,24.11759345143446,2.0683746728890227,8.092408440143097e-16,1.9008170545639256,1.0186763200547497e-12,
ENSG00000285077.2,ARHGAP11B,9.074506166102998,2.067876422465301,3.2763323906895546e-18,1.5773814567380993,3.737759270346486e-09,
ENSG00000174059.17,CD34,1850.6345350820693,2.066771817473123,9.447887807762324e-61,2.1359497947357355,8.626343469834934e-47,
ENSG00000271327.1,AC010201.2,16.074871961099202,2.0666362213349347,3.055330507819488e-23,1.3003123022700736,4.879446853874362e-08,
ENSG00000213420.8,GPC2,15.907949233394456,2.0653429103168506,1.442881148811885e-17,1.4879404042442304,2.507236660457588e-07,
ENSG00000236809.2,SNX25P1,19.319949681846825,2.0644093322129917,2.894892981786679e-22,1.8721355510523177,1.5899502641656036e-18,
ENSG00000237424.1,FOXD2-AS1,159.36828978238196,2.05936405286906,5.976191536524677e-27,1.3885654480713838,6.322598039186225e-12,
ENSG00000255559.1,ZNF252P-AS1,13.188738418626606,2.05728542399516,1.3819650636895766e-23,1.7499280431955886,1.1474284389912215e-10,
ENSG00000196172.9,ZNF681,70.47705953459159,2.056784690420954,1.4154448412778285e-17,1.5649916772485757,1.152560541060698e-11,
ENSG00000265660.1,MIR4664,15.79272338259316,2.056537311290519,1.0476606200543289e-15,2.006656035912441,1.619713701067968e-13,
ENSG00000261664.5,TTC39A-AS1,3.2045076844677465,2.056309801869712,4.5735103022282507e-07,2.1267982262403438,0.0065309624252957,
ENSG00000196517.13,SLC6A9,218.29073072447608,2.055324526534456,1.4240323634468781e-19,1.4680266461260545,1.0238097625794386e-10,
ENSG00000136982.6,DSCC1,165.1911234047906,2.0532143386187736,2.972670977772875e-48,1.792065799008618,1.1716084575088001e-36,E2F Targets
ENSG00000157470.12,FAM81A,47.94159260027288,2.052478467328151,6.5793517221343736e-18,1.4322695857037857,1.8163375620694155e-09,
ENSG00000174460.4,ZCCHC12,7.658378327152624,2.049240602981082,1.795581600863772e-10,1.887646147348956,0.0066610363335319,
ENSG00000235897.1,TM4SF19-AS1,6.338623915403092,2.04921763806105,3.2803549203796547e-15,1.546854199062948,1.0612208507598574e-07,
ENSG00000278000.1,AC139100.2,26.14741949557327,2.048099127139264,9.838080018458277e-24,1.491599934472268,3.508216695343124e-12,
ENSG00000279048.1,AC080080.1,10.32914294042882,2.0470612588104524,7.585766877039209e-23,1.6568565936336437,3.027764133363627e-10,
ENSG00000185133.14,INPP5J,52.53142998633672,2.0468627346588395,4.1160965500977193e-16,1.1535696259832855,1.0754790229315597e-06,
ENSG00000257596.1,SCAT2,14.111137523206448,2.0443471069646346,2.186107926683612e-19,1.2520469430352494,1.6061016084675316e-06,
ENSG00000234996.4,ACTG1P25,125.03105927183957,2.0442020067337463,2.039367841138921e-17,1.336789905899414,1.795126413240344e-07,
ENSG00000263080.1,AC009121.3,4.430868582400573,2.0422556238106404,1.154092077688804e-10,2.1776716123664204,2.837317600802536e-06,
ENSG00000161664.7,ASB16,31.769927635923963,2.040426689037123,8.479035056226309e-30,1.899386586989992,2.0894604980605466e-21,
ENSG00000252743.1,RNU6-850P,4.310953111642474,2.0400063689190207,1.7156781321418354e-11,1.2048734331241722,0.0023714562524416,
ENSG00000234142.2,LINC01675,4.165536254803561,2.039053381279329,9.344385238741316e-07,1.4241475114137132,0.0155822143015794,
ENSG00000232874.1,AC080129.2,14.02662323679204,2.0347106645048774,1.3057507458294698e-16,1.2423578248269875,6.307573884504847e-05,
ENSG00000163354.15,DCST2,71.51652653423021,2.0328763797324303,4.950512352417226e-23,1.1082719198750866,2.3101884739299568e-08,
ENSG00000273230.1,AC102953.2,61.132607010669375,2.032667103088857,6.869931591001831e-34,1.6018900244890102,4.6294482301217515e-18,
ENSG00000213082.3,PPP1R14BP2,4.550559469970146,2.030952261474518,1.29195988502663e-08,1.78347175376371,3.146437420687317e-05,
ENSG00000125780.12,TGM3,18.211124785133794,2.029565378346176,7.274657275701659e-16,1.7100207463361885,1.320354886792023e-10,
ENSG00000097046.13,CDC7,181.38733195382693,2.028903694786504,3.672203426349468e-35,1.5632922635923652,7.165967786793278e-22,G2-M Checkpoint
ENSG00000261716.2,H2BC20P,105.08039741981828,2.0260487684873474,1.0535060838526916e-33,1.9857211839568116,3.503659359679288e-32,
ENSG00000074181.9,NOTCH3,1955.2023317076205,2.023260365001589,3.126273673048562e-31,2.1188404003526564,4.985095397174697e-32,
ENSG00000188037.12,CLCN1,14.142900781852836,2.0228174264097403,6.717277459384348e-10,1.0672690791716994,0.0010338026994074,
ENSG00000018625.15,ATP1A2,102.1651243532725,2.0223118357875807,4.57013823754631e-05,1.094087419903201,6.88927685256696e-05,
ENSG00000175305.17,CCNE2,66.34504890286564,2.02121267836576,7.61783002834087e-24,1.293968538910253,8.668691695050102e-10,
ENSG00000228022.6,HCG20,8.392261015276842,2.019641405906613,3.2209190872522555e-10,1.9101802436460076,1.9423601943832002e-07,
ENSG00000079462.8,PAFAH1B3,599.3610956479693,2.018185053018198,4.50824758672751e-22,1.4617784935551597,2.349413197635331e-16,
ENSG00000136383.7,ALPK3,766.1110106728634,2.017670144864978,7.767897180014829e-19,1.517995652135839,5.975658049961691e-13,
ENSG00000202337.1,RNU6-8,16.285627942521995,2.0163934446758667,1.5782422631793628e-16,1.0953161266133655,6.086517848452177e-06,
ENSG00000267751.5,AC009005.1,19.47773415815563,2.014972591971363,2.6460284771214117e-18,1.5449340264355131,1.5932840639005022e-11,
ENSG00000287342.1,AC188616.1,21.890614059748884,2.0143251072806776,8.08300359726835e-10,1.4697109921214215,0.0001031619485413,
ENSG00000286575.1,AL356608.3,11.107036881291746,2.013916511834738,3.1127305617664405e-15,1.1581301572894869,2.888353196956224e-05,
ENSG00000259153.2,AC004816.1,35.21059338360575,2.0120751874435654,1.1332749203748476e-26,1.5413237844363623,1.9825666491775952e-19,
ENSG00000271662.1,AC233280.2,4.444113879327846,2.0116831677048923,3.304460713737658e-10,1.1722762336577153,0.0033650686144655,
ENSG00000162073.14,PAQR4,141.65548923551438,2.0089801506988305,2.44552419407518e-27,1.6585671141393266,6.169244661961712e-22,
ENSG00000283312.1,AC017104.3,7.892672929930775,2.0088412361801344,4.914370571653077e-16,1.8946513863799164,2.2639700712646484e-11,
ENSG00000182196.13,ARL6IP4,13.077459333819128,2.008041210068852,1.0788089738400958e-23,1.0077466753243192,8.7320187049479e-05,
ENSG00000214826.5,DDX12P,62.336436662313325,2.0032631643315435,3.227062455004664e-37,1.5156856237368406,1.1207924927823449e-17,
ENSG00000287809.1,AC005632.6,8.861046454983518,2.0017589217599783,1.337804260645233e-10,1.2813412602672036,3.35473577978963e-05,
ENSG00000145908.12,ZNF300,108.45030923642769,2.0013134233072827,3.9985862919329704e-19,1.290559857624597,1.3308049260458173e-08,
ENSG00000279452.1,AC006277.1,16.073468789729393,2.0010902380138265,7.13974194720997e-27,1.4743194119861482,1.2562670338662888e-09,
ENSG00000113739.10,STC2,417.36732242548754,1.9977180527479423,8.251144320616493e-16,2.991338445942473,3.8176976157500838e-31,
ENSG00000163132.8,MSX1,90.71728766052642,1.9952840277176491,6.037775957857156e-22,1.5575298128272204,1.1927811840647662e-13,
ENSG00000279692.1,AC110285.6,45.60081542877666,1.9949495870511056,4.0740089872389175e-22,1.841426356100719,1.1089177766959524e-17,
ENSG00000175170.16,FAM182B,13.967889117059364,1.9936122359928643,3.261351509984241e-15,1.343119454358323,3.257773082916989e-07,
ENSG00000176909.12,MAMSTR,60.07602642758347,1.9903488452024736,7.87476097669731e-24,1.369436102595218,4.85792594024775e-14,
ENSG00000237988.5,OR2I1P,7145.531899419883,1.9892601362703823,1.3164762440299042e-14,1.9859709856339245,1.5827921910027197e-11,
ENSG00000198208.12,RPS6KL1,233.10102409333155,1.9864198844727248,7.7018641516901355e-28,1.643195202678889,2.5764237969579428e-15,
ENSG00000159231.6,CBR3,18.518085083568742,1.9856862152252803,7.586655829216466e-15,1.2577408235359162,3.295877618496532e-06,
ENSG00000255689.1,AP003174.1,9.257756700170274,1.9852391692823723,1.302213651302871e-10,1.4452595374676835,0.0004192589268442,
ENSG00000203814.6,H2BC18,25.13293633094127,1.9845805575414697,8.782817276645267e-17,1.6549497396099673,4.85792594024775e-14,
ENSG00000258654.1,AC026495.1,4.825414093946201,1.983262859874409,8.640031736501167e-07,1.0941637153852424,0.0301175172813247,
ENSG00000222041.11,CYTOR,366.2918390431044,1.9831372823080264,2.99236697976521e-24,1.4522396940894065,9.48957979978827e-13,
ENSG00000213186.8,TRIM59,84.84445244410615,1.9824213788903533,2.734261314242937e-29,1.4132670858194245,2.194591538932026e-18,
ENSG00000255142.1,AP006621.2,18.34311894363078,1.98144344299166,9.898643975548524e-17,1.1772772173015935,0.0001169339458243,
ENSG00000244151.1,AC010973.2,7.723744945216175,1.980635145208532,1.0351851048452755e-16,1.177570234403988,0.0002048635035795,
ENSG00000234869.1,AL021392.1,11.026666386542324,1.9803603445530609,1.2883783295185408e-12,1.5105171627874172,6.220432041901774e-06,
ENSG00000277224.2,H2BC7,8.278525166019707,1.9789016554729,1.8398337487385352e-10,1.9447421405194412,3.92259265224278e-06,
ENSG00000198554.12,WDHD1,182.6345342888157,1.9732322519740095,3.879242024553883e-36,1.683835602695251,7.822083545988197e-34,
ENSG00000277840.1,AC026368.1,5.31106425979241,1.9731102770453588,1.6611648998243827e-08,1.259385987561878,0.0017428555251075,
ENSG00000196668.4,LINC00173,8.638263246797619,1.97155700110997,4.8179501772279134e-11,1.198768410383741,0.0009343204629526,
ENSG00000198648.11,STK39,498.1283206791016,1.9710668356363568,6.501810729113493e-21,1.380741330042031,1.1047334639891094e-09,
ENSG00000160360.13,GPSM1,545.7606451686196,1.9680588110345645,3.4027905455332106e-21,1.3936695243830444,8.246498237626629e-11,
ENSG00000170629.14,DPY19L2P2,20.476121900981404,1.9667940478166344,8.442205911939519e-16,1.165168521599614,5.342902316232405e-06,
ENSG00000243978.8,RTL9,42.002712506129065,1.9667667405460687,3.6556118605878123e-09,1.1175002086836583,0.0002518338618084,
ENSG00000270882.2,H4C14,17.138443412358203,1.9662600793125795,9.683311471140454e-18,2.046137238702268,2.1440623045653202e-15,
ENSG00000176654.12,NANOGP1,5.451280165199684,1.965947642678048,8.220698620302549e-07,1.39918545315638,0.0113508752255505,
ENSG00000225649.6,AC064875.1,8.573096172342808,1.96368924598176,6.404591502932975e-11,1.09873462988488,0.0007024182320344,
ENSG00000204791.10,SMPD5,11.609548966505686,1.963147103420175,1.005103138638703e-14,1.4840544829224882,5.249655571137462e-09,
ENSG00000145911.6,N4BP3,83.88975637624027,1.9619717263981176,2.796593586147445e-26,1.8006411408921223,2.85110252890457e-17,
ENSG00000166823.5,MESP1,124.79978318758022,1.961099658025031,2.2125510230959625e-27,1.6971749037925024,2.9917857727244016e-24,
ENSG00000162444.12,RBP7,500.7989392029152,1.9603465836857916,2.3086311644161736e-25,1.7289225989080228,7.375408945599869e-18,
ENSG00000272097.2,AL024498.1,5.295529425536898,1.9602641721553755,1.480058881216594e-15,1.850167155266797,1.755829672385624e-08,
ENSG00000260261.2,AC124944.2,29.47226313411903,1.9599461150922823,2.5178894110969903e-30,1.345057723406859,1.307694519274952e-11,
ENSG00000186973.11,FAM183A,12.293067253813014,1.959485752991604,6.435549119424944e-06,1.0850628617929914,0.0471992332029147,
ENSG00000213199.8,ASIC3,66.90720254774897,1.9579626505655163,2.856851557098637e-25,1.213341103012029,2.5696812742204283e-08,
ENSG00000277744.1,AC011462.4,9.16970363975313,1.9564918053299671,2.7117209081330524e-18,1.4454050442396378,1.3510812153778696e-10,
ENSG00000214595.12,EML6,113.87505397765864,1.95573021758434,1.6980053735691931e-22,1.015117163634922,3.133979299189182e-07,
ENSG00000104901.7,DKKL1,12.519095127866,1.952363885518362,6.106399243055303e-11,1.259285442165044,4.3111250532428544e-05,
ENSG00000022567.10,SLC45A4,443.4572070163937,1.9517918393812612,9.786846076698716e-17,1.0746815357792878,1.1246647016760832e-06,
ENSG00000137460.9,FHDC1,61.15119123168416,1.9497187623120904,7.207276713253361e-16,1.3233228802815862,3.640052154579279e-09,
ENSG00000169684.13,CHRNA5,9.300562151610889,1.9494963080320575,2.2428759001171447e-11,1.4172032489141209,3.659313663574284e-06,
ENSG00000169758.13,TMEM266,60.17098010454523,1.9485452141117792,6.619476249275384e-19,1.0776417657507915,2.970578250026634e-06,
ENSG00000224358.1,TMCO1-AS1,12.799264153059148,1.948544586896353,1.6592221005221018e-23,1.8477224194860944,1.9165647133322306e-17,
ENSG00000108106.14,UBE2S,699.0779023893366,1.9480645726667385,3.53176986305257e-33,1.5667362258795157,9.604711706735592e-36,E2F Targets; G2-M Checkpoint
ENSG00000013810.20,TACC3,1232.6369661551014,1.9476354810637737,8.432286010284214e-36,1.49889872377282,9.19418372591058e-29,E2F Targets; G2-M Checkpoint
ENSG00000167702.13,KIFC2,463.6250715160044,1.946291285527894,3.113355862564326e-32,1.2310896257790769,2.2484657796593724e-14,
ENSG00000225905.1,AL391244.1,4.658886988772961,1.9414813657783496,1.689607188013728e-09,1.8891007738976848,9.328592492155606e-06,
ENSG00000270557.1,AC013731.1,10.823176882262624,1.941429941424386,1.6571631900812173e-18,1.4679495785898709,3.508643486179593e-09,
ENSG00000225506.2,CYP4A22-AS1,4.882175527761079,1.940375518404148,5.451125308403016e-12,1.677715861712012,1.9380744054065244e-08,
ENSG00000284523.2,AC004834.1,4.491717834828917,1.9377085455510088,1.4722034587768746e-13,1.5104979390430224,0.0001009281910069,
ENSG00000203761.5,MSTO2P,65.50345210198523,1.936470168910403,2.9666103328354955e-35,1.251045138217916,4.705745104930184e-17,
ENSG00000197461.13,PDGFA,1042.813578340111,1.935013692384152,4.971635553666003e-26,1.6948994902217958,2.0299020685189012e-20,
ENSG00000278828.1,H3C10,154.47122517549033,1.9346289871609077,8.105909328258423e-17,1.4723725589381318,6.807412827165612e-12,
ENSG00000243224.1,AC006252.1,6.701492041839063,1.9342950752587853,5.2395430606724615e-16,1.7167848310089866,1.8488085995538807e-08,
ENSG00000104808.8,DHDH,23.121670931806563,1.9285921271025404,1.754619222340495e-12,1.2243877733953847,1.342798648802976e-05,
ENSG00000246877.1,DNM1P35,22.29090389513476,1.928108210017617,3.4257424842411543e-16,1.418660039944169,1.0265198228778944e-08,
ENSG00000272899.4,ATP6V1FNB,10.042926996664391,1.927356381105668,7.071081468767416e-13,1.0517552213584913,6.155551288903783e-05,
ENSG00000274925.1,ZKSCAN2-DT,47.0892735301645,1.9255964956200775,1.7230629862689613e-39,1.2584363585021558,5.0907086285198206e-12,
ENSG00000181638.20,ZFP41,428.9489689829593,1.9229967463889568,3.148373646947479e-45,1.7200429358640672,3.4360339618596035e-39,
ENSG00000264769.1,AC145207.8,5.543514682290591,1.9226520317299356,2.3893316094273933e-09,1.4401049258197451,0.0012078489898168,
ENSG00000188368.10,PRR19,65.28895892203032,1.9224477547462853,1.5066954473789456e-12,1.281180151862571,8.115706311993552e-07,
ENSG00000236675.1,MTX1P1,95.5753682906212,1.9220295649401016,3.848150342630817e-29,1.8858697819397527,3.530507621836957e-34,
ENSG00000114279.13,FGF12,190.4446064217605,1.9216413525032712,5.0562398957016495e-12,1.0280744841163008,5.244968937838697e-06,
ENSG00000198723.11,TEX45,7.908895048634335,1.9195114375406592,5.417642415139487e-10,1.2711446337395913,0.0005417226519156,
ENSG00000239415.1,AP001469.3,35.84423997107647,1.9192083902451065,5.603662595864218e-23,1.587384304166859,6.69544922648069e-16,
ENSG00000213777.5,AC011487.1,4.106799752407032,1.9175059493682367,9.73190538329501e-08,1.0972629099958284,0.0303806384585278,
ENSG00000276071.1,AC074138.1,3.6294680253145097,1.916784226545304,8.75780596768989e-11,1.439476528197794,3.282939994746982e-05,
ENSG00000160949.17,TONSL,665.0255104868975,1.911544501854384,1.166127803696066e-45,1.5195384067980624,6.676388277361551e-30,
ENSG00000188015.10,S100A3,20.273581112181724,1.9114372761733127,8.886110866745226e-20,2.325546015199056,1.597892032312319e-11,
ENSG00000164171.11,ITGA2,387.9652887608809,1.9087100278809144,1.640729734953531e-17,1.7194682010525906,1.6643589088993645e-14,
ENSG00000286375.1,AL512590.3,4.39378522550515,1.907195798298227,1.471743608161879e-09,1.5013808641122983,0.000305598755846,
ENSG00000286931.1,AL136419.3,9.582602687939712,1.9067896796241235,3.0454299764527204e-17,1.9790421281350228,1.0948262241080517e-13,
ENSG00000204540.11,PSORS1C1,26.77592372472711,1.9024720129336183,1.0545879159468569e-10,1.3420889275827124,6.661289439523087e-05,
ENSG00000204531.20,POU5F1,74.39266375160028,1.9010754304265167,1.0083137644905482e-20,1.038158679767396,3.1564795469080533e-07,
ENSG00000125319.15,HROB,131.1012150978516,1.8994034615269084,9.04858892268102e-32,1.233097810843721,1.521336888021067e-12,
ENSG00000175643.10,RMI2,296.17322500230125,1.8993041338401035,1.3200413892110147e-23,1.7750679927356885,1.1585177953461306e-16,
ENSG00000184445.12,KNTC1,527.9408835507292,1.8967262596845669,6.607741317188989e-32,1.3752335804084868,5.880081006701215e-19,Mitotic Spindle
ENSG00000175877.4,TMEM270,11.70244246811244,1.895924172001269,1.1740248305541927e-07,1.1226111998945978,0.007105367988816,
ENSG00000283031.2,AC009242.1,5.294732198512629,1.8949117658487036,6.992570637163701e-10,1.070218811545339,0.005486816709267,
ENSG00000273373.1,AL355488.1,107.31225990276856,1.8929888185179489,2.414589740450409e-34,1.391105922244105,3.319379731642993e-14,
ENSG00000204366.4,ZBTB12,116.0312391081572,1.892681083820006,7.517048529806865e-31,1.2488061276734177,1.2129683013992268e-15,
ENSG00000274641.2,H2BC17,8.832903066241347,1.892545532528156,2.35779114210596e-12,1.447122154716236,3.5276767184151344e-06,
ENSG00000224418.1,STK24-AS1,10.691661093803924,1.8879843007633763,2.198217152267843e-18,1.4713845228784712,3.295908091218262e-09,
ENSG00000287808.1,AL355999.1,9.668942597592212,1.887909750279182,4.897522424411658e-17,1.3627248759926758,2.843629714511284e-06,
ENSG00000283235.2,AC139493.2,9.899986309453825,1.8868883195372712,1.1735737945542054e-09,1.03583799635367,0.0032716060111451,
ENSG00000202441.2,RNY4P10,6.784523809267189,1.88644791095412,8.119928167545465e-17,1.3280090388091874,7.78637501864759e-06,
ENSG00000143179.16,UCK2,910.8128652904958,1.882184245052517,7.402308728179893e-52,1.7742661819675098,3.33034079719362e-40,G2-M Checkpoint
ENSG00000232306.2,AC012485.2,3.933017866084512,1.8817385721109656,6.853671369950414e-09,1.368504262587363,0.0014948736468894,
ENSG00000261168.1,AL592424.1,29.570341871567543,1.881138852590796,4.106328377389657e-18,1.122221125331321,2.4839208825429165e-08,
ENSG00000182175.14,RGMA,45.51823103905407,1.87959981794568,1.1411359927158134e-19,1.7162448158771308,7.240613315398552e-14,
ENSG00000272720.1,AL022322.1,27.39623218618303,1.877286734514096,1.5768940767795242e-21,1.0593271268905953,2.842942630114562e-06,
ENSG00000276710.4,CSPG4P10,23.85518723030157,1.874735571799546,2.389557215507878e-19,1.2786611687895335,1.5433643875178188e-07,
ENSG00000227621.1,PHBP11,19.690562746912622,1.8734265340020413,5.2061647428776315e-14,1.3481314703642011,1.3560214906726816e-06,
ENSG00000279198.1,AC008894.3,7.412919739653178,1.8731276899763871,6.108603129495668e-14,1.2920630240651705,1.6796571213655687e-05,
ENSG00000232434.2,AJM1,216.9685845220147,1.8694171526147447,1.459004807891889e-34,1.4282575058560605,6.1975809703136096e-18,
ENSG00000197275.14,RAD54B,53.15064763089545,1.8662571227051288,2.011279426132721e-36,1.3637487145611271,4.3959628109470216e-14,
ENSG00000273064.1,AC017083.1,4.693880746758491,1.864400399721683,6.366144220119966e-13,1.501609755276011,3.27575149726229e-05,
ENSG00000186638.16,KIF24,96.72193952134076,1.8640936596796285,2.5237274861249746e-29,1.575688949379742,5.396381452889075e-23,
ENSG00000129682.16,FGF13,277.04951730479945,1.863379884806172,6.192135885867065e-14,1.7375554661424846,5.5829838481525215e-12,
ENSG00000120457.12,KCNJ5,213.35930583612708,1.862972658299587,6.1284886044799e-16,1.546638306509734,8.842573749187872e-13,
ENSG00000265100.1,AC005332.1,5.913255706142917,1.8582779435510863,1.829360281242437e-15,1.4485623956131686,1.8945113674395066e-07,
ENSG00000171462.15,DLK2,68.21588666994752,1.8573309057460416,3.7434244031016e-21,1.1764407151551302,2.41522864241136e-14,
ENSG00000198467.16,TPM2,1950.794034062715,1.8570499863295349,1.7362176252105004e-22,1.114148537102857,2.0014165916550688e-08,
ENSG00000113319.13,RASGRF2,261.9890393847808,1.856980702514947,8.266189720553271e-30,1.7288275754730578,1.447860340550041e-32,
ENSG00000275632.1,AL035461.2,19.93297033384245,1.8566956160680468,2.4367400723570243e-17,1.2649212755132164,3.496263562869605e-10,
ENSG00000204528.3,PSORS1C3,22.24036410539646,1.856509605985156,1.4399138194000422e-10,1.0696648879129034,5.313155506811492e-05,
ENSG00000273179.1,AC092535.5,98.94247998520378,1.856128236269996,1.2131133838284499e-20,1.060932191541855,1.850769768237694e-06,
ENSG00000230615.7,AL139220.2,11.469568861760065,1.8555848141624844,1.6025848465252117e-12,1.1963200288652434,1.978768547781455e-05,
ENSG00000225762.1,LINC01389,19.712765482966848,1.855013439342211,1.6333625747280592e-15,1.056499472483078,1.022673108049388e-06,
ENSG00000179058.7,C9orf50,4.29925188597022,1.8543478476828097,4.37946282380298e-09,1.3291481528219722,0.0006010830276884,
ENSG00000014914.21,MTMR11,549.0032442233522,1.8521280726348064,1.1420380227472253e-18,1.2411907492868748,2.427347235858701e-08,
ENSG00000163017.14,ACTG2,277.0582326710892,1.851419895390632,8.733953768685103e-18,1.7899736506618007,1.9125464796888647e-15,
ENSG00000161647.19,MPP3,98.85898066039292,1.8501325105774693,1.6741425440067084e-19,1.0619596915237128,2.729240814524795e-08,
ENSG00000091972.18,CD200,139.5605363560493,1.8469304439831276,3.68931010259984e-27,2.042154008773518,5.589103830588919e-27,
ENSG00000162415.7,ZSWIM5,305.3406998561686,1.846125397008794,1.1443436920704539e-15,1.240528742139576,1.3079447760385197e-06,
ENSG00000163536.13,SERPINI1,271.7986013997412,1.8446449376868332,1.3224614446751877e-18,1.234306129326665,4.56521655771876e-14,
ENSG00000254726.3,MEX3A,280.06615659640994,1.8432279390384532,1.0430920558324207e-20,1.2603807056454612,6.387301906932753e-12,
ENSG00000258725.2,PRC1-AS1,5.041218121016608,1.84161253239492,1.0871152638469784e-12,1.2474242514273863,0.0003031796844683,
ENSG00000172167.8,MTBP,108.39846097362545,1.838613626694953,2.2814700278731053e-39,1.5262794026857238,1.5565753987184886e-28,
ENSG00000267251.2,AC139100.1,24.6661722156982,1.8383116886895383,1.0371457621971865e-12,1.023361796248227,1.2648147580357304e-05,
ENSG00000220323.4,H2BC19P,28.87119926381346,1.836584206556412,1.6763380403351597e-22,1.7270320841575653,6.116151565701353e-16,
ENSG00000225855.7,RUSC1-AS1,158.50033905007527,1.8355794961847416,6.714080619925246e-30,1.1957261113158046,5.426489362339677e-11,
ENSG00000236740.6,AL033384.1,5.575183711027097,1.8348106434842717,9.501784050062524e-07,1.7000767369554026,0.0009878351945495,
ENSG00000158106.14,RHPN1,320.3553187085924,1.8340024369499803,4.655309449290904e-21,1.1593067528638696,1.6297944898035295e-09,
ENSG00000271966.1,AC021321.1,5.253200392489871,1.8328114266497813,2.16405399624208e-12,1.1725997649427045,0.0001842534905429,
ENSG00000280721.1,LINC01943,20.73541819274997,1.832533303882746,9.99411539248666e-16,1.4369503260980594,8.420921329272319e-08,
ENSG00000153044.10,CENPH,186.1375280532288,1.83170522118326,1.6996027569395704e-40,1.5302069921247887,2.7667213812671212e-34,
ENSG00000124140.14,SLC12A5,29.243419586530585,1.8313968994262635,8.007368400369107e-13,1.0329610422623885,1.8305359899533703e-05,
ENSG00000115129.14,TP53I3,1082.35771582548,1.8303177123879355,9.795353720127882e-25,1.5681092562725578,1.119626090494033e-16,
ENSG00000233930.4,KRTAP5-AS1,10.845025564533053,1.829385692558776,2.0136480041776704e-08,1.0125672854126304,0.0053893385895541,
ENSG00000227992.1,AC108463.1,10.285682308521782,1.82832582844023,1.1175194302640492e-18,1.5827181749401005,2.7004812270436914e-14,
ENSG00000253978.2,CTB-178M22.2,5.288595441226593,1.828121356342953,2.179149547703591e-09,1.3369795446274295,9.693964667516469e-05,
ENSG00000179750.16,APOBEC3B,100.11254173084016,1.8269970155143584,3.639561542525324e-12,1.8513154675075063,8.309780441502098e-15,
ENSG00000262903.1,AC027796.4,18.846425170055817,1.8214272951233563,1.3115517696314756e-15,1.0116667197500202,1.568091440430723e-05,
ENSG00000272070.1,AC005618.1,8.823327433099225,1.818687322732032,6.255212653987865e-11,1.133846966740332,0.000623158890987,
ENSG00000232940.6,HCG25,19.93180461667141,1.8178452153122435,2.102266525317755e-34,1.632518916046043,2.152340081897027e-23,
ENSG00000198944.6,SOWAHA,556.1346066978509,1.815677392622857,1.677506888093233e-19,1.2959634567033185,2.315960535400524e-09,
ENSG00000110786.18,PTPN5,5.904856614698483,1.814918077976624,2.9992452293290644e-08,1.278377808394125,0.0029176311088694,
ENSG00000103064.15,SLC7A6,104.60513592519328,1.8145392415596284,1.4682525274962858e-26,1.587827136997309,7.426056511826022e-15,
ENSG00000136040.9,PLXNC1,632.8313038549954,1.8098425900520436,6.783400530597189e-20,1.648137011066851,2.983480816331882e-12,
ENSG00000214353.8,VAC14-AS1,56.13746934544859,1.8083982261619664,1.5578556616246763e-10,1.114422727235603,8.188996980520915e-05,
ENSG00000273542.2,H4C12,10.577847265645286,1.8073274093750225,4.775578497246442e-13,1.4776471224599923,4.454175963163784e-08,
ENSG00000261220.2,AC103706.1,40.118157870585286,1.8072916077738317,1.9277874147884597e-19,1.2714690880887878,8.621547989170837e-09,
ENSG00000186364.12,NUDT17,63.89242592660501,1.806320494393406,1.209606906714653e-31,1.3175874862747283,1.1846859637936645e-15,
ENSG00000172965.17,MIR4435-2HG,351.51496911986345,1.8050396703622889,2.1741905821378206e-45,1.578802327727275,1.7712476830429777e-27,
ENSG00000259605.3,AC074212.1,24.3029107396788,1.8043387200986407,4.036288364275447e-17,1.059608881073403,1.1601271018752496e-06,
ENSG00000106268.15,NUDT1,459.85099003297336,1.8035227313456967,1.6026139804044625e-30,1.315546200031792,4.8761852514840773e-23,
ENSG00000135835.12,KIAA1614,68.73286831463663,1.8026068744272608,6.950762588755478e-23,1.3339894961181624,9.706216489790629e-14,
ENSG00000006747.15,SCIN,36.87598657500739,1.801604662367208,7.377034522546828e-10,1.0905939091179355,4.069379975315552e-05,
ENSG00000283341.2,AC068205.2,37.57574144146913,1.8011557112095542,1.36305161999359e-29,1.2949531667221492,5.094682347566628e-10,
ENSG00000172159.16,FRMD3,209.9132043968832,1.800838017024356,2.7525142100749388e-11,1.0227933504754083,8.794272771774052e-07,
ENSG00000188766.12,SPRED3,24.312146735431927,1.800454338139082,2.714670815574494e-16,1.300169311314999,1.392614269245681e-09,
ENSG00000131242.18,RAB11FIP4,1613.0082509859124,1.80025600516576,1.6210596895804548e-29,1.267385058692312,3.059703016975189e-13,
ENSG00000227388.3,AL133410.1,17.77902267282662,1.7974452325154358,1.7266950241453904e-19,1.0878506535274524,4.166097760733903e-06,
ENSG00000273424.1,AL008582.1,4.589841256339449,1.79678395448173,7.711309709907987e-11,1.5121743906296028,2.896268037268191e-05,
ENSG00000214796.8,TUBA5P,243.9951657037381,1.7948582094544412,1.432169380229815e-18,1.2923058917851484,3.9098771080704334e-08,
ENSG00000228526.7,MIR34AHG,159.8665957219892,1.7947427589228566,8.570146659939521e-31,1.329417057743312,1.1362544653228408e-10,
ENSG00000164270.18,HTR4,16.51338468083955,1.7935938726309906,1.3087487135041448e-07,1.0247232402039068,0.0035460944846044,
ENSG00000218358.2,RAET1K,4.406555090968654,1.789511334067321,9.236188695528905e-09,1.43221477064691,8.100480996981458e-05,
ENSG00000227540.1,DNAJC9-AS1,15.002688923781742,1.788844968459565,2.15113283473247e-24,1.2552150199128145,1.2978420456502016e-08,
ENSG00000255364.1,SMILR,7.88308298878585,1.7887947649120337,1.6464101402069005e-06,1.4592287619071878,0.0012814550201581,
ENSG00000272716.1,AL121658.1,6.74500959202569,1.787141394362758,1.6262836600480368e-14,1.514979567820456,3.5795025866563036e-09,
ENSG00000247081.8,BAALC-AS1,79.1756970068242,1.7869982298349862,2.9474496420936906e-18,1.385654982198074,1.944136387276784e-16,
ENSG00000162409.11,PRKAA2,588.4060792487119,1.786924530039385,1.8985289790911398e-12,1.048849299706695,0.0002789942549628,
ENSG00000273473.1,BX649601.1,10.23904647680766,1.782725135198772,4.747783505586821e-12,1.213273936314322,1.799655439577235e-05,
ENSG00000040275.17,SPDL1,280.23871168365423,1.7826816962609682,3.7265506482586623e-50,1.4395711823902944,9.026021834774862e-39,
ENSG00000188460.4,ACTBP11,8.541668016764342,1.781045016618318,2.0424939812457536e-12,1.144113736513214,4.523657739014072e-05,
ENSG00000176244.7,ACBD7,42.72334753843944,1.78070966441363,6.1010189240056795e-18,1.3594697279449977,4.961282505970563e-09,
ENSG00000279720.1,SOWAHCP2,3.453681450029172,1.7796031254602886,2.263137969655419e-07,1.4569192404402307,0.0029382991152018,
ENSG00000273374.1,AC069222.1,4.258196288100452,1.7772639408543256,1.171787886609351e-10,1.0334704569621374,0.005788823131859,
ENSG00000186198.4,SLC51B,392.6781234195201,1.7771008657414424,4.079467577023748e-15,2.2355490859710927,5.056997397176823e-16,
ENSG00000127324.9,TSPAN8,4075.0600760603943,1.7762398477196712,7.013205045251029e-11,1.045743755547236,0.0002655440986804,
ENSG00000102878.17,HSF4,420.8623896879013,1.7748855758268434,6.166113923039472e-29,1.241923902646894,2.068186470619445e-12,
ENSG00000141577.14,CEP131,587.4003480679097,1.7741098674288387,1.152176668693743e-51,1.4758099817056822,5.508098454978536e-52,Mitotic Spindle
ENSG00000130711.5,PRDM12,7.953762001617483,1.7710768057596789,3.0890684513830268e-12,1.4814279959995584,1.705679752152695e-08,
ENSG00000170382.12,LRRN2,170.18939277329522,1.7705728731015424,8.859178725409933e-12,1.0364537763664778,8.6136508603383e-05,
ENSG00000274750.2,H3C6,155.50000843444104,1.769286725413667,3.1055124963180463e-19,1.1095284136307744,2.2622933139599527e-06,
ENSG00000106404.14,CLDN15,2029.2077835382036,1.768157492105497,2.1399494585397538e-17,1.238444438412334,1.387065959579832e-09,
ENSG00000124635.9,H2BC11,68.88198542641659,1.7665210020567494,1.0631058464406945e-13,1.0385042010575627,0.0001589625326235,
ENSG00000158882.15,TOMM40L,783.233568003522,1.7658181810200324,1.957590664693285e-62,1.6833981668165512,1.3841453097467948e-39,
ENSG00000183682.8,BMP8A,68.46395035827226,1.765147793606418,5.5097956021095204e-17,1.1392692059477076,3.636059591408896e-07,
ENSG00000286482.1,AL117344.2,6.4680439308984665,1.7650949183473337,1.828125970464197e-14,1.3941251807862705,1.060366811532816e-05,
ENSG00000121957.15,GPSM2,165.54574480193156,1.7646735690054205,1.638222295354194e-31,1.3946828316989153,7.940820976329087e-26,
ENSG00000079101.16,CLUL1,4.912141075850991,1.7632180678576157,1.360856453998062e-07,1.1319730841444733,0.0058578702015363,
ENSG00000059588.10,TARBP1,1313.5621774013998,1.7628366094358792,3.3532563544244115e-49,1.3556344176335706,3.91964062480284e-30,
ENSG00000279691.1,AC113410.3,5.749696535889929,1.7613798588096476,4.230953629039887e-09,1.0196871164571506,0.0029888332826795,
ENSG00000187498.16,COL4A1,9132.724937557476,1.7598759410292029,7.133083976754367e-29,1.8114084331798228,7.756844585419946e-30,
ENSG00000258388.7,PPT2-EGFL8,5.1189312989385565,1.759425029732576,1.8282159253420084e-14,1.1872014553724637,0.0006078135480358,
ENSG00000277383.1,AC010331.1,10.910015612259594,1.755893168174624,2.742574501532129e-15,1.012614433377467,2.511860374980348e-06,
ENSG00000279926.1,AL138831.3,15.189124055251243,1.7538340448407252,1.022232161064208e-19,1.353563282966854,1.2894009226739033e-08,
ENSG00000176692.8,FOXC2,19.85740356402386,1.7479066797422849,1.0726839318596786e-08,1.3625356033710068,4.653191812637028e-07,
ENSG00000221944.9,TIGD1,130.76414927735203,1.7478182522962993,1.1881387492330153e-33,1.238531233277533,2.164321344759879e-17,
ENSG00000231305.4,AC112484.1,23.4130019984966,1.7477028305804496,6.278716726676595e-17,1.142130360870359,2.536919761855174e-06,
ENSG00000212694.8,LINC01089,195.1759177962144,1.747596572616931,6.881440234024328e-36,1.2457915512716875,1.024131199151453e-15,
ENSG00000187583.11,PLEKHN1,46.4169232917332,1.747433081215824,3.4297586549869618e-12,1.097880807500316,8.81254287901073e-05,
ENSG00000131153.9,GINS2,363.9999168486447,1.7469285442124405,2.3195711037227364e-25,1.5364374235960132,3.49881242769362e-17,G2-M Checkpoint
ENSG00000165730.16,STOX1,57.72090383529137,1.7464601670494488,2.0757747098109927e-10,1.1165495421649194,2.195202794146313e-05,
ENSG00000274080.1,AC005089.1,36.83941314149909,1.7459100730718655,1.073005615391634e-18,1.360918697649781,1.2077489195763944e-09,
ENSG00000070882.13,OSBPL3,367.7599407249898,1.745178318462253,1.3243675708145753e-29,1.3597520374447842,4.642686729490103e-13,
ENSG00000279873.2,LINC01126,11.238412069559558,1.7451635677166168,3.728615307063752e-14,1.2497038150802662,5.328039258057688e-07,
ENSG00000267213.4,AC007773.1,26.27612356002712,1.7446690649707126,5.2415826637248645e-15,1.2525419305113072,3.963265163106765e-10,
ENSG00000277715.1,AC079174.2,21.34054937643081,1.7444787508086077,1.435024705855387e-22,1.235925337522194,8.577218674493101e-10,
ENSG00000133985.3,TTC9,961.3630852824316,1.7424392064129797,1.4804069212353321e-13,1.6235188766336954,1.3336565753833489e-11,
ENSG00000264424.1,MYH4,2115.9484332468774,1.7421823423418616,7.850987427728457e-20,1.4692945956141206,5.6618548668714824e-08,
ENSG00000160766.14,GBAP1,77.85089191172447,1.741015998527185,9.774904439311692e-28,1.3239345408050407,8.014576454689366e-19,
ENSG00000234616.9,JRK,374.6541374724712,1.737773066136001,4.2919036278212445e-47,1.4854030546191836,6.424090249241724e-33,
ENSG00000104213.13,PDGFRL,74.69397544268459,1.7352201382637775,4.414458618215205e-16,1.0656208435606649,2.088162211718382e-07,
ENSG00000239521.9,CASTOR3,166.72548196271603,1.734565302032846,4.2261179779553046e-32,1.645113100482401,1.5798969688744528e-19,
ENSG00000163517.15,HDAC11,1016.165757881204,1.7344652648385346,8.172584185561493e-40,1.4795010463499378,4.785112021431347e-30,Wnt-beta Catenin Signaling
ENSG00000185168.5,LINC00482,178.87354266259996,1.7314884597181368,1.4676829294041144e-19,1.2006237846677603,1.1077642836097076e-10,
ENSG00000265055.2,AC145343.1,22.330652151100047,1.7294476069486326,1.492566433553846e-16,1.6084143141793488,1.5969636135063966e-12,
ENSG00000165757.9,JCAD,966.1978588400848,1.7268147897241202,1.4201792553130194e-25,1.419307335318902,3.4427482516501777e-18,
ENSG00000280184.2,AL023806.3,5.10029209726098,1.7236779175594166,1.6781389289514862e-11,1.0967151727931534,0.0008659475808897,
ENSG00000134940.14,ACRV1,4.790850481401829,1.72284159201228,1.0838777008989866e-09,1.150484050675987,0.0003093490977783,Spermatogenesis
ENSG00000102302.8,FGD1,103.63143405769776,1.7223210219728964,1.078633986348389e-15,1.148539489238669,9.167560928123714e-09,
ENSG00000125459.17,MSTO1,467.6582180981623,1.7217433527380768,9.106001139364465e-59,1.5196394633284345,4.270549271237892e-36,
ENSG00000117586.11,TNFSF4,160.56626394072552,1.7210228529168623,1.3949576422825502e-17,1.0305663965711136,2.3859704015226216e-08,
ENSG00000117407.17,ARTN,19.15076286735784,1.7178646763130436,1.0190138126033903e-13,1.029278304288921,9.087443312536672e-05,
ENSG00000264148.1,AC138207.3,4.694676202927454,1.7175163007094048,8.150914483584352e-08,1.212567187615286,0.0007932566491495,
ENSG00000203288.4,TDRKH-AS1,11.045995628110756,1.7150120939656537,1.0217366591049484e-16,1.373689388120544,4.6501837174866074e-08,
ENSG00000253339.2,AC111149.2,75.15901601274598,1.71448539439512,2.959254920353002e-06,1.0045635117240264,0.0174303381729564,
ENSG00000163918.11,RFC4,663.2174581903196,1.7137404391262905,2.5431181216856026e-42,1.364073845135865,1.965234775431049e-34,Spermatogenesis; Myc Targets V1
ENSG00000076003.5,MCM6,1313.8032744779955,1.7126307323352716,2.6641929858344795e-37,1.5386386741992075,6.228945417021458e-35,E2F Targets; G2-M Checkpoint; Myc Targets V1
ENSG00000245322.7,H2AZ1-DT,5.464161107798552,1.7118145971402614,2.369612492445889e-12,1.1731936602028308,5.9341581762290346e-05,
ENSG00000176597.12,B3GNT5,374.9933761044458,1.711540963050574,2.2034740921782138e-11,1.638656579691138,2.5219148256649522e-14,
ENSG00000113758.13,DBN1,1172.2945855031371,1.7095169192722952,1.331314705855915e-16,1.038284935830425,1.065405926265278e-06,
ENSG00000196407.12,THEM5,149.8517227434663,1.7086116881356446,2.2911333144819423e-26,1.889459479977984,8.60516655199535e-25,
ENSG00000170498.9,KISS1,102.45578527759812,1.7072538355524116,1.469734015204071e-12,1.0368112320711036,1.9754533200516957e-05,
ENSG00000143867.7,OSR1,58.95493346355094,1.7071095569436774,3.667510025359932e-09,1.1547673128112013,2.14871101356272e-05,
ENSG00000106113.19,CRHR2,14.8150435348321,1.706196844094063,3.589202741226873e-16,1.5831875813582317,2.1573191461839374e-09,
ENSG00000288009.1,AL353135.2,24.99062254103012,1.7060107380316525,3.712683031962465e-17,1.2862343142900143,7.102241497304032e-09,
ENSG00000139438.6,FAM222A,628.8230431571021,1.7048823042269283,6.1455797098863554e-27,1.4238555282866938,2.5766554596465732e-14,
ENSG00000254333.1,NDST1-AS1,15.080330713562825,1.7036785560657228,1.8284580237711693e-07,1.0731345247478874,2.6801358509259168e-05,
ENSG00000251131.2,AC025171.3,4.993268675707347,1.7032476025481025,4.556010692482828e-10,1.6488085254056424,7.49213174714776e-07,
ENSG00000060982.15,BCAT1,251.79914368685797,1.70309983080716,5.984038228877072e-14,1.0561929780597854,1.631803917857182e-09,
ENSG00000167291.16,TBC1D16,1897.8115427874932,1.699723812037352,3.1459635342375436e-48,1.7102005719437223,1.0043174356525536e-43,
ENSG00000237032.1,RPSAP7,10.24909324570116,1.699576323585894,2.3091352316443437e-12,1.225377512663916,3.989958453029244e-06,
ENSG00000169627.9,BOLA2B,23.452234876302068,1.698123887216722,2.660719248849444e-17,1.0087971046216244,4.197771336220409e-07,
ENSG00000286230.1,AC010327.7,5.946341016054412,1.6974339402414185,1.1163269054042851e-09,1.4258596325498585,3.1338106965622724e-05,
ENSG00000277007.1,AC096642.1,13.248728179466829,1.69687927386331,4.7639080453366456e-17,1.2512162475989772,2.2455945923333494e-06,
ENSG00000124243.17,BCAS4,188.52800554866928,1.696538132580847,4.3553274009938474e-20,1.0475798681749864,2.0195824225961012e-08,
ENSG00000197363.9,ZNF517,683.3209495548132,1.6961723420883832,1.8288911101619203e-37,1.3910887751306185,5.1459668659126815e-26,
ENSG00000134769.21,DTNA,759.4294635971737,1.6955165883309011,1.0584334849609108e-15,1.5987412536967278,1.5999520293117576e-09,
ENSG00000271427.1,AL358072.1,4.657008041198295,1.6936908202097458,1.3942134947160556e-12,1.2921575881675562,0.0001021982959492,
ENSG00000203668.3,CHML,585.7943722273171,1.6922338699919013,1.9790449080085414e-23,1.3711687639053662,5.455395597413245e-16,
ENSG00000198720.13,ANKRD13B,101.35097669779938,1.690638001451755,6.709800756965457e-22,1.2592352208880024,8.941210823705339e-19,
ENSG00000157782.9,CABP1,13.48179933678585,1.690269698471819,6.008816783405879e-12,1.7192069547288829,2.3177048704591773e-08,
ENSG00000184792.16,OSBP2,192.2563517820757,1.6878830454608966,2.762007342580797e-18,1.0022693206327429,4.7831124628890874e-08,
ENSG00000236305.1,SLC12A9-AS1,8.7179829026209,1.6865414159977663,8.318386613381835e-10,1.0907173940266903,0.0002053446157177,
ENSG00000187486.5,KCNJ11,133.93956442206434,1.68530279056284,1.1726389125755256e-12,1.4271956978691942,2.593560201801256e-11,
ENSG00000127586.17,CHTF18,439.096197656608,1.6838685932636202,1.731880745032781e-36,1.0716153938274426,1.848205996972377e-15,
ENSG00000259305.6,ZHX1-C8orf76,4.940889998833195,1.681744401579307,7.449950604832944e-11,1.2740889459522,0.0001323995722294,
ENSG00000137309.20,HMGA1,3571.399720107245,1.6801132674367487,9.682709066067808e-25,1.2842773294457774,4.1656098927418575e-15,E2F Targets; G2-M Checkpoint
ENSG00000280107.1,AL022393.1,5.949784104472352,1.679875212943516,2.4036305566790163e-08,1.0757760850091287,0.0010481585124174,
ENSG00000184916.9,JAG2,503.873108781736,1.677864173120618,3.9954041406987753e-25,1.4716727875258282,5.755055867651505e-14,Wnt-beta Catenin Signaling
ENSG00000273723.1,SUGT1-DT,17.045146878304163,1.6772638575902727,1.4529816163336957e-22,1.010442671787375,1.544554153358034e-06,
ENSG00000280351.2,AC127496.7,19.906939094089907,1.676937081736928,4.919283093005792e-22,1.6473561417144729,1.0606416103100328e-20,
ENSG00000156802.13,ATAD2,2054.753060911514,1.6737319022602333,8.78320420516191e-28,1.12441046152672,2.07251436115674e-14,E2F Targets
ENSG00000171163.16,ZNF692,904.1041270090448,1.67048818326605,3.6906625357063824e-45,1.1318499290863273,3.294410185948654e-20,
ENSG00000260339.1,HEXA-AS1,13.152378955478934,1.6696034195036549,3.040127850745129e-14,1.3716678859307838,6.914597785048941e-10,
ENSG00000266490.1,AC127024.5,5.422105776268157,1.6685271659989007,2.904135812871494e-12,1.101441878212539,0.0001061267672506,
ENSG00000261186.2,AC093642.2,8.940536862641283,1.6667692567408507,4.6115436683718685e-11,1.1540950038052704,0.0001810166811241,
ENSG00000267934.1,AC010300.1,22.4560244195923,1.666412920218963,4.7407825445770685e-17,1.1391180258665448,7.545582635819455e-08,
ENSG00000147536.12,GINS4,96.47927804355965,1.6643534774321682,5.3647799210919515e-18,1.276836951822773,6.267146773813133e-13,E2F Targets
ENSG00000183171.5,BX322650.1,5.917034758040156,1.661965031096736,1.7500551152055863e-09,1.2865922756097727,0.0010884280541624,
ENSG00000277476.1,AC005332.5,108.28253301319462,1.6582971717261694,9.124315498954173e-38,1.1074327342471677,4.079959389902288e-15,
ENSG00000231982.1,AC112907.2,7.395238154506683,1.657794120974785,2.4652426019214547e-10,1.310586842842176,3.948409468228632e-06,
ENSG00000279536.1,AC093458.2,7.085049326495829,1.6571725569120874,6.454478334329018e-11,1.5153331693050098,5.380572266635835e-06,
ENSG00000274427.1,AC145423.1,4.868771595926773,1.6538556404063995,8.1476653204779e-09,1.052377348397034,0.0014147955100377,
ENSG00000269220.1,LINC00528,57.421334597622845,1.6533828365231753,2.35939496621013e-21,1.2298893627297964,7.283234987882727e-10,
ENSG00000204950.4,LRRC10B,21.16268745732133,1.653305137985898,1.811759867497468e-14,1.6494007272572082,8.850020099759925e-11,
ENSG00000168952.15,STXBP6,356.39076302383654,1.6527521718082514,4.741745042765279e-23,1.3764165080243964,1.9283200622484402e-13,
ENSG00000206567.10,AC022007.1,69.38836028685749,1.6521304103662042,1.8633920960471195e-28,1.3037907620820433,8.932830152740555e-18,
ENSG00000229267.3,SNHG31,6.140640532217434,1.6514119248090249,1.4797291984707001e-08,1.6819119250951302,7.753469093820111e-07,
ENSG00000160767.21,FAM189B,1273.0326994797235,1.6504031587738366,6.504903578431281e-60,1.5400214916380996,2.105534335054241e-53,
ENSG00000117971.12,CHRNB4,9.901832866700168,1.6500214471084411,3.8556699919674525e-14,2.493204026356978,7.196510474893135e-10,
ENSG00000260095.1,AC106820.3,15.657215880684817,1.6500090756485728,4.934729048838724e-15,1.3278889607373572,5.001005937161605e-09,
ENSG00000163393.13,SLC22A15,154.9414149542752,1.64804383961779,1.1789036236636422e-09,1.3631362891853978,1.1599882154110395e-06,
ENSG00000179168.15,GGN,6.517631552859157,1.6462833732218434,1.9382255928998726e-10,1.1510749362546506,0.0005951982582306,
ENSG00000261236.8,BOP1,3691.519492365361,1.6461370017150294,6.251805766992093e-23,1.2148028878154178,5.3074895163652136e-15,
ENSG00000267769.1,AC011498.6,4.25539706599604,1.6445383913333942,7.471487604111065e-11,1.0865634794268575,0.0014649885038454,
ENSG00000163141.20,BNIPL,35.622273236389866,1.6444818138850938,5.3773893216142665e-18,1.1081893196690669,1.9712805793258025e-08,
ENSG00000156804.7,FBXO32,569.5223851473572,1.643223441336311,3.5667266671416807e-16,1.1575154000156067,1.904299637011118e-09,
ENSG00000160469.17,BRSK1,69.96029147935809,1.6428655966949397,1.0778618633155577e-22,1.3882287236405104,3.0324658330386497e-13,
ENSG00000262097.2,LINC02185,20.213781728573192,1.6421477314517998,5.0728122667012096e-11,1.4755740051019597,4.47013196042082e-08,
ENSG00000225151.10,GOLGA2P7,8.122390129932981,1.6419745931610823,6.578160202599217e-12,1.2313874331313752,2.3075238749971302e-05,
ENSG00000111012.10,CYP27B1,48.93790213932343,1.6419065577938905,6.440640158444906e-13,1.2439262372964497,2.3079657418088213e-07,
ENSG00000257543.1,AC063948.1,5.912855190446544,1.6411523634179546,2.8426583793164705e-13,1.0938974961657348,1.0576764499637144e-05,
ENSG00000144810.16,COL8A1,299.39852028879415,1.6381871010632718,3.822095345576474e-13,1.0962079621533234,8.16921686166554e-06,
ENSG00000106133.18,NSUN5P2,6.729491985866168,1.6380508702203485,4.643757976858842e-12,1.0281754762331534,0.0003275980481666,
ENSG00000109881.17,CCDC34,483.19161511769966,1.6374747969258017,7.557362688999537e-30,1.576679506547703,8.541707864589576e-30,
ENSG00000112039.5,FANCE,163.28787519432893,1.6372519560087082,2.172160966400545e-29,1.3053656254597088,1.2098038961419273e-18,
ENSG00000287678.1,AL031778.1,14.236706354267907,1.6371080408218552,5.935745001378795e-14,1.0433722135368366,1.5128671987788412e-05,
ENSG00000100379.17,KCTD17,551.7208129514185,1.634382375547767,5.298026456279828e-13,1.0150640173891736,3.193520197684184e-06,
ENSG00000106211.10,HSPB1,24143.074983368064,1.634222870967477,2.778637328177184e-24,1.3396812313638375,6.951591657872079e-16,
ENSG00000239382.10,ALKBH6,41.462993329938186,1.6332978791264348,4.8929500835536426e-30,1.0718328308462295,1.3590571214020755e-09,
ENSG00000154065.17,ANKRD29,362.9058735507792,1.6307816138209486,2.714740039981581e-15,1.5107146074026705,1.734732015687872e-11,
ENSG00000276957.1,AL158063.1,4.438171467053336,1.6284651440266198,3.1963331199401717e-10,1.1063150483090856,0.0003124314338395,
ENSG00000155034.19,FBXL18,223.6639107877442,1.6276655851864974,2.347968270605106e-44,1.618657034454678,4.062569421886626e-35,
ENSG00000284691.1,AC073111.3,365.5693040392057,1.6273976466396818,1.0448247161719953e-22,1.2325300324017223,1.5066382524159737e-11,
ENSG00000170681.7,CAVIN4,19.275871724726613,1.62733121296232,1.604296907624745e-19,1.350933863246118,2.4776736872707166e-09,
ENSG00000197921.6,HES5,7.536294828023538,1.6270945095624822,1.0141012817035362e-09,1.675104465599753,4.753230190541573e-06,
ENSG00000279330.1,AJ003147.3,7.052552964574345,1.6249946040930576,2.0762088140153652e-14,1.1944462803366236,4.365351192496547e-05,
ENSG00000134871.19,COL4A2,9651.978626193084,1.6249523083993112,2.5974820251172592e-24,1.6335355469172392,2.3163229861659168e-21,
ENSG00000257698.2,GIHCG,106.21786985080352,1.624939870254308,1.168748927968486e-25,1.2503623037759564,6.444952052673475e-15,
ENSG00000138092.11,CENPO,200.9053531454809,1.6248165952827935,7.9584817926911765e-28,1.3229721736405524,2.536937470369212e-20,
ENSG00000250571.7,GLI4,416.168932371634,1.6245179482587102,5.437938703639474e-31,1.2554347261974004,9.980624767049052e-19,
ENSG00000273008.1,AC010864.1,10.687525565999502,1.6241869607531498,1.1172966741351877e-19,1.2200151164341668,1.5581263581083178e-09,
ENSG00000250208.6,FZD10-AS1,10.109075333998168,1.6218326469385704,1.0380154055610798e-06,1.2067545333385563,0.0002223360676431,
ENSG00000179886.6,TIGD5,515.6112102717898,1.6215416719402915,4.952499410529047e-36,1.4010148368530364,9.499642969356158e-31,
ENSG00000279278.1,AC245060.6,25.373650391714136,1.6177479469328195,1.2845016679333223e-16,1.4572088474562164,5.469282526599166e-10,
ENSG00000125966.10,MMP24,118.11528439737369,1.6170976177580896,2.6738423694750033e-09,1.0745609525526014,3.209539978336341e-05,
ENSG00000176208.9,ATAD5,128.65880715523545,1.6170783733735303,2.1284675948292033e-28,1.152652355982717,1.0792415520217535e-15,
ENSG00000164082.15,GRM2,19.02467672460172,1.6150355843994308,4.4280998303907755e-10,1.0107597051917816,0.0001274355635133,
ENSG00000126895.15,AVPR2,12.20528922126484,1.6140397637222863,3.078420180681811e-10,1.2697249179316787,7.64335913315793e-07,
ENSG00000287625.1,AC022210.1,17.446658087437058,1.6125913909159622,2.9267106564108e-19,1.0474214238428172,1.7485962588633636e-06,
ENSG00000160606.11,TLCD1,517.8683912488933,1.6113720645596117,4.931613064042499e-24,1.1529984583646538,1.3981518531240318e-14,
ENSG00000288096.1,AC109322.2,25.927513356296757,1.6098890103694816,8.833805466118391e-20,1.1446059984745058,2.7090729220309928e-11,
ENSG00000171320.15,ESCO2,97.66141836251518,1.6073346476553576,1.663220971363498e-15,1.6110153387812838,9.857613103466341e-14,
ENSG00000228274.4,AL021707.2,22.270541762546483,1.6069875334162858,1.557812055804577e-19,1.235067222406376,4.689659148334252e-13,
ENSG00000103269.14,RHBDL1,104.46349089888076,1.6067023138850371,1.2417014393747078e-18,1.2384437251176328,3.0761219747458e-10,
ENSG00000250376.1,AC093720.1,34.90470381379728,1.606622669623696,1.0770559982269378e-05,1.1538800817716703,0.0005804126152718,
ENSG00000273249.1,BX649632.1,4.860436872541753,1.606601212566635,2.6647695380115817e-10,1.3094941536687656,1.1424236877363987e-05,
ENSG00000257167.2,TMPO-AS1,147.02293117851016,1.6065500516463245,4.835661063369548e-25,1.01859895697487,1.5667359244098748e-12,
ENSG00000101278.6,RPS10P5,4.308454601049272,1.6048055578920106,1.553640515211234e-08,1.3156176747656174,9.930421907891129e-05,
ENSG00000116299.17,ELAPOR1,95.29566044451006,1.603506870166679,2.318915295556429e-06,1.1064498530802571,2.71243094300566e-05,
ENSG00000188372.15,ZP3,88.731573598582,1.6029439489168076,1.588645953236168e-15,1.1651161073251184,1.3187502187504566e-09,
ENSG00000287003.1,AC008674.1,7.8327046381844285,1.6028685352064556,8.63711261993081e-09,1.3146152247975678,2.795254653437363e-05,
ENSG00000272183.1,AC005041.3,20.662329923978877,1.6013658245913311,4.3561982288469626e-18,1.3367570115645624,7.251349323479237e-11,
ENSG00000168496.4,FEN1,1201.3813732183653,1.601191441755354,2.2900978625368908e-39,1.314502235919359,5.6665274054065784e-34,
ENSG00000156510.13,HKDC1,1555.8159016483412,1.601143123668152,1.6354392485486415e-10,1.3175937982678747,9.080312777982011e-06,
ENSG00000170122.5,FOXD4,8.738597260234412,1.600739562120428,6.085471427997397e-10,1.1325510340584175,3.6995861724723866e-05,
ENSG00000280399.1,AC022497.1,9.55894772176443,1.600237274201936,5.008440500483512e-12,1.226022055435832,6.566510443215217e-07,
ENSG00000260051.1,AL031600.1,7.853492042312149,1.5990630543112756,2.8826867049942942e-11,1.0243032230206413,0.0012302089663533,
ENSG00000104738.18,MCM4,2024.6443212003203,1.5976714282194089,3.7530693662407454e-30,1.2391645371090632,1.4064577816679212e-25,E2F Targets; Myc Targets V1; Myc Targets V2
ENSG00000226913.2,BSN-DT,7.420505695150346,1.596161164282401,1.591419930941826e-08,1.1149423691947546,0.0005334826086781,
ENSG00000267060.7,PTGES3L,7.481591894451832,1.5948538060230826,7.404843076246119e-10,1.184501870036988,3.0398207808534417e-06,
ENSG00000236060.2,HSPB1P1,84.42736703879898,1.594797782638196,1.7951666636540677e-13,1.2440581552835548,2.702119470757311e-10,
ENSG00000255717.7,SNHG1,834.2702896756416,1.5945647908491511,5.5154433106918596e-36,1.0966371796648169,2.1286731470181798e-16,
ENSG00000287264.1,AP003778.1,5.306633795868671,1.594073831537194,2.9073772643568276e-10,1.0280115737646234,0.001044435178528,
ENSG00000134013.16,LOXL2,599.445409095876,1.5938745703507642,3.1313405709843693e-30,1.4517164414008463,1.728212550202997e-20,
ENSG00000126215.14,XRCC3,303.9622959757701,1.5922315772616509,3.572140210215874e-41,1.0792031568946496,2.0620875719441528e-19,
ENSG00000114268.12,PFKFB4,180.45528661280932,1.5894489648769998,3.1853428924448157e-16,1.094988498472901,9.556716058074212e-11,
ENSG00000104549.12,SQLE,4235.212710036467,1.5889398453600196,1.794909613022313e-16,1.711947971410571,8.282180315679245e-13,G2-M Checkpoint
ENSG00000228288.7,PCAT6,77.59183567409826,1.5879236417380906,8.294220507122223e-18,1.242017911070427,5.9693453966333e-10,
ENSG00000204380.4,PKP4-AS1,4.583486247919114,1.58619355292386,4.059084986955765e-10,1.136050712215109,0.0002510625449817,
ENSG00000279459.1,AP001271.2,5.899791851959726,1.5853722640121128,2.6744873808106507e-10,1.1794323982852832,0.0001323995722294,
ENSG00000274290.3,H2BC6,15.780193367230472,1.585188280517902,3.0640667509664056e-14,1.4980848800536075,3.006584616807957e-13,
ENSG00000273724.1,AC106782.4,12.407123687425225,1.5848738308238717,9.3240586935363e-12,1.0666216556104613,0.0001287182446482,
ENSG00000151208.17,DLG5,639.0889541299354,1.583237216529518,2.176988537183489e-19,1.1350563757337566,1.9746387022890748e-11,
ENSG00000283317.1,AL831711.1,7.468856282502528,1.582808176868215,2.0424939812457536e-12,1.380583955904898,3.178161940147378e-09,
ENSG00000271270.7,TMCC1-AS1,54.82035070466691,1.5823085628450388,2.182377833325129e-21,1.4328866591830447,8.0207093335558e-20,
ENSG00000113083.15,LOX,358.6460260277883,1.5804311954258772,1.6134436051317761e-12,1.0245889338966896,1.1917070549092253e-07,
ENSG00000253741.2,LNCOC1,15.395165477825971,1.5791551476456154,4.829710290246327e-12,1.399343886718754,2.4778893889626458e-08,
ENSG00000035664.11,DAPK2,513.8658462361661,1.5784951343306033,4.264825947700876e-20,1.2513502246176518,6.989413029349708e-12,
ENSG00000198468.9,FLVCR1-DT,157.4327209438724,1.5771305786464331,1.834009663211737e-18,1.3855168345469209,1.2526849672002184e-17,
ENSG00000106089.12,STX1A,87.60247151278307,1.576332613012331,3.1731832144336294e-24,1.1383387420423188,6.1914249704758635e-21,
ENSG00000196139.14,AKR1C3,16183.722013434555,1.576321051230708,3.3971650116994614e-27,1.4111446297142105,5.396381452889075e-23,
ENSG00000268401.2,AC007785.3,4.167247493319893,1.574478831789068,8.2314762963081e-10,1.074380923557214,0.0005178472490639,
ENSG00000285771.1,AL139095.5,5.923740793257916,1.573160265831713,8.919884904370917e-07,1.9627052102152769,3.4574181865823804e-05,
ENSG00000267698.1,AC002116.2,5.325893200515231,1.5715837527774112,5.5406424095042965e-11,1.2447984530132414,1.6393184367480884e-05,
ENSG00000286138.1,AC010336.7,6.327316266152409,1.567392524639328,5.840572241146655e-12,1.2515376527167057,9.54065270470836e-08,
ENSG00000100218.12,RSPH14,17.84982602467943,1.567391072901362,1.520052981525326e-09,1.3155727226666007,4.569743312377538e-07,
ENSG00000128567.17,PODXL,1684.988921977951,1.5655647042871772,1.0902644097006086e-24,1.487671682586753,9.400824614627525e-19,
ENSG00000226696.6,LENG8-AS1,47.77925437136256,1.5638164814418103,6.157793150309076e-31,1.142896756779798,1.624536889581703e-13,
ENSG00000104147.9,OIP5,27.714130802902016,1.5630914319845637,6.420824447525197e-19,1.11644811012361,8.002937710347122e-09,
ENSG00000170891.11,CYTL1,11.104980242465126,1.5622664893197926,4.746079773883771e-10,1.1591084152115358,1.8721303023804253e-05,
ENSG00000095970.17,TREM2,234.63740243024708,1.5615383856881062,1.5396384926788968e-11,1.2881180212414869,4.6498294066352214e-07,
ENSG00000287672.1,AC003086.1,5.006524049693551,1.5596799053403816,3.4930265962213373e-07,1.2465421815127669,0.0006457004296309,
ENSG00000265107.3,GJA5,256.8766260106946,1.5548555500387935,5.644999097286666e-17,1.248143230100996,6.699633640433308e-09,
ENSG00000123352.18,SPATS2,716.0596787626356,1.5541132951708991,3.4947133100741314e-52,1.3925262447347035,2.3261275141970974e-44,
ENSG00000243364.8,EFNA4,379.4754205523191,1.5536851458095429,4.1026702651301255e-32,1.4077877799234826,6.459683059638087e-24,
ENSG00000223705.9,NSUN5P1,334.4937201007224,1.5528379761992712,1.2957358746242701e-31,1.021091064885753,4.208480396707432e-12,
ENSG00000279792.1,AC015909.5,4.486574770909622,1.5525443768991525,1.6084263420292663e-10,1.166698365783795,8.866946056394197e-05,
ENSG00000131470.15,PSMC3IP,56.22451067151682,1.5513046569393187,6.190628997368548e-24,1.0150979943599077,4.322547257033255e-12,E2F Targets
ENSG00000247373.3,TMED2-DT,68.59698913972431,1.5508178542315725,7.564786109232727e-36,1.1247049678745271,4.890393031341704e-21,
ENSG00000278238.1,AL359513.1,13.49907487273541,1.5502240772726426,5.086612972515328e-13,1.1237440899619693,1.198603258857594e-05,
ENSG00000163467.12,TSACC,57.77972169521392,1.5498732608901296,1.1035863907554362e-18,1.2078046382291086,2.4306906869046423e-11,
ENSG00000272172.1,AC138696.2,25.897178818980223,1.5494529668939512,7.098559037559818e-16,1.150315136692305,4.653034977128942e-09,
ENSG00000269473.1,AC012313.8,10.994931612094527,1.5494217105552122,9.68884912223207e-15,1.3325890017313025,2.9901226123845525e-11,
ENSG00000154917.11,RAB6B,160.04028440425813,1.549246153067478,5.755115901370755e-21,1.231970463988174,5.369092201144892e-15,
ENSG00000089723.10,OTUB2,95.40015920855345,1.5488165743667888,5.2521478792769336e-27,1.7623942979587257,1.3038190660351216e-29,
ENSG00000179066.8,AC020907.1,34.14281202551199,1.5488125395340542,9.704681250844229e-09,1.1508821201607786,2.7410857432178365e-06,
ENSG00000259295.6,CSPG4P12,8.597013164785084,1.5483574590816724,8.241826941625544e-12,1.4032711662803874,8.795327716158844e-08,
ENSG00000143630.10,HCN3,290.0887039854849,1.5468178576187026,1.8307697420005428e-25,1.1474895573812938,1.8275048036737483e-14,
ENSG00000165490.13,DDIAS,93.13349188022498,1.5464129436212726,2.1711774114122166e-24,1.3215552812163422,1.3720100078028793e-20,
ENSG00000232995.7,RGS5,33.89501474143462,1.5456143769048396,6.209597053078393e-25,1.137502110809655,1.7562118791114816e-12,
ENSG00000198182.13,ZNF607,106.32749097702664,1.5451615851399298,4.306412537683486e-16,1.3427705185375434,6.425866743600002e-12,
ENSG00000282870.1,FRG1DP,16.86249048575207,1.5447127988716778,8.448742877741496e-12,1.0041344750811945,8.37014145063407e-06,
ENSG00000173698.18,ADGRG2,235.04174654965928,1.5435516039167547,1.0691040525485386e-05,1.045292144385343,6.776492685398422e-05,
ENSG00000128268.12,MGAT3,51.65930175765295,1.542317568626825,4.4070136901379437e-10,1.252550216320057,7.04073129931564e-08,
ENSG00000272382.1,AC025171.5,8.014367473070347,1.5412496937532083,8.785690185848283e-12,1.4510188052171085,5.259356004787682e-07,
ENSG00000280367.1,AP002364.1,4.931588852291942,1.539997300254023,2.7686395812174867e-10,1.0408587800276696,0.0008704625874598,
ENSG00000003249.15,DBNDD1,1514.3604439475275,1.5383198359656027,2.1176655857180523e-13,1.5063405337421154,4.789595671119373e-13,
ENSG00000267322.2,SNHG22,8.97807234470385,1.5378931772096809,3.629523127015349e-13,1.0741580922934446,6.378644719323272e-05,
ENSG00000182489.9,XKRX,6.429822661971364,1.53735780495018,2.3126147826531e-06,1.3035983089628391,0.0001424620239496,
ENSG00000197959.14,DNM3,72.51096726027032,1.5371497807298906,1.7090169020546061e-22,1.4094451698494572,1.5016720446660064e-15,
ENSG00000176890.16,TYMS,148.96723865838575,1.536207084773769,2.0046102352321573e-18,1.182223697207069,9.42443993684312e-12,Myc Targets V1
ENSG00000004777.18,ARHGAP33,233.1371535800453,1.5361602303492166,5.776319433556675e-29,1.103026897093656,1.4788215274823596e-12,
ENSG00000240541.3,TM4SF1-AS1,18.60504793722191,1.5352535326725474,2.3286814199173718e-11,1.1987526910519524,1.363083172190595e-07,
ENSG00000154380.17,ENAH,3185.932262427583,1.534625307938843,4.4987781380648885e-28,1.4198004025555813,1.3637875445011638e-35,
ENSG00000261693.1,AC134682.1,9.57173835783752,1.5345507839074923,6.746577530080114e-08,1.0597736314319623,0.0003556238388854,
ENSG00000262223.8,AC110285.1,7.747632010291662,1.5336216974228287,6.638109568198885e-10,1.1471131393022076,0.0002114379422519,
ENSG00000224424.8,PRKAR2A-AS1,60.04729908986676,1.5334466174452646,9.534746158361853e-23,1.3870917147285973,9.156722016828978e-16,
ENSG00000233396.8,LINC01719,66.28443388102092,1.530368993821916,3.081371917564801e-16,1.1680380495280474,2.7076525532019664e-09,
ENSG00000162929.14,KIAA1841,165.49311193118928,1.5300678764168367,2.558560130140336e-39,1.2535927901387671,1.9113480762732407e-31,
ENSG00000287080.2,H3C3,5.7247525045614776,1.52962394984233,4.358397370381507e-08,1.0638974546215425,0.0014691102629245,
ENSG00000253716.6,MINCR,216.46133937505692,1.528909870723944,2.7417071870861093e-16,1.0130178596926491,7.422475115356829e-09,
ENSG00000161692.18,DBF4B,196.3015939417828,1.5288738317359891,4.3522583559642573e-38,1.1225309514394048,6.498782372667107e-23,
ENSG00000147799.11,ARHGAP39,185.23229219337225,1.5279506350247507,3.7220333294192784e-25,1.2227243400628054,3.995924031059557e-18,
ENSG00000014138.9,POLA2,210.43307969450635,1.522445506905305,2.2334860268542112e-23,1.1400706583739166,5.313419635626856e-22,E2F Targets; G2-M Checkpoint
ENSG00000134222.16,PSRC1,220.4059868419625,1.519281377540962,3.701073177817121e-19,1.496000533333832,1.3629256137999745e-17,
ENSG00000104341.17,LAPTM4B,5169.794696101677,1.5186047821728446,5.106429798279025e-16,1.025774266169885,3.7036380786576485e-07,
ENSG00000183814.15,LIN9,178.14835648553728,1.5184395259064962,1.9802615144333058e-29,1.2895951006312298,1.434249772600703e-22,
ENSG00000112118.20,MCM3,3003.2679384091443,1.5179064900418509,1.9430688213206076e-35,1.183432461289182,7.540061713358275e-27,E2F Targets; G2-M Checkpoint
ENSG00000267546.2,AC015802.4,5.790910234839052,1.5165550897994224,2.8585314628415436e-11,1.1801617930527912,0.0001206729037666,
ENSG00000139985.7,ADAM21,8.740597154640648,1.5137454543772413,9.77596241862857e-08,1.6093992835550557,1.293682349622245e-07,
ENSG00000106511.6,MEOX2,50.81918007576045,1.5120979435417357,3.0754390462641797e-10,1.236840259252549,6.565976515897859e-07,
ENSG00000237950.3,AL357079.1,16.21630182644894,1.5094319621718963,1.003362159140996e-16,1.0659916612568707,3.0523336161908094e-06,
ENSG00000110799.14,VWF,3575.351960533315,1.508616146707929,5.007803896899706e-16,1.76184315892657,5.203734542722491e-19,
ENSG00000215795.2,AL390728.2,5.075775845224935,1.5045414708396525,3.1744168554266885e-07,1.012612056669226,0.0036773735587762,
ENSG00000145020.16,AMT,6.691950984295289,1.5033280077291054,4.788303014452236e-15,1.11368334354351,2.8807724413442345e-06,
ENSG00000272849.1,AC084018.1,24.40036879076341,1.502254213391886,1.5391316652106881e-15,1.0184224119560383,5.255447266734356e-05,
ENSG00000267114.1,AC011481.1,5.126010338405649,1.50130426286036,1.5134971922982076e-10,1.035022349700801,0.0001453587976102,
ENSG00000186583.12,SPATC1,15.091870735846246,1.5009524138580443,4.6777499498921175e-14,1.142778539772133,3.0052385361752825e-06,
ENSG00000260852.1,FBXL19-AS1,48.798903996716135,1.5005187677150549,1.9958409584139276e-17,1.0749310957472278,7.696717380568935e-11,
ENSG00000120254.16,MTHFD1L,515.9054780562508,1.4999299600931046,4.420947301387747e-26,1.2126601688345,3.4219997654851155e-16,
ENSG00000112769.20,LAMA4,1072.913460402597,1.4962262330961995,2.879160048513429e-28,1.4165200554954782,2.0799309187797152e-23,
ENSG00000234614.1,C2CD4D-AS1,94.42864400331808,1.4927210117635208,6.550072685010089e-19,1.6945169875949382,8.481490886128983e-21,
ENSG00000276791.1,AC092117.1,24.008335577681702,1.4922342542553535,3.422881114043889e-14,1.1347444253607444,4.521251171296849e-08,
ENSG00000274211.6,SOCS7,391.5547677036488,1.492035588301056,2.493231277559013e-36,1.2828791648420403,4.6062655587982316e-24,
ENSG00000260917.1,AL158212.3,61.8894855047693,1.4891536604859812,3.4456118785399414e-23,1.2944026865761276,7.139377044528407e-13,
ENSG00000111671.10,SPSB2,428.18395887374686,1.4889129276981636,5.8072345539412414e-33,1.1708657899079808,1.4786205450630104e-20,
ENSG00000162522.11,KIAA1522,3186.6169302995586,1.4856835455144335,2.2017915902465493e-31,1.300985514312439,4.976960459251965e-18,
ENSG00000267279.2,AC090409.1,6.326755798694149,1.4849903121625472,2.195854094352091e-09,1.148469894975075,0.0001382420549063,
ENSG00000233822.4,H2BC15,91.6782087354056,1.4823304468631102,8.492319861598477e-16,1.0860960086594578,5.511665084101883e-10,
ENSG00000196456.13,ZNF775,108.4430367037858,1.4816257231574654,3.145283298671246e-33,1.3079797943197211,2.8476194168244344e-24,
ENSG00000242622.2,AC092910.3,37.711162930457306,1.4808914908821116,1.2242779372706289e-27,1.1306730240585252,1.1229421726664277e-12,
ENSG00000267416.1,AC025048.4,5.110979818763632,1.4806554118240371,1.2691598278461557e-08,1.2709033301366333,2.9815014379003527e-05,
ENSG00000143603.19,KCNN3,147.54181946188254,1.4718294359629551,2.3061962709997046e-20,1.579657294870522,6.273894811972689e-16,
ENSG00000134291.12,TMEM106C,2861.7136541436357,1.4690596911452378,1.8821519284984318e-30,1.2742753557507678,2.781444790771817e-27,
ENSG00000266313.2,AC026254.2,7.429420750105048,1.467886354705557,1.6088176208519178e-10,1.1386717006506113,3.045907110195213e-07,
ENSG00000149639.15,SOGA1,735.8362726785952,1.4669015676162696,3.033118321886389e-26,1.2951272311227575,2.836165460426028e-16,
ENSG00000166508.18,MCM7,3728.114561169918,1.4641248567747172,3.1690119733147558e-27,1.057216318154777,1.5827937893490713e-24,E2F Targets; Myc Targets V1
ENSG00000176732.7,PFN4,29.34007868037698,1.4615778005696152,6.188606841533013e-14,1.023303923618069,2.1046168709749745e-06,
ENSG00000273654.1,AC020904.2,15.283492006196276,1.4613785719279528,2.3888157206729296e-14,1.3573585588007249,9.862414330190354e-10,
ENSG00000116852.15,KIF21B,468.1218544472736,1.4610417408209728,5.938339643222716e-13,1.243778322940238,3.805346051417144e-09,
ENSG00000102924.12,CBLN1,106.6272142791596,1.4609178191665833,2.2791081143496922e-08,1.7923006090150049,3.972721306488947e-12,
ENSG00000159208.16,CIART,331.19984115731586,1.4608494699692305,1.1811730953195503e-14,1.0167664174855875,3.101056456313343e-06,
ENSG00000261087.1,ZNNT1,195.2507674822107,1.4597699875702008,8.007675418245595e-19,1.019472633196764,1.167018486333716e-08,
ENSG00000268201.1,AC020915.1,5.961248942426752,1.4594368915480205,1.413059419381487e-09,1.169903543334649,0.0001222357963016,
ENSG00000287445.1,AC092803.3,4.85951337523432,1.458344251021356,6.231017876584897e-08,1.3324456936956797,1.7260103025523705e-06,
ENSG00000160051.12,IQCC,75.54402764032069,1.458173919323048,2.9960506947514813e-32,1.1134842689089666,5.572030214128326e-22,
ENSG00000160959.8,LRRC14,895.8582134448845,1.4558254993534534,7.539233280874202e-43,1.2818310699094932,1.0854072546650587e-32,
ENSG00000125967.17,NECAB3,1933.1105507221928,1.4541768546355909,2.134340970821853e-30,1.2772261867235095,1.3250032426802118e-23,
ENSG00000185614.7,INKA1,66.4762039407291,1.4510590621893118,1.2012290825891069e-21,1.2376699379026992,6.926092279267534e-15,
ENSG00000254389.3,RHPN1-AS1,37.0350783649906,1.4495963587408038,9.799262428038764e-15,1.210116550705318,7.043258686153237e-12,
ENSG00000123136.15,DDX39A,2426.591303554668,1.447589918494331,8.269386643423307e-34,1.123504994791384,3.873272939950958e-25,E2F Targets; G2-M Checkpoint
ENSG00000153060.8,TEKT5,21.709516920758556,1.446079312962281,3.1958075132180684e-08,1.032827022483426,9.152019104593874e-05,
ENSG00000233251.8,AC007743.1,7.708564675441301,1.444418827901402,8.498299187434526e-09,1.3319377762870237,6.112433283474835e-06,
ENSG00000180921.7,FAM83H,4517.135363989459,1.4443022620434725,1.1128692624536537e-23,1.1210076817941792,4.325966775368026e-17,
ENSG00000278916.1,CEP83-DT,8.271593387000246,1.443728356052671,1.100595603618735e-12,1.3782444618678675,5.817179308390566e-11,
ENSG00000007171.18,NOS2,71.74095232694533,1.4435068313205497,3.8055669213778286e-10,1.1344581528465143,5.710412442331855e-07,
ENSG00000105552.15,BCAT2,1387.948489735213,1.4434462865888762,1.253248746519797e-21,1.318872574401902,3.771335049207831e-17,
ENSG00000095397.16,WHRN,353.5506148504637,1.438929524412916,8.302371897563238e-24,1.008813289826511,1.7691114094371846e-13,
ENSG00000175711.8,B3GNTL1,205.8264320417288,1.4362406630637603,3.900574376052912e-26,1.0463250446283112,2.6886761016868383e-19,
ENSG00000146733.14,PSPH,985.7265985078602,1.4359186612753267,1.3938012496562984e-23,1.0678945534058948,3.652435146699336e-19,
ENSG00000284634.1,AC092821.3,6.134310339072453,1.4358596457808976,1.366613325174504e-09,1.0481610491987086,0.0030667065918554,
ENSG00000132915.11,PDE6A,5.158687795816029,1.433650842183117,1.23389723998044e-06,1.2050699706053,0.0003897496614609,
ENSG00000129646.14,QRICH2,216.3974533013933,1.4312133363260466,8.124609787483011e-21,1.1269810151584485,6.000340997703777e-15,
ENSG00000167670.16,CHAF1A,660.8284967043727,1.4291419314878178,9.35047987372395e-36,1.2204110160626438,4.32276409613562e-27,G2-M Checkpoint
ENSG00000131944.10,FAAP24,108.71287489652012,1.4287196800019264,3.821087280635119e-32,1.2900821974325365,2.5995638198875192e-20,
ENSG00000125864.14,BFSP1,52.385420456189614,1.4286560482589237,4.176967328097763e-19,1.1822563542707245,7.108244548613834e-14,
ENSG00000223820.5,CFL1P1,12.392293881651076,1.4281339351096385,3.032067631644853e-17,1.4658630938511008,1.5935995357941644e-11,
ENSG00000215068.8,AC025171.2,66.46098946798219,1.4269718747073108,4.4818770285407884e-20,1.1457159567424375,4.586449146134855e-12,
ENSG00000245522.2,LINC02709,16.49041279546197,1.4257009988518567,8.496761648987563e-12,1.1536705095708175,9.203496363801907e-08,
ENSG00000156831.8,NSMCE2,986.6532740320872,1.4208507338652394,9.168293676973323e-33,1.1201616541642176,6.392730700724401e-20,
ENSG00000232093.1,DCST1-AS1,57.46881475981,1.4193708841488035,4.18669177614094e-17,1.2860254786606489,4.0408030649462875e-14,
ENSG00000089351.14,GRAMD1A,1985.199838653303,1.41728539347378,5.828695378994297e-21,1.1727955140505155,2.2823971837329342e-14,
ENSG00000228168.1,HNRNPA1P21,15.753069890872323,1.417049320885152,5.0029882493962696e-08,1.0367968035055355,0.0012716636274939,
ENSG00000224985.1,AL590714.1,4.862960628519331,1.4154002015994729,3.624863910939804e-11,1.367063072340537,1.884663681326396e-08,
ENSG00000188486.3,H2AX,1186.457848558731,1.4144503573105016,4.031404891520151e-23,1.0553705445702726,3.049132284209229e-21,E2F Targets; G2-M Checkpoint
ENSG00000183807.8,FAM162B,34.2731346385785,1.4138700223435616,1.3008828358005777e-13,1.35819331987698,2.785222133488708e-14,
ENSG00000181938.14,GINS3,146.25737642039996,1.4123790709162292,2.3633046973393334e-25,1.196560926524307,3.2913612691353363e-19,E2F Targets
ENSG00000258458.8,AL160314.2,7.922194021584627,1.4093741916955689,9.473963256792375e-13,1.1111232316681454,7.75202935694064e-07,
ENSG00000204403.9,CASP12,6.805641235129086,1.4065005911874342,7.876466704003953e-09,1.256672224132782,4.4274485933514405e-06,
ENSG00000125885.13,MCM8,168.71949386986574,1.4051100884622305,2.272690968291049e-26,1.1561378693305135,1.6316558064012734e-18,
ENSG00000119403.15,PHF19,521.9020469518605,1.404885997845928,5.73035120291356e-24,1.0112580394271948,5.434469535942462e-16,
ENSG00000183111.12,ARHGEF37,399.5873063739422,1.4044810123781388,3.967240885046402e-12,1.3848002191663749,7.164955120739003e-12,
ENSG00000254535.4,PABPC4L,19.715405102064576,1.4014793579169398,1.9027510363576492e-14,1.4546890403999249,1.1618876340404794e-14,
ENSG00000100994.12,PYGB,3426.8131149074343,1.4006014311364423,3.3263342405102994e-25,1.2970787186409316,1.4292810012263528e-20,
ENSG00000197858.11,GPAA1,10352.481284975163,1.4003629589523483,5.0419238582729535e-26,1.277622236696338,2.273138732829275e-24,
ENSG00000111325.16,OGFOD2,8.78378133004499,1.4003359845066297,3.5220163022559493e-14,1.0640209110219858,8.322085310413488e-05,
ENSG00000280670.3,CCDC163,97.28075239080091,1.3980245644994789,7.474872699792651e-23,1.4060259047345307,1.4591803601235595e-24,
ENSG00000143248.13,RGS5,4335.664833212682,1.3977024100115891,6.192738879704583e-17,1.5986103890331145,9.417748893380525e-24,
ENSG00000139645.10,ANKRD52,1327.6031441977582,1.397231737359803,5.064207740525254e-42,1.3115904330181518,2.60705458966568e-29,
ENSG00000263843.1,AC022211.2,24.22226442618377,1.3954450918813326,1.1087678652927576e-16,1.1763602154633117,4.813761902783939e-11,
ENSG00000010292.13,NCAPD2,1246.4950036577457,1.3923396139619193,1.0071669092668036e-26,1.0428801819813849,1.087603630256106e-17,E2F Targets
ENSG00000282995.1,FRG1EP,21.92291830201679,1.391329974001228,5.296877637306988e-09,1.3292274860020572,8.72278943512689e-10,
ENSG00000128805.15,ARHGAP22,74.68493327876101,1.390699109151624,8.562759162939273e-15,1.103922349571359,1.7440983662928635e-07,
ENSG00000234129.8,AC073529.1,9.137879492526077,1.3902495990541002,4.4825655425088397e-13,1.110168346765911,1.4360620518776144e-06,
ENSG00000160447.7,PKN3,442.5645044592093,1.390032309344459,4.822904680401784e-21,1.089037280043942,2.1224272496497463e-15,
ENSG00000261335.1,AC005837.1,4.548260667295237,1.390019756660545,3.494729621283219e-08,1.1911557853858628,2.748792112752712e-05,
ENSG00000091409.15,ITGA6,2628.9842684994696,1.389819643952874,2.382809020835444e-25,1.4272969714200807,5.623698957339422e-27,
ENSG00000163156.12,SCNM1,1148.5346216481803,1.3894289365380232,3.010822285135038e-31,1.0369542107369212,1.019039817848711e-26,
ENSG00000072682.19,P4HA2,1370.3643515240003,1.388467262079964,3.555791154547298e-23,1.1649548994617849,1.6712680216479822e-13,
ENSG00000182481.10,KPNA2,2512.2936333831367,1.3878009643410394,3.064525118924577e-28,1.3314026329343571,3.387788335018964e-26,E2F Targets; G2-M Checkpoint; Myc Targets V1
ENSG00000280417.1,AC096887.2,40.00519367273708,1.3868831618561346,9.024664821564376e-19,1.1400295289436235,4.358861693703221e-12,
ENSG00000143643.13,TTC13,670.7846563220324,1.386736235498581,3.4706053873093462e-46,1.0405796814215782,1.6552112963633142e-31,
ENSG00000179796.12,LRRC3B,7.779783923764032,1.3853297303883705,1.367046457346099e-05,1.1213614496460285,0.0001917697589433,
ENSG00000232485.3,RPL37A-DT,24.83435340296184,1.382495288671939,3.855413817533359e-16,1.013600742819894,3.4456668324603087e-10,
ENSG00000118729.12,CASQ2,47.80295221573756,1.3770495056468683,7.607577349138665e-08,1.255211822265758,1.3419591877124753e-06,
ENSG00000180914.10,OXTR,46.08782595209727,1.3756781320358529,1.2949232557811237e-07,1.033569752872592,0.0001969190875558,
ENSG00000100297.16,MCM5,2508.854879531996,1.3756741995737305,5.065344732216468e-27,1.1681767425443066,1.8357903858043413e-21,E2F Targets; G2-M Checkpoint; Myc Targets V1; Myc Targets V2
ENSG00000288573.1,AL357079.3,8.429030326952137,1.375371642433724,1.2213173685867588e-11,1.3522235262673523,3.833216840986309e-07,
ENSG00000134780.10,DAGLA,185.8090512506762,1.3751023291853397,1.6334566315586802e-09,1.1156415617554205,1.1536484600263663e-06,
ENSG00000279259.1,AC087741.3,16.477038832863865,1.3742519591000746,5.912556834626222e-15,1.043040356380182,1.094462701196768e-07,
ENSG00000277692.1,AL121583.1,6.730979976896037,1.374243244004533,1.175352727102132e-09,1.0689664612416747,7.413621811761035e-05,
ENSG00000061337.15,LZTS1,218.9966054820933,1.3737584029172578,3.912881565427758e-16,1.3262339665414489,6.915634747269058e-13,
ENSG00000160753.16,RUSC1,933.1326290267884,1.373221517670856,4.3078401916887474e-35,1.196984859354666,3.4915126262385266e-23,
ENSG00000156787.17,TBC1D31,257.2395515879516,1.3701382200089969,2.189697519997333e-40,1.3155628024233192,1.8433468754934718e-34,
ENSG00000168398.7,BDKRB2,249.584879086304,1.3697898584579056,1.9942200753151642e-08,1.0424871499219008,1.7757473484427094e-05,
ENSG00000180938.6,ZNF572,85.08723538392535,1.3686679981627343,5.782556864465888e-20,1.184547347528242,6.836648181504594e-12,
ENSG00000279539.1,AC006486.2,13.32176070230044,1.368516086988518,1.753456261763049e-13,1.0370172267822604,1.6897206350541734e-09,
ENSG00000287433.1,AC107222.2,8.07072929232285,1.3677742695463542,1.5047388358892323e-05,1.0727680888273252,0.0026566611341244,
ENSG00000196081.10,ZNF724,9.547958997676597,1.3648590285150466,1.024170928301674e-09,1.178637557086958,3.1592501209308205e-06,
ENSG00000112782.19,CLIC5,146.2766647798794,1.3631396858712668,8.163357790261745e-09,1.054497904475204,5.680337302142694e-07,
ENSG00000135622.13,SEMA4F,233.13541005461963,1.3612748199032725,1.603759696087202e-13,1.3332975808075216,2.9225995209339718e-18,
ENSG00000135862.6,LAMC1,6187.940426504328,1.3601974440328124,1.6929201706639173e-24,1.2320670820827238,4.815511149571199e-19,
ENSG00000177732.8,SOX12,1190.1476195739083,1.359421741455492,2.9425179429959573e-18,1.080555095072426,1.025157591965638e-10,
ENSG00000164620.9,RELL2,42.33473640578896,1.3577782816915391,4.1637066161436806e-17,1.0460494627628287,4.160295115246557e-10,
ENSG00000254812.1,AC067930.2,4.803659385214976,1.3553419280825012,9.525153474396682e-07,1.1384606630893357,0.0001712517330931,
ENSG00000178093.14,TSSK6,83.20453912684022,1.3551367406559751,1.348441372205815e-28,1.1290092583573463,7.140002023702059e-14,
ENSG00000272588.1,AC139887.4,4.949154071821756,1.353510170031326,8.828829639145317e-08,1.1062467313608937,4.217753600327044e-05,
ENSG00000118946.12,PCDH17,284.13686267886743,1.352841683863281,1.4193939780690611e-18,1.5743933402973662,7.419284234403e-20,
ENSG00000229891.2,LINC01315,35.029165993198305,1.3497147745612694,8.451298850983517e-11,1.0240489303130276,8.775999044792016e-06,
ENSG00000276449.1,AC004076.2,14.241339563684582,1.3495164542578857,1.9623335884733967e-12,1.0521498548065855,3.0776776039294943e-08,
ENSG00000162645.13,GBP2,4016.132001914938,1.3490784148498058,5.489176977293419e-17,1.336590000762797,2.8124309278773405e-14,
ENSG00000177628.16,GBA,3488.1291422676336,1.345982742740666,2.214149626069319e-34,1.29218962921082,1.2778224950147518e-36,
ENSG00000234678.2,ELF3-AS1,211.79894585698003,1.345101485535232,1.863089170282732e-16,1.006459362824891,1.9106827273778927e-09,
ENSG00000198892.7,SHISA4,691.0854547496884,1.3427747339254803,1.2065019992059542e-11,1.1715997896561283,2.3660840901357158e-11,
ENSG00000225556.1,C2CD4D,12.144523893259054,1.342410662749037,1.3642254870248176e-09,1.2078875813543524,1.5850539561784808e-08,
ENSG00000287576.1,AC067930.9,26.91825560308607,1.3398537423783363,1.2495638999125792e-14,1.0685681905610538,4.400970386941745e-09,
ENSG00000124574.15,ABCC10,585.9589813502921,1.3387464525368051,6.822306173939844e-40,1.0778050505434411,1.0906394996855428e-19,
ENSG00000252412.1,Y_RNA,6.093027377689422,1.33714685378813,2.3929294165353583e-08,1.0165782768843707,0.001010793734471,
ENSG00000166492.9,FAM86GP,5.619077803511822,1.336668813942604,6.435850628771215e-08,1.2246376760912403,3.456994946356463e-06,
ENSG00000136492.9,BRIP1,209.89581716970324,1.3362495933144038,6.783691512036368e-16,1.1547144525643205,1.1519859215679803e-09,
ENSG00000196132.14,MYT1,18.61305390802244,1.3361378181289965,1.1867879844851918e-05,1.497008855202527,1.3214665937454451e-06,
ENSG00000100036.13,SLC35E4,85.2737557544593,1.336095638509362,5.848642834145853e-17,1.2060199116329675,7.021401343450071e-16,
ENSG00000076706.17,MCAM,2346.110619732493,1.3353943276140432,3.608166743872013e-21,1.4236228121004966,2.8501482280417164e-20,
ENSG00000188803.15,SHISA6,5.865730195276129,1.333071848182485,9.151510978142015e-05,1.4267232241541703,0.0028653519283309,
ENSG00000172361.6,CFAP53,27.998208781941223,1.3327919386914593,5.852123657373865e-14,1.0791824298049728,1.0745919553566838e-08,
ENSG00000157600.12,TMEM164,678.9042641095525,1.328709409786552,2.0335034980028082e-20,1.277027934406629,6.6712630148576455e-18,
ENSG00000270012.1,AC232271.1,36.36096580866243,1.3275863649813544,1.1677818908395447e-20,1.06857029372413,8.424307670218132e-10,
ENSG00000277767.1,AL442128.2,4.852063034886839,1.3269507990420912,2.4872376992997586e-08,1.1619756019489305,1.4400073619212512e-05,
ENSG00000236307.2,EEF1E1P1,4.301323770634802,1.3268346101513642,1.205145452544191e-07,1.2517478502233994,1.4249584274799174e-06,
ENSG00000181264.9,TLCD5,128.17430294068356,1.3262770374678898,1.5208091759166017e-15,1.132870808527353,4.936299573475561e-09,
ENSG00000198952.8,SMG5,6016.955756786636,1.3257504181053008,2.413422357884941e-40,1.2494073301095212,9.65158286795864e-31,
ENSG00000234409.7,CCDC188,8.982505636051286,1.3246068221596137,4.113672923221297e-13,1.1326586843490083,1.5998352911911664e-06,
ENSG00000168298.7,H1-4,12.1370229793327,1.321087347747711,2.518818193241013e-08,1.249362192991693,5.122985362843904e-06,
ENSG00000116128.11,BCL9,852.4625885255856,1.3205880440870243,1.7393145664141897e-23,1.1224246792259294,3.076579667167825e-13,
ENSG00000273139.1,AC007663.3,7.242880388617515,1.3197234799390307,9.04668735419655e-09,1.0689274253843146,5.9741854045418495e-05,
ENSG00000184162.15,NR2C2AP,474.1429950434115,1.3194005016791122,5.6586388901863374e-42,1.0801236576294524,8.923237989396416e-24,
ENSG00000204356.14,NELFE,3103.7020531224703,1.3191839354718522,1.6430336287935915e-30,1.0788264547300246,5.751936855416512e-22,
ENSG00000135476.12,ESPL1,467.16331161935,1.3179603381164724,3.6113523790245696e-11,1.3801299955640307,7.801055069777554e-10,
ENSG00000125744.12,RTN2,275.6381339774515,1.3162957736338985,1.498723534948084e-11,1.176345699928974,1.1689031928293595e-10,
ENSG00000163673.7,DCLK3,10.010030352611844,1.3153788217627385,1.5282446325812025e-08,1.4915299460016298,2.3642520697375553e-09,
ENSG00000065600.13,PACC1,188.67317949562164,1.313850944302202,5.223775776846023e-39,1.2374677866773145,2.1060534569396963e-27,
ENSG00000184838.15,PRR16,31.73288642613731,1.3136434984748588,5.71329859993774e-11,1.113753356246506,1.622355913487309e-07,
ENSG00000113722.17,CDX1,5.208592733959933,1.3090626657775488,4.382097549242921e-09,1.6980504284310385,9.9398673863252e-05,
ENSG00000287701.1,AC116337.4,5.756971573017378,1.30871727265938,3.70549208989488e-05,1.1614201552469483,0.0011880772180676,
ENSG00000143537.14,ADAM15,3651.934108590644,1.307640641681892,1.9238916598344275e-27,1.1579607034418713,7.517389903202232e-24,
ENSG00000287005.1,AC090018.2,4.690466919722243,1.3057605378766093,2.9949551947075043e-09,1.1882677459031044,3.987573948522764e-05,
ENSG00000179832.17,MROH1,1794.4058955174344,1.3043962872905597,1.251953403789528e-24,1.069004681522248,2.3536177801323795e-16,
ENSG00000243335.10,KCTD7,267.2231370003562,1.3026642693203536,1.296645662651296e-36,1.1436583926439623,1.3547613256480415e-16,
ENSG00000180900.20,SCRIB,4193.9785742133,1.30255689322242,1.6145048126697024e-29,1.116868254411669,3.953822126237213e-23,
ENSG00000168393.13,DTYMK,1160.0682176854482,1.2992754089501013,3.6180209422910296e-27,1.045789288051793,6.419805491846861e-26,G2-M Checkpoint
ENSG00000278932.4,CR381653.1,13.506323005768902,1.2984190973483805,4.2085237251552704e-11,1.1424544848933618,8.485275343686914e-08,
ENSG00000164683.18,HEY1,260.3989579641266,1.2954465532743724,4.280792100601768e-17,1.0255731464684037,6.464041353023844e-13,Wnt-beta Catenin Signaling
ENSG00000223886.3,AC073073.1,8.093962595734752,1.2942056695815565,9.65781228253555e-08,1.1586845908647985,1.149550898755063e-05,
ENSG00000147883.12,CDKN2B,349.05180395923315,1.2936591527678047,1.1177204513384308e-15,1.340897024122485,1.1903320997268761e-18,
ENSG00000224292.1,AF196972.1,8.515482422250805,1.2932393296878173,2.1022479164177214e-10,1.0301213564216434,8.645019685139624e-06,
ENSG00000183199.6,HSP90AB3P,26.982763998079264,1.2927973523090366,1.65651137182248e-14,1.007069116300477,8.886190199061644e-13,
ENSG00000188807.13,TMEM201,456.761085423403,1.2917974062743405,5.512336133203166e-32,1.0357053209215843,4.231661936689186e-26,
ENSG00000006432.15,MAP3K9,262.90431898927847,1.2909215963749745,6.3056527750132655e-28,1.3129238955125724,1.443937692383071e-26,
ENSG00000138623.10,SEMA7A,432.3324747483034,1.2907823789612478,5.50856140020108e-10,1.0131951130008,1.4123457446765084e-05,
ENSG00000204371.11,EHMT2,1457.818345856309,1.2901755983267753,1.392569931279013e-38,1.1347753426447889,2.7705558459363035e-25,
ENSG00000174705.13,SH3PXD2B,595.1060661774251,1.2878930887738689,2.997663133620069e-23,1.1689191336832598,2.437163388867381e-16,
ENSG00000114554.11,PLXNA1,901.2780963649482,1.2845814255841046,4.47173161434833e-18,1.063611313845829,3.971638309153445e-09,
ENSG00000184216.14,IRAK1,5152.887955235645,1.2822002673879982,3.022019308003459e-28,1.2749757549078458,1.91602108773732e-27,
ENSG00000233117.4,LINC00702,31.723291518797748,1.2800743892354074,7.88664135612295e-11,1.1388988731901448,1.5086122749093554e-08,
ENSG00000139618.16,BRCA2,136.06730831452057,1.2775294505067447,2.5051309039269026e-17,1.1602202220743063,2.591084988023133e-13,E2F Targets; G2-M Checkpoint; Mitotic Spindle
ENSG00000095002.15,MSH2,711.1734342776797,1.2741060259704848,7.921990137840529e-38,1.1771857393915426,1.8236738166014815e-32,E2F Targets
ENSG00000255992.1,AC131009.1,8.397172668806471,1.2737193695059912,2.439395940350342e-09,1.1214481095279834,3.784947195535943e-06,
ENSG00000197063.11,MAFG,809.4485906967235,1.2712660576045325,5.743660528116037e-25,1.0588617100404445,2.2325743592627765e-17,
ENSG00000185730.8,ZNF696,544.2783561397995,1.2677951004083752,1.4692952250687308e-31,1.026867809600372,1.7238916820396444e-25,
ENSG00000168061.17,SAC3D1,692.1655574355536,1.265613506915934,7.474872699792651e-23,1.1425958463608066,1.1359410864360538e-25,Mitotic Spindle
ENSG00000182307.14,C8orf33,2383.790596025895,1.260113380112201,2.338337604516526e-28,1.0873716771196968,1.3608434015930952e-24,
ENSG00000116521.11,SCAMP3,4649.97754285329,1.2581791438315637,1.5603922714079236e-37,1.1659038218424935,2.2638386642857342e-32,
ENSG00000205309.14,NT5M,130.89171018804154,1.2580313104537677,4.3067183605916974e-13,1.0319960988583643,1.725649739975283e-08,
ENSG00000080839.12,RBL1,240.21188386527857,1.2547771349650378,4.644963746031464e-20,1.0096928147444897,6.505895309871286e-14,G2-M Checkpoint
ENSG00000188859.7,FAM78B,104.54676425408506,1.2537748946599852,3.6813499403292073e-13,1.155488697089628,4.305874451214002e-10,
ENSG00000267583.5,AC007998.3,5.128420361672921,1.2518082232226435,3.000703001421917e-07,1.340736941219076,7.220289158299413e-06,
ENSG00000185291.12,IL3RA,291.8779409907372,1.250702791544502,2.1466609782102802e-24,1.1632179813991264,5.009813696735561e-16,
ENSG00000084774.14,CAD,1420.0137451037756,1.248804306276856,6.4259697542980295e-34,1.050379251122348,3.628160974564402e-19,Myc Targets V1
ENSG00000225981.1,AC102953.1,4.955130782317667,1.246706789631486,4.795737663979044e-07,1.1841593640404944,0.0004209573222232,
ENSG00000149636.16,DSN1,748.961282375596,1.2453183101600835,2.8773322825799103e-31,1.0197165750660773,7.570036310769206e-21,
ENSG00000128310.3,GALR3,14.722262465867749,1.2443457320432718,7.368046154928463e-05,1.132416548582422,0.0007004902137429,
ENSG00000001617.12,SEMA3F,899.823866391139,1.2440691085844866,2.320958825900837e-36,1.2886015240626334,4.281030912038901e-37,
ENSG00000115009.13,CCL20,1725.9066264920086,1.2415868243711108,6.70199441371163e-05,1.6417729701340562,1.1758785372639141e-07,
ENSG00000196950.14,SLC39A10,440.8839136421556,1.2415594408389956,2.5896078134640644e-17,1.1491646779655835,1.0377591277540173e-18,
ENSG00000230583.7,GTF2IRD1P1,10.002514535236136,1.2400399858427276,1.162248401856671e-07,1.0072825740450668,0.000104896151187,
ENSG00000183723.13,CMTM4,541.8882785347992,1.2394274647291312,1.2530719262325458e-15,1.1086643330592745,5.526656612668649e-13,
ENSG00000132688.11,NES,1632.9096573951645,1.239071024888104,1.649688461945116e-17,1.0358446466694349,5.314102169364144e-12,
ENSG00000062822.15,POLD1,690.0423942458873,1.2364437687437455,3.960190485475758e-28,1.0317647984475888,5.833409602552201e-23,E2F Targets
ENSG00000165804.16,ZNF219,1007.2306924312842,1.2359656439282758,5.294156903118279e-28,1.164968850928048,1.9694686644021332e-16,
ENSG00000149503.13,INCENP,384.2532601920859,1.234787544362557,1.3687670716099184e-21,1.092815889774436,4.36434875299504e-22,G2-M Checkpoint; Mitotic Spindle
ENSG00000268916.6,CSAG3,30.031542854178365,1.234227821196375,1.6609172014808054e-05,2.081892272613437,0.0239312475593649,
ENSG00000100191.6,SLC5A4,8.144883855203283,1.231592559926927,1.271466068060438e-06,1.0193126833033077,0.0002515961952912,
ENSG00000150403.18,TMCO3,1762.4380194469152,1.2311455218845866,2.868225093696249e-17,1.0504358878305473,4.546907310011543e-12,
ENSG00000124743.6,KLHL31,47.410787301495205,1.2293440736450805,6.493343970224683e-14,1.086939448016868,1.2430097952296968e-08,
ENSG00000110400.11,NECTIN1,761.2523882828369,1.2174660619311377,1.8636566702669266e-17,1.0015211665497654,1.3835841563766536e-10,
ENSG00000270299.1,AL121758.1,5.509099612656622,1.2157445132422675,2.713146728196007e-07,1.0891537200681471,2.043449592688264e-05,
ENSG00000179934.7,CCR8,5.520010481392428,1.214572815703247,0.0003500040765145,1.2173341959347503,0.0194926708018095,
ENSG00000105499.14,PLA2G4C,817.5657296420181,1.214156683815525,3.1565700505469895e-13,1.0602408819089062,5.4954662064485926e-11,
ENSG00000178460.18,MCMDC2,65.3369161056773,1.2130489013445052,8.0668337502352e-17,1.0177304301646783,2.429769163519908e-10,
ENSG00000258634.3,AL160006.1,113.88097990293257,1.211720736566663,3.684840546106255e-18,1.102155786057048,2.2010769917259018e-12,
ENSG00000221886.4,ZBED8,128.05710909435714,1.2104202346420176,8.603688390807931e-25,1.0463168202298951,5.648074500685993e-15,
ENSG00000151746.15,BICD1,145.06257369229212,1.2075266192826528,7.04570891807757e-13,1.0001186721906334,1.718133634880612e-08,
ENSG00000278768.2,BACE1-AS,83.41137811930564,1.204425340998123,7.473165084592804e-29,1.0405179497621642,1.702919705048765e-16,
ENSG00000164916.11,FOXK1,884.5906218654042,1.203242158763772,1.5983238653890648e-29,1.115318643119261,2.5110473991188214e-23,
ENSG00000176842.15,IRX5,19.78230310001497,1.2024814223360805,0.0003921481455681,2.54125261442205,2.456991729262848e-09,
ENSG00000136108.15,CKAP2,490.8529673494233,1.2001875390159986,1.3429975330979911e-19,1.3439242752796443,4.3062665626894593e-19,
ENSG00000182134.16,TDRKH,473.4408119966377,1.1988144234083469,9.141577073003868e-19,1.0321596336203671,1.4592454195050638e-08,
ENSG00000223776.5,LGALS8-AS1,10.353569420842534,1.1983338652602722,3.3890600796716014e-08,1.060802828069267,6.447624439054709e-06,
ENSG00000127415.13,IDUA,672.9727431414487,1.1973834891818222,1.4231815706795025e-22,1.1293914497720796,8.577675332999366e-23,
ENSG00000155850.8,SLC26A2,400.36187519764,1.1941367960915557,5.562046142178034e-23,1.156063329494537,8.834440200221507e-25,
ENSG00000197852.12,INKA2,214.69800863572556,1.19076376318128,4.502720119399919e-19,1.123604744559761,5.780479216948348e-16,
ENSG00000223393.2,AL118511.1,3.770401830993384,1.185889172389493,2.4238461552368497e-06,1.4564827746526483,2.4581714822932563e-05,
ENSG00000152104.12,PTPN14,471.6691602960131,1.181936940314913,1.3018935680902264e-11,1.1331030012206595,3.5582741705520387e-10,
ENSG00000188735.13,TMEM120B,366.7663735703701,1.1811498989877367,1.0748127648626341e-45,1.018661117003203,3.2406617580765477e-28,
ENSG00000174151.15,CYB561D1,231.6920216593974,1.1802620858683752,4.601505765616474e-22,1.307383540894771,2.3192722669394934e-19,
ENSG00000102393.14,GLA,1045.3047877800498,1.1760111559828033,6.690269668432091e-20,1.0458489360293994,2.037361890064365e-14,
ENSG00000134243.12,SORT1,2285.9483771501014,1.1749185770445751,1.0606648956401489e-13,1.714332008312968,9.297449442424334e-26,
ENSG00000286406.1,AC138776.1,5.515709763911821,1.1734433558006776,0.0001066847303594,1.0722882152252913,0.0034011368442296,
ENSG00000044090.10,CUL7,1306.301434775591,1.1729280903264274,4.3802520686465455e-35,1.0077400691436245,2.5702317441237944e-21,
ENSG00000078699.22,CBFA2T2,788.1683350615447,1.1694583830294365,1.7195187202204335e-35,1.0267978365373238,6.37589673516088e-21,
ENSG00000146143.19,PRIM2,330.30986252558745,1.1675206545527526,5.912937810008454e-37,1.0120915146391625,5.144607539867219e-25,E2F Targets; G2-M Checkpoint
ENSG00000177098.9,SCN4B,117.59160313076652,1.1658397223641996,1.968805676983499e-10,1.3189643722572812,2.4570572910860972e-11,
ENSG00000141570.11,CBX8,487.9711780736124,1.165798273801622,1.8435031300938389e-25,1.125312923328833,1.1368686967822921e-18,
ENSG00000163468.15,CCT3,15397.67875662108,1.157560821558912,1.5501527602658174e-32,1.0313210250753475,7.722248797924995e-20,Myc Targets V1
ENSG00000105520.10,PLPPR2,1243.7771413379542,1.1560777242830416,3.7261965838096185e-25,1.3290994922111434,5.725319486477038e-22,
ENSG00000280187.1,AC022107.1,54.080809736942506,1.1497462682548951,6.381065078937542e-16,1.0730301628150176,2.524659317962205e-12,
ENSG00000053702.15,NRIP2,120.9839382948092,1.148543619463166,3.334158022529519e-16,1.171076896976382,9.259210488090039e-12,
ENSG00000162734.13,PEA15,4763.273969016634,1.148363355185881,8.961052710434751e-36,1.132410691378928,1.063143588712287e-23,
ENSG00000205208.5,C4orf46,154.62130484348344,1.1480759323264818,1.0813467091626497e-23,1.025234129770102,1.2321952456064776e-16,
ENSG00000160972.9,PPP1R16A,4553.151812775318,1.147747650790222,9.25918588330098e-13,1.012355271051875,5.165969982364348e-09,
ENSG00000233966.1,UBE2SP1,10.942570777642189,1.1472363774751078,1.2503529001475889e-06,1.3922312604757066,5.838633371723577e-09,
ENSG00000260086.3,AC007611.1,19.785700318447585,1.1413675665886678,7.603406594497673e-13,1.052527146116106,3.928077154909938e-09,
ENSG00000106012.18,IQCE,643.6304446528901,1.1409619127191972,1.751777867482924e-26,1.071596442387272,2.6720031843133524e-22,
ENSG00000171084.15,FAM86JP,66.2157322371601,1.1353253825340208,1.1630839989966104e-18,1.3338445045577594,1.7998566982817277e-21,
ENSG00000236021.2,AL591043.2,7.686307027461956,1.1348619904523505,3.190294906204708e-08,1.0849836738919316,2.792777464633282e-06,
ENSG00000196458.11,ZNF605,400.5175173329452,1.1316540173110816,1.5576830211492387e-27,1.0581741741383026,1.6853886533586907e-20,
ENSG00000174996.12,KLC2,498.9046572108973,1.1292120102781484,7.630404004776198e-26,1.0558064107912009,1.2510489584665264e-25,
ENSG00000174233.11,ADCY6,977.570996360243,1.127282199778534,9.170884456245462e-25,1.0023744730050392,8.624179778453365e-15,
ENSG00000143390.18,RFX5,1246.8222648901326,1.126129797376575,1.0462294487295883e-24,1.217450197916781,6.272510043596873e-24,
ENSG00000119280.17,C1orf198,2275.9742404424032,1.125891723368036,8.221655218177563e-19,1.0803561333788123,4.110648654409283e-16,
ENSG00000113721.14,PDGFRB,2962.39958481794,1.1245321409814946,1.1802212839281359e-12,1.0850226400987542,1.6645477971758888e-10,
ENSG00000163472.19,TMEM79,233.5011780101587,1.1232031972524716,3.734482590403277e-36,1.0225388379016072,1.1880115263581222e-28,
ENSG00000260360.1,AL353708.1,17.05524345296005,1.1216913775361637,5.566930821000226e-12,1.1607774976086485,2.893998203565357e-13,
ENSG00000132694.19,ARHGEF11,2310.99361493154,1.1179288160751657,5.510123340849437e-27,1.0519856940770898,1.1917688658872236e-20,Mitotic Spindle
ENSG00000239912.1,RPL39P36,4.229129252890074,1.117658362350151,8.225639076962589e-08,1.088636550423672,1.818539894059104e-06,
ENSG00000237356.7,AL365295.1,27.51876118897954,1.1140757536283925,1.1712611593835645e-07,1.0398691488154768,4.734354790518966e-06,
ENSG00000101464.11,PIGU,1208.6717923965432,1.1132909160969489,2.2771170507813577e-29,1.0543050881925309,2.5408388097365532e-36,
ENSG00000276571.1,AC002550.2,6.974728126487287,1.111026484268592,9.011136996439959e-10,1.0063327244523286,3.194203315007284e-05,
ENSG00000233799.1,AC139887.1,5.604640472426556,1.1073046454566182,3.052787523015281e-07,1.1831406018066035,6.669356281531323e-06,
ENSG00000175970.11,UNC119B,449.644823400611,1.10347716935879,2.0595008732992122e-17,1.0993882376320907,2.1634237921041213e-15,
ENSG00000278997.1,AL662907.1,6.268880923036578,1.1009441701586349,2.2704089940482504e-08,1.0141613144315398,0.0002171654248985,
ENSG00000251602.7,AL928654.1,46.51482033929727,1.0981997656201985,4.839331268403025e-13,1.04632487934762,3.423510201348176e-13,
ENSG00000267080.6,ASB16-AS1,230.6617245908812,1.0959335595746964,5.382020582029239e-29,1.0112175111298654,2.3541552948925583e-24,
ENSG00000136631.15,VPS45,1215.8038159807024,1.0949870603276652,2.619569860132894e-53,1.0174426976479114,1.924136771431472e-38,
ENSG00000154864.13,PIEZO2,1189.2363118729486,1.0895112557082072,1.8466895941897958e-11,1.0221675355543316,6.322227123624206e-09,
ENSG00000280010.1,AP001350.2,14.86048713264872,1.084754629570938,1.248446721264755e-11,1.0428310044206308,6.749415020283117e-09,
ENSG00000197951.10,ZNF71,172.0170853361764,1.08211579975074,1.8339309479436724e-15,1.0437244011379307,2.8217724494038882e-15,
ENSG00000006704.11,GTF2IRD1,585.9971658510322,1.0814244617974544,1.5321908068420646e-19,1.01196813661101,4.6772872483697537e-17,
ENSG00000081148.12,IMPG2,9.29879883745678,1.0733152593987647,2.1015167736547624e-08,1.027595360308561,2.44004287620338e-06,
ENSG00000114770.17,ABCC5,683.9487442512675,1.0710015259540178,2.771355486869785e-29,1.0162629655671105,4.386565613948873e-18,
ENSG00000240370.6,RPL13P5,26.217487616851734,1.0680756524254464,8.12749394460603e-13,1.0512331275702576,4.056122184180838e-11,
ENSG00000143450.18,OAZ3,31.08635349260779,1.0548244020782689,4.063211437832331e-14,1.0089030191835724,1.8004075170194853e-09,Spermatogenesis
ENSG00000249592.6,AC139887.2,115.55683186191564,1.0506309691867262,1.1825322017590946e-18,1.0099292269249465,1.3951180776266394e-15,
ENSG00000128917.8,DLL4,609.9377772373651,1.0447254286539047,1.1253105584804966e-15,1.1726672440576351,5.96644562180055e-16,
ENSG00000159167.12,STC1,593.5025632868732,1.034258271260116,1.4554331598308378e-07,1.4603873323093834,4.923973745021693e-15,
ENSG00000169926.11,KLF13,2717.6223822528286,1.029841718810109,2.5780203790931965e-15,1.0598169626951703,1.9160630317456928e-17,
ENSG00000131473.17,ACLY,3715.413319385953,1.0287892578465525,1.8871729262732023e-26,1.0353475123023446,1.0975062828452778e-23,
ENSG00000236397.3,DDX11L2,25.280339029540997,1.0141059020906202,1.3886350690562568e-05,1.1530899264396757,1.099612694485388e-09,
ENSG00000260920.2,AL031985.3,71.7748979304455,1.0103119006628176,1.3097364506416284e-15,1.0401101422387435,2.7172149488786035e-16,
