Gene_set,Term,Overlap,P-value,Adjusted P-value,Odds Ratio,Combined Score,Genes,direction,n_hits
gs_ind_0,Biological Oxidations R-HSA-211859,51/199,3.9209860830448794e-20,4.097430456781899e-17,5.9262777854268975,264.8178485141723,CYP4F2;GLYAT;AOC1;SLC35D1;CYP2A6;UGP2;ALDH2;CYP4V2;ACSM5;GSTZ1;CYP4A22;CYP1A2;NNMT;UGT2B10;SULT1A1;ADH1C;GLYATL1;ACSM2A;ADH1B;UGT2A1;CYP3A4;MAT1A;CYP39A1;CYP8B1;CYP2E1;UGT2B7;GSTM1;GSTA2;CYP2J2;GSTM5;CYP2B6;ALDH1B1;ADH6;UGT1A1;SULT2A1;GGT5;CYP2C18;FMO3;CYP4A11;SULT1E1;CYP2C19;CYP26A1;GLYATL3;CMBL;AKR7A3;PTGIS;CES3;CYP2C9;CYP3A43;CYP2C8;ADH1A,down in tumor,51
gs_ind_0,Drug ADME R-HSA-9748784,30/88,4.2359275487450943e-16,2.2132721442193116e-13,8.795510304645505,311.34135548838805,GLYAT;PCK1;PON3;BCHE;ACSM5;SLCO1B3;UGT2B10;SULT1A1;ALB;GLYATL1;ACSM2A;UGT2A1;CYP3A4;SLC22A1;SLCO1B1;UGT2B7;CYP2E1;GSTM1;GSTA2;UGT1A1;SULT2A1;GGT5;CYP2C19;SULT1E1;GLYATL3;CYP2C9;CYP2C8;ADH1A;XDH;PON1,down in tumor,30
gs_ind_0,Phase I - Functionalization Of Compounds R-HSA-211945,29/95,3.519618146065575e-14,1.2260003208795087e-11,7.474767039302109,231.55212840673747,CYP4F2;AOC1;CYP2A6;ALDH2;CYP4V2;CYP4A22;CYP1A2;ADH1C;ADH1B;CYP3A4;CYP39A1;CYP8B1;CYP2E1;CYP2J2;CYP2B6;ALDH1B1;ADH6;CYP2C18;FMO3;CYP4A11;CYP2C19;CYP26A1;CMBL;PTGIS;CES3;CYP2C9;CYP3A43;CYP2C8;ADH1A,down in tumor,29
gs_ind_0,Complement Cascade R-HSA-166658,21/54,5.547538758374532e-13,1.4492945006253464e-10,10.761446696385065,303.6907360045035,FCN1;C8A;FCN3;C1S;COLEC10;CFI;COLEC11;CD81;MBL2;C1R;C8B;CR1;MASP1;C1QB;C5AR1;CFHR3;FCN2;C1QC;CPB2;PROS1;SERPING1,down in tumor,21
gs_ind_0,Metabolism Of Amino Acids And Derivatives R-HSA-71291,55/347,5.446760041154915e-12,1.0854370937250027e-09,3.23051632715951,83.78667201651172,ALDH6A1;ACADSB;AGXT2;AGMAT;ASPA;GSTZ1;LDHD;SARDH;ASS1;DHTKD1;NNMT;HOGA1;ASPG;FOLH1;SHMT1;PHGDH;HAO1;GATM;IVD;ECHS1;KMO;BBOX1;PRODH2;PSAT1;SLC6A12;MAT1A;IDO2;GCDH;PPM1K;UROC1;GRHPR;DMGDH;HAAO;AADAT;GOT2;AGXT;GNMT;INMT;GLS2;GLUD1;TH;PEMT;DBH;BCKDHB;BHMT;FAH;RIDA;TDO2;FTCD;DAO;QDPR;AMDHD1;ALDH4A1;OTC;IYD,down in tumor,55
gs_ind_0,Creation Of C4 And C2 Activators R-HSA-166786,11/14,6.2321747008134126e-12,1.0854370937250027e-09,54.73256411721026,1412.1710753061755,FCN1;MASP1;FCN3;COLEC11;C1QB;C1QC;C1S;COLEC10;MBL2;C1R;FCN2,down in tumor,11
gs_ind_0,Binding And Uptake Of Ligands By Scavenger Receptors R-HSA-2173782,17/40,1.6512376580779287e-11,2.4650619324163363e-09,12.452535838540642,309.1579979965179,JCHAIN;HBA1;STAB2;MASP1;CD163;COLEC11;SCARA5;STAB1;SSC5D;APOL1;HPX;APOA1;MARCO;DLC1;AMBP;ALB;SAA2,down in tumor,17
gs_ind_0,Fatty Acid Metabolism R-HSA-8978868,34/162,3.0390219902948684e-11,3.969722474822672e-09,4.5287692076045865,109.67275225997595,CYP4F2;ACAD11;THRSP;ACADM;PON3;ACAA1;ACAA2;EHHADH;CYP4A22;CYP1A2;ACOT12;ECHS1;SLC27A2;CYP8B1;CYP2J2;ACSL1;MLYCD;EPHX2;ACOX2;ACSM3;GGT5;CYP4A11;CYP2C19;PTGS2;CYP2C8;CYP2C9;CBR4;MMUT;PTGIS;HAO2;ACADS;ACADL;CPT2;PON1,down in tumor,34
gs_ind_0,Metabolism Of Lipids R-HSA-556833,82/681,1.1662069107664777e-10,1.1867607719848622e-08,2.360800525802023,53.9964524957885,ACAD11;THRSP;BCHE;SLC27A5;EHHADH;SLCO1B3;MOGAT2;GPD1;CYP2J2;PITPNM3;EPHX2;AGXT;HMGCL;GGT5;PIK3C2G;PLIN2;PLAAT3;MMUT;ACACB;SRD5A2;ACADL;CPT2;SGMS2;ACAA1;LPIN2;FHL2;ALB;SLCO1B1;MLYCD;HMGCLL1;ACOX2;PNPLA7;PLPP3;SEC24B;CBR4;HAO2;AKR1D1;CYP4F2;HMGCS2;SRD5A1;CYP4A22;CYP1A2;ACOT12;BDH2;CYP3A4;CYP39A1;CYP8B1;CYP2E1;ACSM3;STARD5;PEMT;GC;NCOR1;ACADS;ALAS1;CYP2C9;CYP2C8;PON1;PON3;GPAT3;ACAA2;HSD17B13;PHOSPHO1;G0S2;APOA5;ECHS1;SLC10A1;MFSD2A;SMPD3;SLC27A2;ACSL1;SULT2A1;PPARGC1A;CYP4A11;CYP2C19;PTGS2;PTGIS;GBA3;FITM1;PLIN1;ACADM;APOA1,down in tumor,82
gs_ind_0,Aspirin ADME R-HSA-9749641,16/39,1.2492218652472233e-10,1.1867607719848622e-08,11.73153565602125,267.51807991267304,GLYATL3;GLYAT;GLYATL1;ACSM2A;ACSM5;BCHE;UGT2A1;UGT1A1;CYP3A4;CYP2C19;UGT2B7;CYP2E1;CYP2C9;UGT2B10;CYP2C8;ALB,down in tumor,16
gs_ind_0,Cytochrome P450 - Arranged By Substrate Type R-HSA-211897,19/56,1.1578769830619965e-10,1.1867607719848622e-08,8.703565392354125,199.13115981009793,CYP4F2;CYP2A6;CYP4V2;CYP4A22;CYP1A2;CYP3A4;CYP39A1;CYP8B1;CYP2E1;CYP2J2;CYP2B6;CYP2C18;CYP4A11;CYP2C19;CYP26A1;PTGIS;CYP2C9;CYP3A43;CYP2C8,down in tumor,19
gs_ind_0,Metallothioneins Bind Metals R-HSA-5661231,8/9,9.422881432751967e-10,8.205759247688171e-08,94.1769711474538,1957.2526803697049,MT1A;MT2A;MT1M;MT1H;MT1X;MT1G;MT1F;MT1E,down in tumor,8
gs_ind_0,Scavenging Of Heme From Plasma R-HSA-2168880,9/12,1.176184700368658e-09,9.454715476040367e-08,45.141659538066726,928.1572077122875,JCHAIN;HBA1;CD163;APOL1;HPX;APOA1;DLC1;AMBP;ALB,down in tumor,9
gs_ind_0,Glyoxylate Metabolism And Glycine Degradation R-HSA-389661,13/30,3.0862479346907827e-09,2.30366363696562e-07,12.862188912409177,252.0514379194113,BCKDHB;GOT2;HAO1;AGXT2;AGXT;PRODH2;DAO;GNMT;LDHD;ALDH4A1;DHTKD1;HOGA1;GRHPR,down in tumor,13
gs_ind_0,GPCR Ligand Binding R-HSA-500792,45/302,3.4601067181143957e-09,2.410541013619696e-07,2.9887772896140845,58.22725874818921,AGTR1;CXCR2;TBXA2R;PTGIR;PTGER2;FPR1;ADRA1A;CCL2;CXCL12;CXCR1;SAA2;ADRA2B;NPY1R;ADRA1B;P2RY13;CCL4;NPBWR1;GRM8;VIPR1;C1QTNF1;ADRB1;EDNRB;GLP2R;CD200R1;NPY5R;CRHBP;CCR1;P2RY12;ADGRE1;PPBP;AVPR1A;RXFP1;C5AR1;AGXT;PTGDR;CCL23;FPR2;CXCL2;WNT2;PTH1R;CHRM2;GPR65;OXT;WNT11;CCL3,down in tumor,45
gs_ind_0,Initial Triggering Of Complement R-HSA-166663,11/21,4.1622750494814135e-09,2.5585749568871045e-07,18.238057158089145,351.943510004124,FCN1;MASP1;FCN3;COLEC11;C1QB;C1QC;C1S;COLEC10;MBL2;C1R;FCN2,down in tumor,11
gs_ind_0,Xenobiotics R-HSA-211981,11/21,4.1622750494814135e-09,2.5585749568871045e-07,18.238057158089145,351.943510004124,CYP2B6;CYP2A6;CYP3A4;CYP1A2;CYP2C18;CYP2E1;CYP2C9;CYP2C19;CYP3A43;CYP2C8;CYP2J2,down in tumor,11
gs_ind_0,Class A/1 (Rhodopsin-like Receptors) R-HSA-373076,36/214,5.038298436995008e-09,2.925012148144324e-07,3.4464901423645755,65.84932107841972,AGTR1;CXCR2;TBXA2R;PTGIR;PTGER2;FPR1;ADRA1A;CCL2;CXCL12;CXCR1;SAA2;ADRA2B;NPY1R;ADRA1B;P2RY13;CCL4;NPBWR1;ADRB1;EDNRB;CD200R1;NPY5R;CCR1;P2RY12;PPBP;AVPR1A;RXFP1;C5AR1;AGXT;PTGDR;CCL23;FPR2;CXCL2;CHRM2;GPR65;OXT;CCL3,down in tumor,36
gs_ind_0,Lectin Pathway Of Complement Activation R-HSA-166662,7/8,1.4764323431510136e-08,8.120377887330576e-07,83.03108808290155,1497.1378788997654,FCN1;MASP1;FCN3;COLEC11;COLEC10;MBL2;FCN2,down in tumor,7
gs_ind_0,Response To Metal Ions R-HSA-5660526,8/11,1.557841215552629e-08,8.139720351262487e-07,40.35768419852983,725.5254133462626,MT1A;MT2A;MT1M;MT1H;MT1X;MT1G;MT1F;MT1E,down in tumor,8
gs_ind_0,Phase II - Conjugation Of Compounds R-HSA-156580,22/97,2.0495667931540918e-08,1.0199034756409648e-06,4.9909705098990464,88.35541193228872,GLYAT;SLC35D1;UGP2;ACSM5;GSTZ1;CYP1A2;NNMT;UGT2B10;SULT1A1;GLYATL1;ACSM2A;UGT2A1;MAT1A;UGT2B7;GSTM1;GSTA2;GSTM5;UGT1A1;SULT2A1;GGT5;SULT1E1;GLYATL3,down in tumor,22
gs_ind_0,Immunoregulatory Interactions Between A Lymphoid And A non-Lymphoid Cell R-HSA-198933,23/107,2.893955506718629e-08,1.3746288656913489e-06,4.659322572399806,80.87678441769135,CD300E;SIGLEC7;CD300A;KLRF1;FCGR2B;LILRA5;LILRB5;CD160;LILRA2;CD81;SIGLEC8;CD200R1;SIGLEC11;CD1D;NCR1;CLEC1B;SH2D1B;LILRB1;KLRD1;CD226;SIGLEC9;LILRA1;SIGLEC1,down in tumor,23
gs_ind_0,Response To Elevated Platelet Cytosolic Ca2+ R-HSA-76005,25/125,3.384858966084956e-08,1.537903312851643e-06,4.2545400776143545,73.18391168511532,ALB;SRGN;PRKCB;FGA;SERPINA1;F8;SERPINE1;TTR;THBS1;ORM2;HRG;PPBP;MMRN1;ORM1;SERPINA4;ECM1;CDC37L1;SERPINF2;IGF1;FGG;PLG;FGB;PROS1;SERPING1;APOA1,down in tumor,25
gs_ind_0,Platelet Degranulation R-HSA-114608,24/121,7.478694887126098e-08,3.2563483987694884e-06,4.210674954674955,69.09137558049049,ALB;SRGN;FGA;SERPINA1;F8;SERPINE1;TTR;THBS1;ORM2;HRG;PPBP;MMRN1;ORM1;SERPINA4;ECM1;CDC37L1;SERPINF2;IGF1;FGG;PLG;FGB;PROS1;SERPING1;APOA1,down in tumor,24
gs_ind_0,Regulation Of Complement Cascade R-HSA-977606,14/44,8.276282745260947e-08,3.459486187519076e-06,7.9280068333388085,129.28428134352131,CR1;C8A;C1QB;C5AR1;C1QC;C1S;CPB2;CD81;CFHR3;CFI;C1R;PROS1;C8B;SERPING1,down in tumor,14
gs_ind_0,Biosynthesis Of Maresins R-HSA-9018682,6/7,2.2760439311594216e-07,9.147945800236907e-06,71.90296030797823,1099.8030061451475,EPHX2;CYP3A4;CYP1A2;CYP2E1;CYP2C9;CYP2C8,down in tumor,6
gs_ind_0,Signaling By GPCR R-HSA-372790,59/514,2.5994370035112614e-07,9.834783751551866e-06,2.213684443541743,33.56565617730059,AGTR1;CXCR2;TBXA2R;PTGIR;PRKAR2B;GNA14;PTGER2;GPR83;FPR1;ADRA1A;CCL2;CXCL12;PDE2A;CXCR1;SAA2;ADRA2B;NPY1R;PRKCB;P2RY13;ADRA1B;ABHD6;CCL4;NPBWR1;GRM8;VIPR1;C1QTNF1;ADRB1;EDNRB;GLP2R;CD200R1;NPY5R;CRHBP;CCR1;P2RY12;ADGRE1;PPBP;AVPR1A;RXFP1;C5AR1;AGXT;CAMK4;PTGDR;GPR15;CCL23;PDE7B;FPR2;CXCL2;WNT2;PTH1R;RHOB;CHRM2;GPR65;OXT;ARHGEF26;WNT11;CAMK2B;CCL3;PDE11A;RGS18,down in tumor,59
gs_ind_0,Peptide Ligand-Binding Receptors R-HSA-375276,24/129,2.6351573688368635e-07,9.834783751551866e-06,3.889880798506391,58.928398388978565,AGTR1;CXCR2;FPR1;CCL2;CXCL12;CXCR1;SAA2;NPY1R;CCL4;NPBWR1;EDNRB;CD200R1;NPY5R;CCR1;PPBP;AVPR1A;RXFP1;C5AR1;AGXT;CCL23;FPR2;CXCL2;OXT;CCL3,down in tumor,24
gs_ind_0,Arachidonic Acid Metabolism R-HSA-2142753,15/55,2.800928364726486e-07,1.009300048668682e-05,6.3842809248612165,96.3269545906443,CYP4F2;PTGS2;CYP2C9;EPHX2;PON3;PTGIS;CYP4A22;CYP1A2;CYP8B1;GGT5;CYP4A11;CYP2C19;CYP2C8;CYP2J2;PON1,down in tumor,15
gs_ind_0,Immune System R-HSA-168256,148/1734,3.9021486088192546e-07,1.3592484320720403e-05,1.6179700721922496,23.875685916796478,CXCR2;CMTM6;AOC1;PDCD1LG2;PLAC8;KLRF1;PELI2;CDA;CFI;GBP1;GHR;CXCR1;SAA2;IL1RN;MEFV;S100A8;SIRPB1;HMOX1;COLEC11;FGA;CCL4;LILRB5;SIGLEC8;FBXO15;PPBP;CLEC12A;TSLP;IL10;AGL;SH2D1B;IL6;CXCL2;SOCS2;FCAR;LRG1;MAP2K1;RCAN1;LEAP2;IL1B;IL1RAP;SOCS3;JUN;C8A;MT2A;FCN3;NFAM1;TKFC;ACAA1;GATA3;CCL2;SIGLEC14;C8B;GSTA2;CCR1;ORM1;NCR1;BLK;CFP;CD4;LILRB1;MAP2K3;SEC24B;ITLN1;IL13RA2;CPB2;KLRD1;HERC5;LILRA1;CAMK2B;CCL3;SERPING1;FLT3;RASGRP4;FOXO1;PGM1;C1S;COLEC10;FPR1;SPTBN2;FCGR2B;FGL2;CSF1R;SIGLEC16;LILRA5;SERPINA1;CD160;TLR3;CD81;TTR;CD200R1;ORM2;CRISPLD2;SIGLEC11;CR1;MASP1;CLEC1B;C5AR1;C1QB;CFHR3;IL1RL1;RNF125;FCN2;FPR2;IL33;PGLYRP2;MYC;C1QC;SLC7A8;IL18R1;FGG;SIGLEC9;VNN1;XDH;FCN1;GLYAT;SPSB4;CD300E;SLCO4C1;SIGLEC7;CD300A;TLR4;TNFSF11;PRKCB;MRC1;LILRA2;MBL2;DUSP6;SLC27A2;C1R;MCL1;CD1D;SOCS6;BLNK;CISH;IRF8;GBP7;S100A12;DLC1;PTGS2;EIF4E3;LIFR;FOS;CD226;IL2RB;FGB;PROS1;EGR1;SIGLEC1,down in tumor,148
gs_ind_0,Biosynthesis Of Maresin-Like SPMs R-HSA-9027307,5/5,6.011074523914537e-07,2.02631383144861e-05,182.38639076800638,2612.592419003103,CYP3A4;CYP1A2;CYP2E1;CYP2C9;CYP2C8,down in tumor,5
gs_ind_0,Synthesis Of Epoxy (EET) And Dihydroxyeicosatrienoic Acids (DHET) R-HSA-2142670,6/8,8.661246021692387e-07,2.82843815395892e-05,43.139705296694544,602.1973727764091,EPHX2;CYP1A2;CYP2C9;CYP2C19;CYP2C8;CYP2J2,down in tumor,6
gs_ind_0,GPCR Downstream Signaling R-HSA-388396,53/461,9.994881242191537e-07,3.1650457266939865e-05,2.2135419805346563,30.582345951195023,AGTR1;CXCR2;TBXA2R;PTGIR;PRKAR2B;GNA14;PTGER2;GPR83;FPR1;ADRA1A;CXCL12;PDE2A;CXCR1;SAA2;ADRA2B;NPY1R;PRKCB;P2RY13;ADRA1B;ABHD6;CCL4;NPBWR1;GRM8;VIPR1;C1QTNF1;ADRB1;EDNRB;GLP2R;CD200R1;NPY5R;CCR1;P2RY12;PPBP;AVPR1A;RXFP1;C5AR1;AGXT;CAMK4;PTGDR;GPR15;CCL23;PDE7B;FPR2;CXCL2;PTH1R;RHOB;CHRM2;GPR65;OXT;ARHGEF26;CAMK2B;PDE11A;RGS18,down in tumor,53
gs_ind_0,Synthesis Of (16-20)-Hydroxyeicosatetraenoic Acids (HETE) R-HSA-2142816,6/9,2.472090912627051e-06,7.17593056582019e-05,30.812596006144393,397.804364316638,CYP4F2;CYP1A2;CYP4A11;CYP2C9;CYP2C19;CYP2C8,down in tumor,6
gs_ind_0,NGF-stimulated Transcription R-HSA-9031628,11/35,2.345955478485802e-06,7.17593056582019e-05,7.811055169768827,101.25328487851823,ID1;ASCL1;SGK1;ID2;EGR3;FOS;EGR2;FOSB;FOSL1;TRIB1;EGR1,down in tumor,11
gs_ind_0,CYP2E1 Reactions R-HSA-211999,6/9,2.472090912627051e-06,7.17593056582019e-05,30.812596006144393,397.804364316638,CYP2B6;CYP2A6;CYP2E1;CYP2C9;CYP2C19;CYP2C8,down in tumor,6
gs_ind_0,Hemostasis R-HSA-109582,56/517,3.2297421182686957e-06,9.121839225921046e-05,2.0689683838923534,26.158191271231757,TEK;TBXA2R;SELE;EHD3;PTGIR;ZFPM2;GNA14;PRKAR2B;P2RX3;GATA3;PDE2A;ALB;JCHAIN;SRGN;ADRA2B;PRKCB;ABHD6;FGA;SERPINA1;MAG;F8;SERPINE1;TTR;KLKB1;THBS1;SDC4;ORM2;HRG;P2RY12;PPBP;ORM1;SERPINB8;MMRN1;SERPINA4;CLEC1B;PROS1;SLC8A1;TSPAN7;CD244;F9;WEE1;KIF19;ECM1;CDC37L1;SERPINF2;RHOB;SLC7A8;IGF1;FGG;PLG;FGB;MAFF;THBD;SERPING1;PDE11A;APOA1,down in tumor,56
gs_ind_0,Conjugation Of Salicylate With Glycine R-HSA-177128,5/6,3.4357472178111544e-06,9.448304848980674e-05,60.79254543042844,764.8478004193388,GLYATL3;GLYAT;GLYATL1;ACSM2A;ACSM5,down in tumor,5
gs_ind_0,Bile Acid And Bile Salt Metabolism R-HSA-194068,12/44,4.348414952172139e-06,0.00011651522115435602,6.403022747560563,79.04979254370488,ACOX2;PTGIS;SLC10A1;SLC27A5;SLCO1B3;SLCO1B1;SLC27A2;STARD5;CYP39A1;CYP8B1;ALB;AKR1D1,down in tumor,12
gs_ind_0,Metabolism Of Vitamins And Cofactors R-HSA-196854,26/173,5.795076151994905e-06,0.0001498728557452455,3.008140531864544,36.273668440112004,SLC19A3;MTHFD1;NNMT;TTPA;PANK1;SHMT1;MTHFD2L;LRAT;AMN;LDLR;AOX1;TTR;CYP8B1;SDC4;GCH1;GPHN;PTGS2;MMUT;ACACB;PTGIS;NADK2;NAMPT;APOC3;VNN1;BCO2;APOA1,down in tumor,26
gs_ind_0,HDL Remodeling R-HSA-8964058,6/10,5.880179029239297e-06,0.0001498728557452455,23.964201955838753,288.62301148488956,CETP;APOC3;LCAT;APOA1;LIPG;ALB,down in tumor,6
gs_ind_0,"Platelet Activation, Signaling And Aggregation R-HSA-76002",32/239,6.441213785464526e-06,0.00016026353347167692,2.627618240346502,31.407378380310544,TBXA2R;GNA14;ALB;SRGN;ADRA2B;PRKCB;ABHD6;FGA;SERPINA1;F8;SERPINE1;TTR;THBS1;ORM2;HRG;P2RY12;PPBP;MMRN1;ORM1;SERPINA4;CLEC1B;ECM1;CDC37L1;SERPINF2;RHOB;IGF1;FGG;PLG;FGB;PROS1;SERPING1;APOA1,down in tumor,32
gs_ind_0,Plasma Lipoprotein Remodeling R-HSA-8963899,10/33,9.787498688770918e-06,0.00023715470931550973,7.429731131153255,85.69752516341433,ANGPTL3;APOA5;APOF;CETP;APOC3;LCAT;APOA1;LPA;LIPG;ALB,down in tumor,10
gs_ind_0,Interleukin-10 Signaling R-HSA-6783783,11/40,9.985461444863567e-06,0.00023715470931550973,6.4855888153213295,74.67753659722918,IL1RN;PTGS2;IL10;CCL4;FPR1;IL6;CCL2;CCL3;IL1B;CXCL2;CCR1,down in tumor,11
gs_ind_0,Amino Acid Conjugation R-HSA-156587,5/7,1.1456104279549187e-05,0.0002660361993806422,36.47377636291285,414.9617103484226,GLYATL3;GLYAT;GLYATL1;ACSM2A;ACSM5,down in tumor,5
gs_ind_0,Innate Immune System R-HSA-168249,83/904,1.2492088001879467e-05,0.0002777496162120009,1.7260392438989183,19.487699497475386,CMTM6;CXCR2;AOC1;PLAC8;PELI2;CDA;CFI;CXCR1;SAA2;HMOX1;S100A8;SIRPB1;MEFV;COLEC11;FGA;PPBP;CLEC12A;AGL;FCAR;LRG1;MAP2K1;RCAN1;LEAP2;IL1B;JUN;FCN3;NFAM1;C8A;TKFC;ACAA1;SIGLEC14;C8B;ORM1;CFP;CD4;MAP2K3;ITLN1;CPB2;KLRD1;HERC5;SERPING1;RASGRP4;PGM1;C1S;COLEC10;FPR1;FGL2;SIGLEC16;SERPINA1;TLR3;CD81;TTR;ORM2;CRISPLD2;MASP1;CR1;C5AR1;C1QB;CFHR3;RNF125;FCN2;FPR2;PGLYRP2;C1QC;SLC7A8;FGG;SIGLEC9;VNN1;FCN1;GLYAT;CD300E;SLCO4C1;CD300A;TLR4;MBL2;DUSP6;SLC27A2;C1R;S100A12;DLC1;FOS;FGB;PROS1,down in tumor,83
gs_ind_0,Ethanol Oxidation R-HSA-71384,6/11,1.2309002374730744e-05,0.0002777496162120009,19.606133014735164,221.6508562264876,ADH1C;ALDH1B1;ADH6;ALDH2;ADH1B;ADH1A,down in tumor,6
gs_ind_0,Biosynthesis Of DHA-derived SPMs R-HSA-9018677,7/16,1.4066106821807991e-05,0.0003062308672664448,13.105137295210925,146.40721831657928,PTGS2;EPHX2;CYP3A4;CYP1A2;CYP2E1;CYP2C9;CYP2C8,down in tumor,7
gs_ind_0,Biosynthesis Of Specialized Proresolving Mediators (SPMs) R-HSA-9018678,7/18,3.5367027113015075e-05,0.0007542559863898112,10.82494324778623,110.95275215149995,PTGS2;EPHX2;CYP3A4;CYP1A2;CYP2E1;CYP2C9;CYP2C8,down in tumor,7
gs_ind_0,Ficolins Bind To Repetitive Carbohydrate Structures On Target Cell Surface R-HSA-2855086,4/5,5.0413643473358656e-05,0.0010536451485931959,49.69980119284294,491.7918939232363,FCN1;MASP1;FCN2;FCN3,down in tumor,4
gs_ind_0,Atorvastatin ADME R-HSA-9754706,5/9,6.239854477837666e-05,0.0012785584175177178,20.261263651235797,196.1689185429618,PON3;CYP3A4;SLCO1B3;SLCO1B1;PON1,down in tumor,5
gs_ind_0,Synthesis Of Bile Acids And Bile Salts Via 24-Hydroxycholesterol R-HSA-193775,6/14,6.894591880540825e-05,0.0013855477913779157,12.684494108276525,121.54520908380903,PTGIS;SLC27A5;SLC27A2;CYP8B1;CYP39A1;AKR1D1,down in tumor,6
gs_ind_0,Regulation Of IGF Transport And Uptake By IGFBPs R-HSA-381426,18/113,7.049710783200339e-05,0.001389990144989501,3.230724374075033,30.885527530528282,SERPINA10;CP;APOA5;FGA;IGFBP1;SERPINA1;IGFBP3;IGF1;FGG;IGFBP4;APOL1;PLG;IGFALS;IL6;APOA1;KLKB1;EVA1A;ALB,down in tumor,18
gs_ind_0,Nuclear Events (Kinase And Transcription Factor Activation) R-HSA-198725,12/57,7.32865605275393e-05,0.0014182306620607143,4.570729390657362,43.518523874122565,ID1;ASCL1;SGK1;ID2;EGR3;FOS;DUSP6;EGR2;FOSB;FOSL1;TRIB1;EGR1,down in tumor,12
gs_ind_0,Formation Of Fibrin Clot (Clotting Cascade) R-HSA-140877,9/35,0.00011425153699728917,0.002094611511616968,5.955522916431288,54.0589251576712,FGA;F8;FGG;F9;FGB;PROS1;KLKB1;THBD;SERPING1,down in tumor,9
gs_ind_0,Mitochondrial Fatty Acid Beta-Oxidation R-HSA-77289,9/35,0.00011425153699728917,0.002094611511616968,5.955522916431288,54.0589251576712,ACAD11;ACSM3;ECHS1;MMUT;ACAA2;ACADS;ACADL;ACADM;ACOT12,down in tumor,9
gs_ind_0,Branched-chain Amino Acid Catabolism R-HSA-70895,7/21,0.00011108130142477585,0.002094611511616968,8.584062890834376,78.16002300940438,ALDH6A1;BCKDHB;ACADSB;IVD;ECHS1;LDHD;PPM1K,down in tumor,7
gs_ind_0,Mitochondrial Fatty Acid Beta-Oxidation Of Saturated Fatty Acids R-HSA-77286,5/10,0.00011891691052751405,0.002142554681056072,16.57660167130919,149.80416725934276,ECHS1;ACSM3;ACADS;ACADL;ACADM,down in tumor,5
gs_ind_0,"Plasma Lipoprotein Assembly, Remodeling, And Clearance R-HSA-174824",13/69,0.00012437185704152487,0.002202857467938873,3.9763999985823695,35.75672178120852,ANGPTL3;APOA5;LDLR;AMN;APOF;CES3;CETP;APOC3;LCAT;APOA1;LPA;LIPG;ALB,down in tumor,13
gs_ind_0,Transport Of Small Molecules R-HSA-382551,59/630,0.00013082078461985075,0.002278461998795734,1.7543194314847859,15.686566882292697,TRPV4;HBA1;ABCA8;CP;SLC13A5;SLC35D1;SLCO4C1;SLC9B2;SLC38A4;PRKAR2B;SLC17A8;SLCO1B3;FXYD1;ANO1;SLC16A2;ATP11C;ALB;AQP3;HMOX1;SLC41A2;APOA5;AMN;STEAP3;LDLR;SLC6A12;SLC22A1;SLCO1B1;AZGP1;SLC4A4;SLC5A1;ANGPTL3;CA2;SLC8A1;ATP13A4;APOF;SLC9A9;SLC39A5;SLC7A2;TRPM8;SLC38A2;SLC2A2;SGK1;SLC4A10;AQP7;SLC28A1;NIPAL1;SLC7A8;SLC39A14;CES3;CETP;APOC3;LCAT;ABCC9;CAMK2B;ERLIN1;LPA;LIPG;SLC1A1;APOA1,down in tumor,59
gs_ind_0,Peroxisomal Protein Import R-HSA-9033241,12/61,0.00014617511417710718,0.002463757972823823,4.200569116535503,37.093987720151105,GLYAT;MLYCD;EPHX2;HAO1;ACOX2;ACAA1;AGXT;DAO;EHHADH;HMGCL;HAO2;SLC27A2,down in tumor,12
gs_ind_0,Classical Antibody-Mediated Complement Activation R-HSA-173623,4/6,0.00014436943598445368,0.002463757972823823,29.81844930417495,263.68857316655823,C1QB;C1QC;C1S;C1R,down in tumor,4
gs_ind_0,Eicosanoids R-HSA-211979,5/11,0.00020775683398816674,0.0034461252621846706,14.025681839052313,118.92575117931814,CYP4F2;PTGIS;CYP4A22;CYP8B1;CYP4A11,down in tumor,5
gs_ind_0,Metabolism Of Water-Soluble Vitamins And Cofactors R-HSA-196849,17/113,0.0002263719066230974,0.003696228787830262,3.0218453423040654,25.363349115531626,PTGS2;SHMT1;MTHFD2L;GPHN;MMUT;ACACB;SLC19A3;AMN;PTGIS;MTHFD1;NADK2;NAMPT;AOX1;VNN1;CYP8B1;NNMT;PANK1,down in tumor,17
gs_ind_0,Recycling Of Bile Acids And Salts R-HSA-159418,6/17,0.00024497743238916994,0.003938483336102809,9.374145066057174,77.93987113807489,SLC10A1;SLC27A5;SLCO1B3;SLCO1B1;STARD5;ALB,down in tumor,6
gs_ind_0,Dissolution Of Fibrin Clot R-HSA-75205,5/12,0.00033942217413388437,0.005293972715968794,12.155007295397267,97.09742997559718,SERPINF2;SERPINB8;SERPINE1;PLG;HRG,down in tumor,5
gs_ind_0,Fatty Acids R-HSA-211935,5/12,0.00033942217413388437,0.005293972715968794,12.155007295397267,97.09742997559718,CYP4F2;CYP2B6;CYP4A22;CYP4A11;CYP2J2,down in tumor,5
gs_ind_0,RA Biosynthesis Pathway R-HSA-5365859,6/19,0.0004866478845648356,0.007296978493269916,7.984615838458929,60.906407889781654,RDH5;ADH1C;RDH16;ALDH8A1;CYP26A1;ADH1A,down in tumor,6
gs_ind_0,Canonical Retinoid Cycle In Rods (Twilight Vision) R-HSA-2453902,6/19,0.0004866478845648356,0.007296978493269916,7.984615838458929,60.906407889781654,RDH5;HSD17B6;LRAT;CYP4V2;TTR;RDH16,down in tumor,6
gs_ind_0,Paracetamol ADME R-HSA-9753281,7/26,0.0004887928177309992,0.007296978493269916,6.381488181009903,48.64973361887152,UGT1A1;SULT2A1;GGT5;GSTM1;CYP2E1;SULT1E1;SULT1A1,down in tumor,7
gs_ind_0,G Alpha (I) Signaling Events R-HSA-418594,26/225,0.0005041138927223764,0.0074197044773927235,2.2184731354894724,16.844219473012323,CXCR2;PRKAR2B;GNA14;FPR1;CXCL12;CXCR1;SAA2;ADRA2B;NPY1R;P2RY13;CCL4;NPBWR1;GRM8;NPY5R;CCR1;P2RY12;PPBP;C5AR1;AGXT;CAMK4;CCL23;FPR2;CXCL2;CHRM2;CAMK2B;RGS18,down in tumor,26
gs_ind_0,Visual Phototransduction R-HSA-2187338,13/80,0.000566897625593243,0.008227889149235263,3.32663195835002,24.86767774847473,PDE6G;RDH5;HSD17B6;LRAT;CYP4V2;LDLR;CNGA1;TTR;RDH16;APOC3;SDC4;BCO2;APOA1,down in tumor,13
gs_ind_0,Formyl Peptide Receptors Bind Formyl Peptides And Many Other Ligands R-HSA-444473,4/8,0.0006140683527734702,0.008556019048643684,16.564214711729623,122.4990649086217,CCL23;FPR2;FPR1;SAA2,down in tumor,4
gs_ind_0,Synthesis Of Ketone Bodies R-HSA-77111,4/8,0.0006140683527734702,0.008556019048643684,16.564214711729623,122.4990649086217,HMGCLL1;HMGCS2;BDH2;HMGCL,down in tumor,4
gs_ind_0,Adrenoceptors R-HSA-390696,4/8,0.0006140683527734702,0.008556019048643684,16.564214711729623,122.4990649086217,ADRB1;ADRA2B;ADRA1B;ADRA1A,down in tumor,4
gs_ind_0,Beta Oxidation Of butanoyl-CoA To acetyl-CoA R-HSA-77352,3/4,0.0007103149155806965,0.009712816950153249,38.6246854721229,280.02132751597765,ECHS1;ACADS;ACSM3,down in tumor,3
gs_ind_0,SLC-mediated Transmembrane Transport R-HSA-425407,25/218,0.0007156812489586603,0.009712816950153249,2.199810668396982,15.931635289257711,CP;SLC13A5;SLC35D1;SLCO4C1;SLC38A4;SLC17A8;SLCO1B3;SLC16A2;SLC41A2;SLC6A12;SLC22A1;SLCO1B1;SLC4A4;SLC5A1;SLC8A1;SLC9A9;SLC39A5;SLC7A2;SLC38A2;SLC2A2;SLC4A10;SLC28A1;SLC39A14;SLC7A8;SLC1A1,down in tumor,25
gs_ind_0,Tryptophan Catabolism R-HSA-71240,5/14,0.0007794315996196297,0.01044238489233991,9.595136867237732,68.67187279793508,HAAO;AADAT;TDO2;KMO;IDO2,down in tumor,5
gs_ind_0,Common Pathway Of Fibrin Clot Formation R-HSA-140875,6/21,0.0008821345649876954,0.01166874203053344,6.953674798627972,48.90634879035882,FGA;F8;FGG;FGB;PROS1;THBD,down in tumor,6
gs_ind_0,Signaling By Retinoic Acid R-HSA-5362517,8/37,0.0009632350955324284,0.012582258435392346,4.78222333398687,33.213559896134285,RDH5;ADH1C;PDK4;LDHD;RDH16;ALDH8A1;CYP26A1;ADH1A,down in tumor,8
gs_ind_0,Signaling By Interleukins R-HSA-449147,39/406,0.0010667834212765267,0.01359498384431671,1.7994279593227884,12.313678615760356,SOCS3;JUN;PELI2;GATA3;FPR1;CCL2;SAA2;IL1RN;HMOX1;CSF1R;CCL4;DUSP6;GSTA2;CCR1;MCL1;TSLP;BLNK;IL10;IL1RL1;CISH;IL6;S100A12;CXCL2;CD4;PTGS2;MAP2K3;IL33;SOCS2;MYC;LIFR;MAP2K1;IL13RA2;FOS;IL18R1;IL2RB;CCL3;IL1B;IL1RAP;FOXO1,down in tumor,39
gs_ind_0,Prostanoid Ligand Receptors R-HSA-391908,4/9,0.0010554041991695444,0.01359498384431671,13.551888667992047,92.88236087143518,PTGDR;TBXA2R;PTGIR;PTGER2,down in tumor,4
gs_ind_0,Interleukin-4 And Interleukin-13 Signaling R-HSA-6785807,14/97,0.001191819635839002,0.015005439993394664,2.888481153924616,19.446046670274956,PTGS2;HMOX1;SOCS3;IL10;MYC;IL13RA2;FOS;GATA3;FOXO1;IL6;CCL2;MCL1;IL1B;SAA2,down in tumor,14
gs_ind_0,Post-translational Protein Phosphorylation R-HSA-8957275,14/98,0.0013189062874549864,0.016407822266553105,2.854160391789496,18.925801859605095,SERPINA10;CP;APOA5;FGA;IGFBP1;SERPINA1;IGFBP3;FGG;IGFBP4;APOL1;IL6;APOA1;EVA1A;ALB,down in tumor,14
gs_ind_0,Glucuronidation R-HSA-156588,6/23,0.0014876858057006298,0.018289784317143037,6.158377425044092,40.094322635777104,SLC35D1;UGP2;UGT1A1;UGT2A1;UGT2B7;UGT2B10,down in tumor,6
gs_ind_0,Heme Degradation R-HSA-189483,5/16,0.001545343370179073,0.018777718858571293,7.925656153220644,51.29888194971715,HMOX1;UGT1A1;SLCO1B3;SLCO1B1;ALB,down in tumor,5
gs_ind_0,Anti-inflammatory Response Favoring Leishmania Infection R-HSA-9662851,16/122,0.0015669902239586668,0.018821894069388584,2.5783242207157033,16.652361084499994,PTH1R;RXFP1;CD163;IL10;PTGIR;PRKAR2B;PTGER2;VIPR1;C1QTNF1;GPR83;ADRB1;GLP2R;GGT5;IL6;GPR15;PTGDR,down in tumor,16
gs_ind_0,G Alpha (S) Signaling Events R-HSA-418555,15/111,0.001601369174021448,0.019016258941504695,2.6721971780051503,17.200656079616753,PTH1R;RXFP1;PTGIR;PRKAR2B;PTGER2;VIPR1;C1QTNF1;GPR83;ADRB1;GLP2R;GPR15;PDE2A;PTGDR;PDE7B;PDE11A,down in tumor,15
gs_ind_0,Chemokine Receptors Bind Chemokines R-HSA-380108,9/49,0.0016197975265032792,0.019018970957257606,3.8942017200167567,25.022014490622578,CXCR2;PPBP;CCL4;CXCL2;CCL2;CCL3;CXCR1;CXCL12;CCR1,down in tumor,9
gs_ind_0,Aspartate And Asparagine Metabolism R-HSA-8963693,4/10,0.0016797290582642322,0.01928919632841893,11.466432176173727,73.2604429466201,ASPG;ASPA;FOLH1;GOT2,down in tumor,4
gs_ind_0,Ketone Body Metabolism R-HSA-74182,4/10,0.0016797290582642322,0.01928919632841893,11.466432176173727,73.2604429466201,HMGCLL1;HMGCS2;BDH2;HMGCL,down in tumor,4
gs_ind_0,Conjugation Of Benzoate With Glycine R-HSA-177135,3/5,0.0017001668237417032,0.019311677508805216,23.173698847834725,147.77934729853482,GLYATL3;GLYAT;GLYATL1,down in tumor,3
gs_ind_0,ADORA2B Mediated Anti-Inflammatory Cytokine Production R-HSA-9660821,13/90,0.0017464982599117637,0.019624630985030034,2.8959939023602517,18.38997393029392,PTH1R;RXFP1;PTGIR;PRKAR2B;PTGER2;VIPR1;C1QTNF1;GPR83;ADRB1;GLP2R;GPR15;IL6;PTGDR,down in tumor,13
gs_ind_0,Synthesis Of Bile Acids And Bile Salts Via 7Alpha-Hydroxycholesterol R-HSA-193368,6/24,0.0018888056073814881,0.02099789212461335,5.825212309083277,36.53462832742067,ACOX2;PTGIS;SLC27A5;SLC27A2;CYP8B1;AKR1D1,down in tumor,6
gs_ind_0,Nicotinamide Salvaging R-HSA-197264,5/17,0.0020871625109248667,0.022563517984172683,7.291253481894151,45.00125036522673,PTGS2;PTGIS;NAMPT;CYP8B1;NNMT,down in tumor,5
gs_ind_0,MyD88 Deficiency (TLR2/4) R-HSA-5602498,5/17,0.0020871625109248667,0.022563517984172683,7.291253481894151,45.00125036522673,S100A8;FGA;TLR4;FGG;FGB,down in tumor,5
gs_ind_0,PPARA Activates Gene Expression R-HSA-1989781,15/114,0.0020944126741289475,0.022563517984172683,2.591253499749046,15.984100859279463,PLIN2;G0S2;ACADM;HMGCS2;APOA5;AGXT;SULT2A1;PPARGC1A;NCOR1;APOA1;ALAS1;CYP4A11;FHL2;CPT2;ACSL1,down in tumor,15
gs_ind_0,Nuclear Receptor Transcription Pathway R-HSA-383280,9/51,0.0021657887418882115,0.023094379951767153,3.7105882352941175,22.76434998794808,NR4A3;NR3C2;NR4A2;NR4A1;NRBF2;ESR1;NCOR1;NR1I2;NR0B2,down in tumor,9
gs_ind_0,Neuronal System R-HSA-112316,31/316,0.002393973231561244,0.025269717444257572,1.8424807024610188,11.119004115545527,ALDH2;BCHE;KCND3;DLGAP2;PRKAR2B;KCNA3;KCNK17;SLITRK6;PRKCB;ABAT;KCNJ15;KCNJ10;SLC6A12;SLC22A1;IL1RAPL2;NRG1;CAMK4;TSPAN7;NRXN1;RPS6KA6;GLS2;SLITRK3;SLC38A2;KCNN2;NAAA;PTPRD;ABCC9;SYT9;CAMK2B;SLC1A1;IL1RAP,down in tumor,31
gs_ind_0,Transport Of Organic Anions R-HSA-879518,4/11,0.0025208560435648424,0.025826417309071183,9.937097415506958,59.45521133108574,SLCO4C1;SLCO1B1;SLC16A2;SLCO1B3,down in tumor,4
gs_ind_0,Miscellaneous Substrates R-HSA-211958,4/11,0.0025208560435648424,0.025826417309071183,9.937097415506958,59.45521133108574,CYP4F2;CYP3A43;CYP4A22;CYP4A11,down in tumor,4
gs_ind_0,Regulation Of Lipid Metabolism By PPARalpha R-HSA-400206,15/116,0.0024885303006123077,0.025826417309071183,2.539949296453716,15.229695956392598,PLIN2;G0S2;ACADM;HMGCS2;APOA5;AGXT;SULT2A1;PPARGC1A;NCOR1;APOA1;ALAS1;CYP4A11;FHL2;CPT2;ACSL1,down in tumor,15
gs_ind_0,IRAK4 Deficiency (TLR2/4) R-HSA-5603041,5/18,0.002755385540116258,0.026910073732911117,6.750836391504915,39.790765710420544,S100A8;FGA;TLR4;FGG;FGB,down in tumor,5
gs_ind_0,Receptor-type Tyrosine-Protein Phosphatases R-HSA-388844,5/18,0.002755385540116258,0.026910073732911117,6.750836391504915,39.790765710420544,PTPRD;IL1RAPL2;SLITRK3;IL1RAP;SLITRK6,down in tumor,5
gs_ind_0,Regulation Of TLR By Endogenous Ligand R-HSA-5686938,5/18,0.002755385540116258,0.026910073732911117,6.750836391504915,39.790765710420544,S100A8;FGA;TLR4;FGG;FGB,down in tumor,5
gs_ind_0,Scavenging By Class A Receptors R-HSA-3000480,5/18,0.002755385540116258,0.026910073732911117,6.750836391504915,39.790765710420544,MASP1;COLEC11;SCARA5;MARCO;APOA1,down in tumor,5
gs_ind_0,Synthesis Of Bile Acids And Bile Salts R-HSA-192105,7/34,0.002681205072771464,0.026910073732911117,4.523316062176166,26.784765995871524,ACOX2;PTGIS;SLC27A5;SLC27A2;CYP8B1;CYP39A1;AKR1D1,down in tumor,7
gs_ind_0,Gluconeogenesis R-HSA-70263,6/26,0.0029300348051284598,0.02835079973480778,5.256393818418471,30.659183616676284,PCK2;GOT2;PCK1;ALDOB;ENO3;FBP1,down in tumor,6
gs_ind_0,Scavenging By Class B Receptors R-HSA-3000471,3/6,0.003255964211498954,0.030652996405553214,16.551847437425508,94.79684667873084,SSC5D;APOA1;SAA2,down in tumor,3
gs_ind_0,Choline Catabolism R-HSA-6798163,3/6,0.003255964211498954,0.030652996405553214,16.551847437425508,94.79684667873084,SARDH;DMGDH;BHMT,down in tumor,3
gs_ind_0,LDL Remodeling R-HSA-8964041,3/6,0.003255964211498954,0.030652996405553214,16.551847437425508,94.79684667873084,CETP;LPA;APOF,down in tumor,3
gs_ind_0,Metabolism Of Steroids R-HSA-8957322,17/144,0.0035377602201425704,0.03300856633972309,2.283703196023287,12.889817931405464,SEC24B;ACOX2;PTGIS;SRD5A2;ACACB;SLC27A5;SRD5A1;GC;SLCO1B3;SLCO1B1;STARD5;SLC10A1;CYP39A1;CYP8B1;SLC27A2;ALB;AKR1D1,down in tumor,17
gs_ind_0,Metabolism Of Fat-Soluble Vitamins R-HSA-6806667,8/45,0.0035905508181962725,0.033106085634236275,3.7605690732615344,21.16993427959273,LRAT;LDLR;TTR;APOC3;TTPA;SDC4;BCO2;APOA1,down in tumor,8
gs_ind_0,Metabolism Of Amine-Derived Hormones R-HSA-209776,4/12,0.0036115729782803204,0.033106085634236275,8.767606127938253,49.30561392310253,DBH;IYD;PEMT;TH,down in tumor,4
gs_ind_0,Metabolism Of Porphyrins R-HSA-189445,6/28,0.004349289239762699,0.038846215859418984,4.788698614982964,26.0397116084075,HMOX1;UGT1A1;SLCO1B3;SLCO1B1;ALAS1;ALB,down in tumor,6
gs_ind_0,Peroxisomal Lipid Metabolism R-HSA-390918,6/28,0.004349289239762699,0.038846215859418984,4.788698614982964,26.0397116084075,MLYCD;ACOX2;ACAA1;EHHADH;HAO2;SLC27A2,down in tumor,6
gs_ind_0,Nicotinate Metabolism R-HSA-196807,6/28,0.004349289239762699,0.038846215859418984,4.788698614982964,26.0397116084075,PTGS2;PTGIS;NADK2;NAMPT;CYP8B1;NNMT,down in tumor,6
gs_ind_0,Amine Ligand-Binding Receptors R-HSA-375280,5/20,0.0045335874405229275,0.03981175525501226,5.879195923135181,31.72556234059827,ADRA2B;ADRA1B;CHRM2;ADRB1;ADRA1A,down in tumor,5
gs_ind_0,Intrinsic Pathway Of Fibrin Clot Formation R-HSA-140837,5/20,0.0045335874405229275,0.03981175525501226,5.879195923135181,31.72556234059827,F8;F9;PROS1;KLKB1;SERPING1,down in tumor,5
gs_ind_0,Neutrophil Degranulation R-HSA-6798695,38/431,0.005343913351725082,0.04653657877127259,1.6345700385660111,8.55173871723419,FCN1;GLYAT;CMTM6;PGM1;CXCR2;AOC1;NFAM1;SLCO4C1;PLAC8;CD300A;ACAA1;FPR1;CDA;CXCR1;FGL2;S100A8;SIRPB1;SERPINA1;SIGLEC14;TTR;SLC27A2;ORM2;CRISPLD2;CR1;PPBP;CLEC12A;ORM1;C5AR1;AGL;CFP;S100A12;FPR2;DLC1;FCAR;LRG1;SIGLEC9;VNN1;RCAN1,down in tumor,38
gs_ind_0,"Metabolism Of Ingested SeMet, Sec, MeSec Into H2Se R-HSA-2408508",3/7,0.005456746961429924,0.046740168645035,12.873041098309274,67.08016154477198,MAT1A;GNMT;NNMT,down in tumor,3
gs_ind_0,Fructose Metabolism R-HSA-5652084,3/7,0.005456746961429924,0.046740168645035,12.873041098309274,67.08016154477198,TKFC;SORD;ALDOB,down in tumor,3
gs_ind_0,Defects Of Contact Activation System (CAS) And Kallikrein/Kinin System (KKS) R-HSA-9651496,4/14,0.006664536538869966,0.05662146896844809,7.096904288554388,35.562267066365564,F8;KLKB1;SERPING1;F9,down in tumor,4
gs_ind_0,Diseases Associated With TLR Signaling Cascade R-HSA-5602358,6/31,0.007347328737933624,0.06191902041242449,4.224713222604852,20.757783973467397,S100A8;FGA;TLR4;TLR3;FGG;FGB,down in tumor,6
gs_ind_0,Signaling By NTRK1 (TRKA) R-HSA-187037,13/107,0.007912825633007275,0.06521456969313606,2.3730762629441045,11.483957569333896,ID1;ASCL1;SGK1;ID2;EGR3;MAP2K1;FOS;DUSP6;EGR2;TRIB1;FOSL1;FOSB;EGR1,down in tumor,13
gs_ind_0,Retinoid Metabolism And Transport R-HSA-975634,7/41,0.007922110081054734,0.06521456969313606,3.604328764274698,17.4380946477667,LRAT;LDLR;TTR;APOC3;SDC4;BCO2;APOA1,down in tumor,7
gs_ind_0,Cytokine Signaling In Immune System R-HSA-1280215,51/631,0.007925598422036632,0.06521456969313606,1.4843635985870118,7.180842623295082,SOCS3;JUN;MT2A;PELI2;GATA3;FPR1;CCL2;GBP1;GHR;SAA2;IL1RN;HMOX1;CSF1R;TNFSF11;CCL4;DUSP6;GSTA2;CCR1;MCL1;SOCS6;TSLP;BLNK;IL10;IRF8;IL1RL1;IL6;CISH;GBP7;S100A12;CXCL2;CD4;FLT3;PTGS2;MAP2K3;IL33;SOCS2;EIF4E3;MYC;LIFR;MAP2K1;IL13RA2;FOS;IL18R1;HERC5;IL2RB;CAMK2B;CCL3;IL1B;EGR1;IL1RAP;FOXO1,down in tumor,51
gs_ind_0,Histidine Catabolism R-HSA-70921,3/8,0.008362354126623794,0.06827078173688957,10.531982518871672,50.38516548256793,UROC1;FTCD;AMDHD1,down in tumor,3
gs_ind_0,RAF-independent MAPK1/3 Activation R-HSA-112409,5/23,0.008536344358963536,0.06915100662881314,4.925102978027769,23.460345965244958,DUSP5;MAP2K1;DUSP6;IL6;DUSP10,down in tumor,5
gs_ind_0,Eicosanoid Ligand-Binding Receptors R-HSA-391903,4/15,0.008682743721841133,0.06979590145633835,6.479471000086438,30.75427586264585,PTGDR;TBXA2R;PTGIR;PTGER2,down in tumor,4
gs_ind_0,Leishmania Infection R-HSA-9658195,20/199,0.010100464540550622,0.08057240797614809,1.9000164909686705,8.73090611681772,JUN;PTGIR;PRKAR2B;PTGER2;GPR83;HMOX1;MEFV;VIPR1;C1QTNF1;ADRB1;GLP2R;RXFP1;CD163;IL10;PTGDR;GGT5;IL6;GPR15;PTH1R;IL1B,down in tumor,20
gs_ind_0,"FOXO-mediated Transcription Of Oxidative Stress, Metabolic And Neuronal Genes R-HSA-9615017",5/24,0.010285696662011451,0.080844191975708,4.672309120777087,21.38516362294507,GLYAT;PCK1;IGFBP1;PPARGC1A;FOXO1,down in tumor,5
gs_ind_0,Heme Signaling R-HSA-9707616,7/43,0.010289260796908289,0.080844191975708,3.406503709931916,15.590390767529636,HBA1;HMOX1;CLEC1B;TLR4;PPARGC1A;NCOR1;APOA1,down in tumor,7
gs_ind_0,MyD88:MAL(TIRAP) Cascade Initiated On Plasma Membrane R-HSA-166058,13/111,0.010654756388230534,0.0830911972067232,2.276268578131321,10.338240259168922,MAP2K3;S100A8;JUN;FGA;TLR4;MAP2K1;PELI2;FOS;FGG;DUSP6;FGB;S100A12;SAA2,down in tumor,13
gs_ind_0,Signaling By NTRKs R-HSA-166520,14/124,0.011224559623162074,0.0868864059718842,2.1798583592524414,9.786803432315335,ID1;ASCL1;SGK1;ID2;EGR3;MAP2K1;NTF3;FOSL1;FOS;DUSP6;EGR2;TRIB1;FOSB;EGR1,down in tumor,14
gs_ind_0,Transport Of Gamma-Carboxylated Protein Precursors From Endoplasmic Reticulum To Golgi Apparatus R-HSA-159763,3/9,0.012015829090350916,0.08905348510224616,8.911249656184102,39.40136132424429,PROS1;F9;PROZ,down in tumor,3
gs_ind_0,Neurotransmitter Release Cycle R-HSA-112310,7/44,0.011648510469191289,0.08905348510224616,3.3155041849342366,14.7625375574414,SLC38A2;ABAT;NAAA;SLC6A12;SLC22A1;GLS2;SLC1A1,down in tumor,7
gs_ind_0,Diseases Associated With Visual Transduction R-HSA-2474795,3/9,0.012015829090350916,0.08905348510224616,8.911249656184102,39.40136132424429,RDH5;TTR;LRAT,down in tumor,3
gs_ind_0,Neurotransmitter Clearance R-HSA-112311,3/9,0.012015829090350916,0.08905348510224616,8.911249656184102,39.40136132424429,SLC22A1;ALDH2;BCHE,down in tumor,3
gs_ind_0,CD163 Mediating An Anti-Inflammatory Response R-HSA-9662834,3/9,0.012015829090350916,0.08905348510224616,8.911249656184102,39.40136132424429,IL10;IL6;CD163,down in tumor,3
gs_ind_0,Chylomicron Remodeling R-HSA-8963901,3/9,0.012015829090350916,0.08905348510224616,8.911249656184102,39.40136132424429,APOC3;APOA1;APOA5,down in tumor,3
gs_ind_0,Transport Of Inorganic Cations/Anions And Amino Acids/Oligopeptides R-HSA-425393,11/91,0.014418447424652363,0.10610758844198394,2.370880219340835,10.05074643308575,SLC38A2;SLC4A10;SLC38A4;SLC8A1;SLC17A8;SLC7A8;SLC6A12;SLC9A9;SLC4A4;SLC1A1;SLC7A2,down in tumor,11
gs_ind_0,Metabolism Of Carbohydrates R-HSA-71387,24/263,0.016040028456491568,0.11721559256666915,1.7024196031294152,7.0355348503543595,LYVE1;PGM1;STAB2;PCK1;BGN;UGP2;TKFC;NDST3;ST3GAL6;HS3ST3B1;PCK2;PHGDH;CHST7;ALDOB;SORD;DCN;SDC4;GOT2;DSE;AGL;ENO3;PRELP;FBP1;GYS2,down in tumor,24
gs_ind_0,Removal Of Aminoterminal Propeptides From Gamma-Carboxylated Proteins R-HSA-159782,3/10,0.0164455862469595,0.11770984676762107,7.72271222354655,31.72257072158303,PROS1;F9;PROZ,down in tumor,3
gs_ind_0,Abacavir ADME R-HSA-2161522,3/10,0.0164455862469595,0.11770984676762107,7.72271222354655,31.72257072158303,PCK1;SLC22A1;ADH1A,down in tumor,3
gs_ind_0,Gamma-carboxylation Of Protein Precursors R-HSA-159740,3/10,0.0164455862469595,0.11770984676762107,7.72271222354655,31.72257072158303,PROS1;F9;PROZ,down in tumor,3
gs_ind_0,Synthesis Of PC R-HSA-1483191,5/27,0.016965513808321606,0.12060518319521142,4.048750939558739,16.50502712350284,PHOSPHO1;BCHE;LPIN2;MFSD2A;PEMT,down in tumor,5
gs_ind_0,Intestinal Absorption R-HSA-8963676,2/4,0.01807793100078851,0.1276448506474594,16.539499801508533,66.37406075140991,SLC2A2;SLC5A1,down in tumor,2
gs_ind_0,Protein Localization R-HSA-9609507,16/159,0.01970957327783325,0.1382315709754077,1.9101140412103783,7.5003508434545765,MLYCD;HMOX1;GLYAT;EPHX2;HAO1;ACOX2;AGXT;ACAA1;DAO;EHHADH;HMGCL;HAO2;LDHD;SLC27A2;OTC;FXN,down in tumor,16
gs_ind_0,Aflatoxin Activation And Detoxification R-HSA-5423646,4/19,0.02056424988574263,0.14326427420400697,4.806425960366831,18.669125258272523,CYP3A4;AKR7A3;GGT5;CYP1A2,down in tumor,4
gs_ind_0,Dermatan Sulfate Biosynthesis R-HSA-2022923,3/11,0.021667360073232497,0.14514353382389716,6.813830657411952,26.11024676931676,DCN;DSE;BGN,down in tumor,3
gs_ind_0,Uptake And Function Of Anthrax Toxins R-HSA-5210891,3/11,0.021667360073232497,0.14514353382389716,6.813830657411952,26.11024676931676,MAP2K3;MAP2K1;ANTXR2,down in tumor,3
gs_ind_0,Pyrimidine Catabolism R-HSA-73621,3/11,0.021667360073232497,0.14514353382389716,6.813830657411952,26.11024676931676,AGXT2;DPYD;DPYS,down in tumor,3
gs_ind_0,"Gamma-carboxylation, Transport, And Amino-Terminal Cleavage Of Proteins R-HSA-159854",3/11,0.021667360073232497,0.14514353382389716,6.813830657411952,26.11024676931676,PROS1;F9;PROZ,down in tumor,3
gs_ind_0,Beta-oxidation Of Very Long Chain Fatty Acids R-HSA-390247,3/11,0.021667360073232497,0.14514353382389716,6.813830657411952,26.11024676931676,EHHADH;MLYCD;ACAA1,down in tumor,3
gs_ind_0,Phenylalanine And Tyrosine Metabolism R-HSA-8963691,3/11,0.021667360073232497,0.14514353382389716,6.813830657411952,26.11024676931676,QDPR;FAH;GSTZ1,down in tumor,3
gs_ind_0,Extracellular Matrix Organization R-HSA-1474244,24/271,0.022174136937589965,0.14665805759355388,1.6467519640852974,6.272196096576668,TNR;BGN;P3H2;TNXB;FGA;ITGAD;COL6A6;ADAMTS1;SERPINE1;TTR;MFAP4;THBS1;KLKB1;DCN;SDC4;COL25A1;DMD;ITGA9;NRXN1;BMP10;NTN4;FGG;PLG;FGB,down in tumor,24
gs_ind_0,"Transport Of Vitamins, Nucleosides, And Related Molecules R-HSA-425397",6/39,0.022139424380031383,0.14665805759355388,3.214590131778384,12.24885929393238,SLC35D1;SLCO4C1;SLC28A1;SLCO1B3;SLCO1B1;SLC16A2,down in tumor,6
gs_ind_0,Peptide Hormone Metabolism R-HSA-2980736,9/73,0.02271891301644707,0.14842792830729595,2.4423741663958904,9.243305539725844,BCHE;AGXT;CPB2;INHBC;IGF1;C1QTNF1;ENPEP;CLTRN;KLF4,down in tumor,9
gs_ind_0,Amino Acid Transport Across Plasma Membrane R-HSA-352230,5/29,0.022725807204944836,0.14842792830729595,3.7178833331979826,14.069415317540834,SLC38A2;SLC38A4;SLC7A8;SLC6A12;SLC7A2,down in tumor,5
gs_ind_0,G Alpha (Q) Signaling Events R-HSA-416476,16/162,0.02305895549455635,0.14966837572553654,1.8707277941202665,7.0520845490017665,AGTR1;TBXA2R;AVPR1A;ADRA1B;GPR65;OXT;ABHD6;AGXT;GNA14;EDNRB;ADRA1A;CD200R1;RGS18;CCL23;FPR2;SAA2,down in tumor,16
gs_ind_0,Growth Hormone Receptor Signaling R-HSA-982772,4/20,0.024571915497047563,0.15753160548720677,4.514910536779324,16.732940808863553,SOCS3;GHR;CISH;SOCS2,down in tumor,4
gs_ind_0,Synthesis Of Leukotrienes (LT) And Eoxins (EX) R-HSA-2142691,4/20,0.024571915497047563,0.15753160548720677,4.514910536779324,16.732940808863553,CYP4F2;CYP4A22;GGT5;CYP4A11,down in tumor,4
gs_ind_0,Non-integrin membrane-ECM Interactions R-HSA-3000171,6/40,0.024828382491531905,0.15820524209543194,3.121263541865069,11.535465371049701,DMD;NTN4;NRXN1;TTR;THBS1;SDC4,down in tumor,6
gs_ind_0,Post-translational Modification: Synthesis Of GPI-anchored Proteins R-HSA-163125,9/75,0.02659257234761128,0.16841962486820478,2.3686911890504705,8.591535090519862,LY6E;ART4;CNTN3;NEGR1;CNTN4;VNN1;LYPD2;ALPL;TECTA,down in tumor,9
gs_ind_0,Diseases Of Metabolism R-HSA-5668914,20/220,0.02714060057975234,0.1708549855773566,1.6992828038642822,6.128844914105309,PGM1;SLC35D1;BGN;MOGAT2;ALDOB;AMN;MAT1A;ADAMTS1;ADAMTS13;THBS1;DCN;SDC4;ADAMTSL2;UGT1A1;CFP;FMO3;PRELP;MMUT;GNE;GYS2,down in tumor,20
gs_ind_0,Beta Oxidation Of octanoyl-CoA To hexanoyl-CoA R-HSA-77348,2/5,0.02899644045215305,0.17216636518465875,11.813361311177905,41.8261767753085,ECHS1;ACADM,down in tumor,2
gs_ind_0,N-glycan Trimming And Elongation In cis-Golgi R-HSA-964739,2/5,0.02899644045215305,0.17216636518465875,11.813361311177905,41.8261767753085,MAN1A1;MAN1C1,down in tumor,2
gs_ind_0,Vasopressin-like Receptors R-HSA-388479,2/5,0.02899644045215305,0.17216636518465875,11.813361311177905,41.8261767753085,AVPR1A;OXT,down in tumor,2
gs_ind_0,Abacavir Metabolism R-HSA-2161541,2/5,0.02899644045215305,0.17216636518465875,11.813361311177905,41.8261767753085,PCK1;ADH1A,down in tumor,2
gs_ind_0,Tyrosine Catabolism R-HSA-8963684,2/5,0.02899644045215305,0.17216636518465875,11.813361311177905,41.8261767753085,FAH;GSTZ1,down in tumor,2
gs_ind_0,Fructose Catabolism R-HSA-70350,2/5,0.02899644045215305,0.17216636518465875,11.813361311177905,41.8261767753085,TKFC;ALDOB,down in tumor,2
gs_ind_0,Beta Oxidation Of hexanoyl-CoA To butanoyl-CoA R-HSA-77350,2/5,0.02899644045215305,0.17216636518465875,11.813361311177905,41.8261767753085,ECHS1;ACADS,down in tumor,2
gs_ind_0,Beta Oxidation Of lauroyl-CoA To decanoyl-CoA-CoA R-HSA-77310,2/5,0.02899644045215305,0.17216636518465875,11.813361311177905,41.8261767753085,ACADL;ECHS1,down in tumor,2
gs_ind_0,Lysine Catabolism R-HSA-71064,3/12,0.02768595577154988,0.17216636518465875,6.096292578884637,21.866365148641076,LDHD;AADAT;GCDH,down in tumor,3
gs_ind_0,HDL Clearance R-HSA-8964011,2/5,0.02899644045215305,0.17216636518465875,11.813361311177905,41.8261767753085,AMN;APOA1,down in tumor,2
gs_ind_0,SLC Transporter Disorders R-HSA-5619102,10/89,0.030177381769834033,0.1781658980196416,2.190299941956445,7.667501052839662,SLC2A2;CP;AVPR1A;SLC17A8;SLC9A9;SLCO1B3;SLCO1B1;SLC4A4;SLC5A1;SLC1A1,down in tumor,10
gs_ind_0,Glycogen Synthesis R-HSA-3322077,3/13,0.03449681910757532,0.20027319981897893,5.515428420076811,18.569830639235825,PGM1;UGP2;GYS2,down in tumor,3
gs_ind_0,Methylation R-HSA-156581,3/13,0.03449681910757532,0.20027319981897893,5.515428420076811,18.569830639235825,MAT1A;CYP1A2;NNMT,down in tumor,3
gs_ind_0,Glutamate And Glutamine Metabolism R-HSA-8964539,3/13,0.03449681910757532,0.20027319981897893,5.515428420076811,18.569830639235825,GLS2;GLUD1;GOT2,down in tumor,3
gs_ind_0,Glutathione Conjugation R-HSA-156590,5/33,0.03770111630315507,0.21766666594915496,3.1954607968388937,10.474930033751034,GSTM5;GSTZ1;GGT5;GSTM1;GSTA2,down in tumor,5
gs_ind_0,Endogenous Sterols R-HSA-211976,4/23,0.039252298758780856,0.22478492526261215,3.8197583728398836,12.367404601783536,CYP4V2;PTGIS;CYP39A1;CYP8B1,down in tumor,4
gs_ind_0,Transmission Across Chemical Synapses R-HSA-112315,18/201,0.03936425006991198,0.22478492526261215,1.6742505168565915,5.416028364678037,SLC38A2;PRKCB;ABAT;NAAA;ALDH2;PRKAR2B;BCHE;KCNJ15;KCNJ10;SLC6A12;SLC22A1;TSPAN7;RPS6KA6;CAMK4;CAMK2B;GLS2;NRG1;SLC1A1,down in tumor,18
gs_ind_0,Lipid Particle Organization R-HSA-8964572,2/6,0.0418666785724801,0.23148092894472233,9.187728816549777,29.15509855171331,HSD17B13;FITM1,down in tumor,2
gs_ind_0,Digestion And Absorption R-HSA-8963743,3/14,0.04208744162631315,0.23148092894472233,5.035584114974694,15.952760092806702,TREH;SLC2A2;SLC5A1,down in tumor,3
gs_ind_0,Mitochondrial Fatty Acid Beta-Oxidation Of Unsaturated Fatty Acids R-HSA-77288,2/6,0.0418666785724801,0.23148092894472233,9.187728816549777,29.15509855171331,ACADL;ACADM,down in tumor,2
gs_ind_0,Negative Regulation Of FLT3 R-HSA-9706369,3/14,0.04208744162631315,0.23148092894472233,5.035584114974694,15.952760092806702,FLT3;SOCS2;SOCS6,down in tumor,3
gs_ind_0,RUNX1 Regulates Transcription Of Genes Involved In WNT Signaling R-HSA-8939256,2/6,0.0418666785724801,0.23148092894472233,9.187728816549777,29.15509855171331,RSPO3;ESR1,down in tumor,2
gs_ind_0,Beta Oxidation Of decanoyl-CoA To octanoyl-CoA-CoA R-HSA-77346,2/6,0.0418666785724801,0.23148092894472233,9.187728816549777,29.15509855171331,ECHS1;ACADM,down in tumor,2
gs_ind_0,Erythrocytes Take Up Oxygen And Release Carbon Dioxide R-HSA-1247673,2/6,0.0418666785724801,0.23148092894472233,9.187728816549777,29.15509855171331,HBA1;CA2,down in tumor,2
gs_ind_0,Signaling By Nuclear Receptors R-HSA-9006931,20/232,0.04369371023152613,0.23905721042903041,1.6023908459880125,5.016366454169691,JUN;PCK1;GATA3;LDHD;ESR1;RDH16;FOSB;CXCL12;ADH1C;PDK4;ANGPTL3;ALDH8A1;CYP26A1;RDH5;MYC;FOS;CETP;NCOR1;PLIN1;ADH1A,down in tumor,20
gs_ind_0,Metal Ion SLC Transporters R-HSA-425410,4/24,0.04504561917813475,0.24264263938737535,3.63325413373418,11.263376815253858,SLC41A2;SLC39A14;CP;SLC39A5,down in tumor,4
gs_ind_0,Glycogen Metabolism R-HSA-8982491,4/24,0.04504561917813475,0.24264263938737535,3.63325413373418,11.263376815253858,AGL;PGM1;UGP2;GYS2,down in tumor,4
gs_ind_0,Interaction Between L1 And Ankyrins R-HSA-445095,4/24,0.04504561917813475,0.24264263938737535,3.63325413373418,11.263376815253858,SPTBN2;ANK3;SCN7A;SCN11A,down in tumor,4
gs_ind_0,Defective B3GALTL Causes PpS R-HSA-5083635,5/35,0.04700839861338021,0.25191680282555035,2.9856353519077845,9.128368106360305,ADAMTSL2;ADAMTS1;ADAMTS13;CFP;THBS1,down in tumor,5
gs_ind_0,p130Cas Linkage To MAPK Signaling For Integrins R-HSA-372708,3/15,0.05043861610243116,0.25793181559748846,4.632514898688916,13.837313685962846,FGG;FGA;FGB,down in tumor,3
gs_ind_0,Synthesis Of Bile Acids And Bile Salts Via 27-Hydroxycholesterol R-HSA-193807,3/15,0.05043861610243116,0.25793181559748846,4.632514898688916,13.837313685962846,PTGIS;CYP8B1;AKR1D1,down in tumor,3
gs_ind_0,Regulation Of Pyruvate Dehydrogenase (PDH) Complex R-HSA-204174,3/15,0.05043861610243116,0.25793181559748846,4.632514898688916,13.837313685962846,PDK4;LDHD;GSTZ1,down in tumor,3
gs_ind_0,GRB2:SOS Provides Linkage To MAPK Signaling For Integrins R-HSA-354194,3/15,0.05043861610243116,0.25793181559748846,4.632514898688916,13.837313685962846,FGG;FGA;FGB,down in tumor,3
gs_ind_0,Metabolism Of Folate And Pterines R-HSA-196757,3/15,0.05043861610243116,0.25793181559748846,4.632514898688916,13.837313685962846,MTHFD1;SHMT1;MTHFD2L,down in tumor,3
gs_ind_0,Glycosaminoglycan Metabolism R-HSA-1630316,11/110,0.049441198593465296,0.25793181559748846,1.9163932416982956,5.762539329223398,ST3GAL6;LYVE1;HS3ST3B1;STAB2;PRELP;CHST7;DSE;BGN;NDST3;DCN;SDC4,down in tumor,11
gs_ind_0,Synthesis Of Prostaglandins (PG) And Thromboxanes (TX) R-HSA-2162123,3/15,0.05043861610243116,0.25793181559748846,4.632514898688916,13.837313685962846,PTGS2;PTGIS;CYP8B1,down in tumor,3
gs_ind_0,FOXO-mediated Transcription R-HSA-9614085,7/59,0.04994108388014163,0.25793181559748846,2.3665091385298638,7.09221795684942,KLF4;GLYAT;PCK1;IGFBP1;PPARGC1A;CITED2;FOXO1,down in tumor,7
gs_ind_0,Sensory Perception R-HSA-9709957,16/179,0.05059906430381352,0.25793181559748846,1.6748404347393737,4.997426062056459,PDE6G;RDH5;HSD17B6;KCNN2;LRAT;CYP4V2;SLC17A8;LDLR;CNGA1;TTR;RDH16;APOC3;SDC4;BCO2;LHX2;APOA1,down in tumor,16
gs_ind_0,"Synthesis, Secretion, And Deacylation Of Ghrelin R-HSA-422085",3/15,0.05043861610243116,0.25793181559748846,4.632514898688916,13.837313685962846,KLF4;BCHE;IGF1,down in tumor,3
gs_ind_0,"BMAL1:CLOCK,NPAS2 Activates Circadian Gene Expression R-HSA-1368108",4/25,0.05128946035299461,0.26018197120815223,3.4640991261731933,10.289309708457269,SERPINE1;NAMPT;NOCT;BHLHE40,down in tumor,4
gs_ind_0,DAP12 Interactions R-HSA-2172127,5/36,0.05212814629874807,0.26064073149374034,2.890714317296092,8.539315322887946,SIRPB1;SIGLEC16;CD300E;KLRD1;SIGLEC14,down in tumor,5
gs_ind_0,Toll Like Receptor 4 (TLR4) Cascade R-HSA-166016,13/138,0.05205431237772375,0.26064073149374034,1.7842271283308895,5.273225534261939,MAP2K3;S100A8;JUN;FGA;TLR4;MAP2K1;PELI2;FOS;FGG;DUSP6;FGB;S100A12;SAA2,down in tumor,13
gs_ind_0,O-glycosylation Of TSR Domain-Containing Proteins R-HSA-5173214,5/36,0.05212814629874807,0.26064073149374034,2.890714317296092,8.539315322887946,ADAMTSL2;ADAMTS1;ADAMTS13;CFP;THBS1,down in tumor,5
gs_ind_0,Terminal Pathway Of Complement R-HSA-166665,2/7,0.05643065121690017,0.275560890288134,7.516871774513696,21.609073063475122,C8B;C8A,down in tumor,2
gs_ind_0,Defective Factor IX Causes Hemophilia B R-HSA-9668250,2/7,0.05643065121690017,0.275560890288134,7.516871774513696,21.609073063475122,F8;F9,down in tumor,2
gs_ind_0,Signaling By MAPK Mutants R-HSA-9652817,2/7,0.05643065121690017,0.275560890288134,7.516871774513696,21.609073063475122,DUSP6;DUSP10,down in tumor,2
gs_ind_0,Defective Factor VIII Causes Hemophilia A R-HSA-9662001,2/7,0.05643065121690017,0.275560890288134,7.516871774513696,21.609073063475122,F8;F9,down in tumor,2
gs_ind_0,Axonal Growth Inhibition (RHOA Activation) R-HSA-193634,2/7,0.05643065121690017,0.275560890288134,7.516871774513696,21.609073063475122,MAG;NGFR,down in tumor,2
gs_ind_0,Signaling By RAF1 Mutants R-HSA-9656223,5/37,0.057559899643108425,0.2771893784656604,2.801634577122042,7.998468195208837,FGA;MAP2K1;FGG;FGB;CAMK2B,down in tumor,5
gs_ind_0,Antimicrobial Peptides R-HSA-6803157,5/37,0.057559899643108425,0.2771893784656604,2.801634577122042,7.998468195208837,S100A8;ITLN1;PGLYRP2;LEAP2;CD4,down in tumor,5
gs_ind_0,Relaxin Receptors R-HSA-444821,1/1,0.05707431881958903,0.2771893784656604,49.58389527965093,141.97857639208016,RXFP1,down in tumor,1
gs_ind_0,Class B/2 (Secretin Family Receptors) R-HSA-373080,8/76,0.06762801481642931,0.3241801627668286,2.055636917361315,5.537336921008466,ADGRE1;PTH1R;VIPR1;C1QTNF1;WNT11;GLP2R;CRHBP;WNT2,down in tumor,8
gs_ind_0,Ligand-receptor Interactions R-HSA-5632681,2/8,0.07245341691365897,0.32737888284804184,6.36012459156564,16.69412784474216,GAS1;HHIP,down in tumor,2
gs_ind_0,"Defective CHST14 Causes EDS, Musculocontractural Type R-HSA-3595174",2/8,0.07245341691365897,0.32737888284804184,6.36012459156564,16.69412784474216,BGN;DCN,down in tumor,2
gs_ind_0,EGR2 And SOX10-mediated Initiation Of Schwann Cell Myelination R-HSA-9619665,4/28,0.07268124480454134,0.32737888284804184,3.0394855357650017,7.9685338451206,SOX10;EGR2;MAG;ADGRG6,down in tumor,4
gs_ind_0,Diseases Of Glycosylation R-HSA-3781865,12/131,0.07132390339209074,0.32737888284804184,1.7341246121879714,4.5789972357425315,MOGAT2;PGM1;ADAMTSL2;PRELP;BGN;ADAMTS1;ADAMTS13;GNE;CFP;THBS1;DCN;SDC4,down in tumor,12
gs_ind_0,SUMOylation Of Intracellular Receptors R-HSA-4090294,4/28,0.07268124480454134,0.32737888284804184,3.0394855357650017,7.9685338451206,NR1I2;ESR1;NR3C2;NR4A2,down in tumor,4
gs_ind_0,Paradoxical Activation Of RAF Signaling By Kinase Inactive BRAF R-HSA-6802955,5/39,0.0693567580975029,0.32737888284804184,2.6389672254998646,7.042062105713507,FGA;MAP2K1;FGG;FGB;CAMK2B,down in tumor,5
gs_ind_0,CREB1 Phosphorylation Thru Activation Of CaMKII/CaMKK/CaMKIV Cascasde R-HSA-442729,2/8,0.07245341691365897,0.32737888284804184,6.36012459156564,16.69412784474216,CAMK4;CAMK2B,down in tumor,2
gs_ind_0,ECM Proteoglycans R-HSA-3000178,6/51,0.06912685925983404,0.32737888284804184,2.3654207202594297,6.319959281959752,TNXB;TNR;BGN;SERPINE1;ITGA9;DCN,down in tumor,6
gs_ind_0,p75NTR Regulates Axonogenesis R-HSA-193697,2/8,0.07245341691365897,0.32737888284804184,6.36012459156564,16.69412784474216,MAG;NGFR,down in tumor,2
gs_ind_0,Defective CHSY1 Causes TPBS R-HSA-3595177,2/8,0.07245341691365897,0.32737888284804184,6.36012459156564,16.69412784474216,BGN;DCN,down in tumor,2
gs_ind_0,Defective CHST3 Causes SEDCJD R-HSA-3595172,2/8,0.07245341691365897,0.32737888284804184,6.36012459156564,16.69412784474216,BGN;DCN,down in tumor,2
gs_ind_0,Pyruvate Metabolism R-HSA-70268,4/28,0.07268124480454134,0.32737888284804184,3.0394855357650017,7.9685338451206,PDK4;LDHD;MPC1;GSTZ1,down in tumor,4
gs_ind_0,Serine Biosynthesis R-HSA-977347,2/8,0.07245341691365897,0.32737888284804184,6.36012459156564,16.69412784474216,PHGDH;PSAT1,down in tumor,2
gs_ind_0,Toll-like Receptor Cascades R-HSA-168898,14/159,0.07098798726527691,0.32737888284804184,1.6526978355336102,4.371790040912191,MAP2K3;S100A8;JUN;FGA;TLR4;MAP2K1;PELI2;TLR3;FOS;FGG;DUSP6;FGB;S100A12;SAA2,down in tumor,14
gs_ind_0,Circadian Clock R-HSA-400253,7/65,0.07639683878518244,0.342638182534402,2.1231770753492554,5.4604164436826,NOCT;NFIL3;PPARGC1A;BHLHE40;SERPINE1;NAMPT;NCOR1,down in tumor,7
gs_ind_0,Metabolism Of Angiotensinogen To Angiotensins R-HSA-2022377,3/18,0.07978554910392101,0.3563072598871686,3.735360836633473,9.444534450224802,ENPEP;AGXT;CPB2,down in tumor,3
gs_ind_0,Metabolic Disorders Of Biological Oxidation Enzymes R-HSA-5579029,4/29,0.08067411482047677,0.35874234037190733,2.9201496900947257,7.351002359241241,MAT1A;FMO3;UGT1A1;SLC35D1,down in tumor,4
gs_ind_0,Protein-protein Interactions At Synapses R-HSA-6794362,8/80,0.08561191285505866,0.3790866480234589,1.9418483418841037,4.772928919614652,DLGAP2;NRXN1;PTPRD;IL1RAPL2;SYT9;SLITRK3;IL1RAP;SLITRK6,down in tumor,8
gs_ind_0,Urea Cycle R-HSA-70635,2/9,0.08972129914888982,0.3842572033220896,5.511843324070398,13.289313803719365,ASS1;OTC,down in tumor,2
gs_ind_0,Creatine Metabolism R-HSA-71288,2/9,0.08972129914888982,0.3842572033220896,5.511843324070398,13.289313803719365,SLC6A12;GATM,down in tumor,2
gs_ind_0,Androgen Biosynthesis R-HSA-193048,2/9,0.08972129914888982,0.3842572033220896,5.511843324070398,13.289313803719365,SRD5A2;SRD5A1,down in tumor,2
gs_ind_0,P2Y Receptors R-HSA-417957,2/9,0.08972129914888982,0.3842572033220896,5.511843324070398,13.289313803719365,P2RY13;P2RY12,down in tumor,2
gs_ind_0,Bicarbonate Transporters R-HSA-425381,2/9,0.08972129914888982,0.3842572033220896,5.511843324070398,13.289313803719365,SLC4A4;SLC4A10,down in tumor,2
gs_ind_0,Synthesis Of 5-Eicosatetraenoic Acids R-HSA-2142688,2/9,0.08972129914888982,0.3842572033220896,5.511843324070398,13.289313803719365,PON3;PON1,down in tumor,2
gs_ind_0,Chylomicron Assembly R-HSA-8963888,2/9,0.08972129914888982,0.3842572033220896,5.511843324070398,13.289313803719365,APOC3;APOA1,down in tumor,2
gs_ind_0,Zinc Influx Into Cells By SLC39 Gene Family R-HSA-442380,2/9,0.08972129914888982,0.3842572033220896,5.511843324070398,13.289313803719365,SLC39A14;SLC39A5,down in tumor,2
gs_ind_0,Sialic Acid Metabolism R-HSA-4085001,4/31,0.09789056277617629,0.415835927240261,2.7075149105367795,6.292007791930123,ST3GAL6;GNE;ST8SIA6;ST6GAL2,down in tumor,4
gs_ind_0,Nuclear Signaling By ERBB4 R-HSA-1251985,4/31,0.09789056277617629,0.415835927240261,2.7075149105367795,6.292007791930123,CXCL12;NRG1;ESR1;NCOR1,down in tumor,4
gs_ind_0,Chondroitin Sulfate Biosynthesis R-HSA-2022870,3/20,0.10259265339149681,0.427128776072168,3.308144616607072,7.532608747538039,CHST7;BGN;DCN,down in tumor,3
gs_ind_0,Defective B3GALT6 Causes EDSP2 And SEMDJL1 R-HSA-4420332,3/20,0.10259265339149681,0.427128776072168,3.308144616607072,7.532608747538039,BGN;DCN;SDC4,down in tumor,3
gs_ind_0,Defective B3GAT3 Causes JDSSDHD R-HSA-3560801,3/20,0.10259265339149681,0.427128776072168,3.308144616607072,7.532608747538039,BGN;DCN;SDC4,down in tumor,3
gs_ind_0,"Defective B4GALT7 Causes EDS, Progeroid Type R-HSA-3560783",3/20,0.10259265339149681,0.427128776072168,3.308144616607072,7.532608747538039,BGN;DCN;SDC4,down in tumor,3
gs_ind_0,Cytosolic Sulfonation Of Small Molecules R-HSA-156584,3/20,0.10259265339149681,0.427128776072168,3.308144616607072,7.532608747538039,SULT2A1;SULT1E1;SULT1A1,down in tumor,3
gs_ind_0,Passive Transport By Aquaporins R-HSA-432047,2/10,0.10804022737437241,0.43423860617776605,4.863157648926978,10.821749560703442,AQP3;AQP7,down in tumor,2
gs_ind_0,Signaling By High-Kinase Activity BRAF Mutants R-HSA-6802948,4/32,0.10708794442772844,0.43423860617776605,2.6123888249450666,5.836350600229694,FGG;FGA;MAP2K1;FGB,down in tumor,4
gs_ind_0,CaMK IV-mediated Phosphorylation Of CREB R-HSA-111932,2/10,0.10804022737437241,0.43423860617776605,4.863157648926978,10.821749560703442,CAMK4;CAMK2B,down in tumor,2
gs_ind_0,AKT Phosphorylates Targets In Nucleus R-HSA-198693,2/10,0.10804022737437241,0.43423860617776605,4.863157648926978,10.821749560703442,FOXO1;NR4A1,down in tumor,2
gs_ind_0,Erythrocytes Take Up Carbon Dioxide And Release Oxygen R-HSA-1237044,2/10,0.10804022737437241,0.43423860617776605,4.863157648926978,10.821749560703442,HBA1;CA2,down in tumor,2
gs_ind_0,MAPK3 (ERK1) Activation R-HSA-110056,2/10,0.10804022737437241,0.43423860617776605,4.863157648926978,10.821749560703442,MAP2K1;IL6,down in tumor,2
gs_ind_0,TRAF6 Mediated Induction Of NFkB And MAP Kinases Upon TLR7/8 Or 9 Activation R-HSA-975138,9/98,0.10695172937733848,0.43423860617776605,1.7580280779223676,3.929856714990659,MAP2K3;JUN;TLR4;MAP2K1;PELI2;FOS;DUSP6;S100A12;SAA2,down in tumor,9
gs_ind_0,Nucleotide Catabolism R-HSA-8956319,4/32,0.10708794442772844,0.43423860617776605,2.6123888249450666,5.836350600229694,AGXT2;DPYD;XDH;DPYS,down in tumor,4
gs_ind_0,Activation Of AP-1 Family Of Transcription Factors R-HSA-450341,2/10,0.10804022737437241,0.43423860617776605,4.863157648926978,10.821749560703442,JUN;FOS,down in tumor,2
gs_ind_0,Interleukin-36 Pathway R-HSA-9014826,1/2,0.11089359569319146,0.44399926244975124,16.52717175723919,36.34629392125029,IL1RAP,down in tumor,1
gs_ind_0,MyD88 Dependent Cascade Initiated On Endosome R-HSA-975155,9/99,0.11204868245315072,0.44691172963184167,1.7385185430244483,3.8053073516378597,MAP2K3;JUN;TLR4;MAP2K1;PELI2;FOS;DUSP6;S100A12;SAA2,down in tumor,9
gs_ind_0,Azathioprine ADME R-HSA-9748787,3/21,0.11485504111771205,0.45291893572833625,3.129175659568985,6.7718004104500285,XDH;GSTA2;GSTM1,down in tumor,3
gs_ind_0,Glutamate Neurotransmitter Release Cycle R-HSA-210500,3/21,0.11485504111771205,0.45291893572833625,3.129175659568985,6.7718004104500285,GLS2;SLC1A1;SLC38A2,down in tumor,3
gs_ind_0,Interleukin-7 Signaling R-HSA-1266695,3/21,0.11485504111771205,0.45291893572833625,3.129175659568985,6.7718004104500285,CISH;SOCS2;TSLP,down in tumor,3
gs_ind_0,Cardiac Conduction R-HSA-5576891,9/100,0.11727808457376546,0.45900973175874493,1.7194354460477952,3.685106725463889,KCNE1;SLC8A1;KCND3;SCN7A;SCN11A;FXYD1;ABCC9;CAMK2B;KCNK17,down in tumor,9
gs_ind_0,Toll Like Receptor 7/8 (TLR7/8) Cascade R-HSA-168181,9/100,0.11727808457376546,0.45900973175874493,1.7194354460477952,3.685106725463889,MAP2K3;JUN;TLR4;MAP2K1;PELI2;FOS;DUSP6;S100A12;SAA2,down in tumor,9
gs_ind_0,NR1H2 And NR1H3-mediated Signaling R-HSA-9024446,5/46,0.12009347315033382,0.4665341243200701,2.193101894246305,4.648246341338892,ANGPTL3;PCK1;CETP;NCOR1;PLIN1,down in tumor,5
gs_ind_0,Heparan Sulfate/Heparin (HS-GAG) Metabolism R-HSA-1638091,5/46,0.12009347315033382,0.4665341243200701,2.193101894246305,4.648246341338892,HS3ST3B1;BGN;NDST3;DCN;SDC4,down in tumor,5
gs_ind_0,"Transport Of Bile Salts And Organic Acids, Metal Ions And Amine Compounds R-HSA-425366",7/73,0.12223029502286083,0.4730765122181095,1.867038061474931,3.9242308680134346,SLC41A2;CP;SLC13A5;SLC39A14;SLC6A12;SLC22A1;SLC39A5,down in tumor,7
gs_ind_0,Nucleotide Salvage R-HSA-8956321,3/22,0.12763577492907158,0.4815140245519126,2.968562492996343,6.111007285990134,AMPD1;ADK;CDA,down in tumor,3
gs_ind_0,Interleukin-6 Signaling R-HSA-1059683,2/11,0.12723419788573678,0.4815140245519126,4.35103737907691,8.970646077366904,SOCS3;IL6,down in tumor,2
gs_ind_0,Plasma Lipoprotein Clearance R-HSA-8964043,4/34,0.12658634928817147,0.4815140245519126,2.4408499820747647,5.044823434459093,CES3;AMN;APOA1;LDLR,down in tumor,4
gs_ind_0,Hyaluronan Uptake And Degradation R-HSA-2160916,2/11,0.12723419788573678,0.4815140245519126,4.35103737907691,8.970646077366904,LYVE1;STAB2,down in tumor,2
gs_ind_0,Carnitine Metabolism R-HSA-200425,2/11,0.12723419788573678,0.4815140245519126,4.35103737907691,8.970646077366904,CPT2;THRSP,down in tumor,2
gs_ind_0,Activation Of Phototransduction Cascade R-HSA-2485179,2/11,0.12723419788573678,0.4815140245519126,4.35103737907691,8.970646077366904,PDE6G;CNGA1,down in tumor,2
gs_ind_0,Gap Junction Assembly R-HSA-190861,2/11,0.12723419788573678,0.4815140245519126,4.35103737907691,8.970646077366904,GJB3;GJB2,down in tumor,2
gs_ind_0,Amyloid Fiber Formation R-HSA-977225,6/61,0.13372594709771984,0.5009531518074085,1.938285956207103,3.899759131420407,FGA;APCS;SORL1;TTR;APOA1;SAA2,down in tumor,6
gs_ind_0,Toll Like Receptor 9 (TLR9) Cascade R-HSA-168138,9/103,0.13374730081748037,0.5009531518074085,1.6646094055275693,3.34886631940514,MAP2K3;JUN;TLR4;MAP2K1;PELI2;FOS;DUSP6;S100A12;SAA2,down in tumor,9
gs_ind_0,Platelet Aggregation (Plug Formation) R-HSA-76009,4/35,0.13685447195588651,0.5089427871669089,2.363249076966771,4.700117597346755,FGG;FGA;ADRA2B;FGB,down in tumor,4
gs_ind_0,Cell Surface Interactions At Vascular Wall R-HSA-202733,10/118,0.13679721165273462,0.5089427871669089,1.602631680692846,3.1880441363557424,TEK;JCHAIN;SELE;MAG;SLC7A8;TSPAN7;CD244;PROS1;THBD;SDC4,down in tumor,10
gs_ind_0,Interleukin-6 Family Signaling R-HSA-6783589,3/23,0.1408932963546152,0.5221045911013223,2.8236189036503,5.533594031926191,SOCS3;LIFR;IL6,down in tumor,3
gs_ind_0,Oncogenic MAPK Signaling R-HSA-6802957,7/76,0.14237590500234146,0.5257343488602361,1.7861884266998518,3.4817894156127673,FGA;MAP2K1;FGG;DUSP6;FGB;DUSP10;CAMK2B,down in tumor,7
gs_ind_0,Disorders Of Transmembrane Transporters R-HSA-5619115,13/164,0.14480248335301216,0.5293022871345776,1.4761674405325995,2.8525233013644167,SLC2A2;CP;AVPR1A;SLC17A8;SLC9A9;SLCO1B3;SLCO1B1;ABCC9;SLC4A4;ERLIN1;SLC5A1;SLC1A1;APOA1,down in tumor,13
gs_ind_0,Trafficking Of GluR2-containing AMPA Receptors R-HSA-416993,2/12,0.1471438463085742,0.5293022871345776,3.9364638272935215,7.543621294385745,TSPAN7;PRKCB,down in tumor,2
gs_ind_0,Purine Salvage R-HSA-74217,2/12,0.1471438463085742,0.5293022871345776,3.9364638272935215,7.543621294385745,AMPD1;ADK,down in tumor,2
gs_ind_0,Disorders Of Developmental Biology R-HSA-9675151,2/12,0.1471438463085742,0.5293022871345776,3.9364638272935215,7.543621294385745,NCOR1;CAMK4,down in tumor,2
gs_ind_0,Triglyceride Biosynthesis R-HSA-75109,2/12,0.1471438463085742,0.5293022871345776,3.9364638272935215,7.543621294385745,MOGAT2;LPIN2,down in tumor,2
gs_ind_0,Metabolism Of Nucleotides R-HSA-15869,8/91,0.14790073477827434,0.5293022871345776,1.6851426783449455,3.220668179768764,AGXT2;AMPD1;CDA;DHODH;DPYD;ADK;XDH;DPYS,down in tumor,8
gs_ind_0,Chondroitin Sulfate/Dermatan Sulfate Metabolism R-HSA-1793185,5/49,0.14597039557870614,0.5293022871345776,2.0449572336211252,3.9352164132964016,CHST7;BGN;DSE;DCN;SDC4,down in tumor,5
gs_ind_0,MAP2K And MAPK Activation R-HSA-5674135,4/36,0.14744526266302882,0.5293022871345776,2.290423612173115,4.384553964458159,FGG;FGA;MAP2K1;FGB,down in tumor,4
gs_ind_0,Defects In Cobalamin (B12) Metabolism R-HSA-3296469,2/12,0.1471438463085742,0.5293022871345776,3.9364638272935215,7.543621294385745,MMUT;AMN,down in tumor,2
gs_ind_0,"Glutamate Binding, Activation Of AMPA Receptors And Synaptic Plasticity R-HSA-399721",3/24,0.1545858216655409,0.5457506204070617,2.6921584388945865,5.026275572931579,TSPAN7;PRKCB;CAMK2B,down in tumor,3
gs_ind_0,Sulfur Amino Acid Metabolism R-HSA-1614635,3/24,0.1545858216655409,0.5457506204070617,2.6921584388945865,5.026275572931579,MAT1A;BHMT;GOT2,down in tumor,3
gs_ind_0,Cell Recruitment (Pro-Inflammatory Response) R-HSA-9664424,3/24,0.1545858216655409,0.5457506204070617,2.6921584388945865,5.026275572931579,HMOX1;IL1B;MEFV,down in tumor,3
gs_ind_0,HS-GAG Biosynthesis R-HSA-2022928,3/24,0.1545858216655409,0.5457506204070617,2.6921584388945865,5.026275572931579,SDC4;HS3ST3B1;NDST3,down in tumor,3
gs_ind_0,Integrin Cell Surface Interactions R-HSA-216083,6/64,0.1572650806448806,0.5533400985653206,1.8386211779282269,3.4011227975197715,FGA;ITGAD;FGG;ITGA9;FGB;THBS1,down in tumor,6
gs_ind_0,Alpha-defensins R-HSA-1462054,1/3,0.16164333206069484,0.5649407424863749,9.915827052756843,18.070236582240863,CD4,down in tumor,1
gs_ind_0,Muscarinic Acetylcholine Receptors R-HSA-390648,1/3,0.16164333206069484,0.5649407424863749,9.915827052756843,18.070236582240863,CHRM2,down in tumor,1
gs_ind_0,Potassium Channels R-HSA-1296071,7/79,0.16399961541564798,0.5689678139679176,1.7120297961820206,3.0951635961276844,KCNN2;KCND3;KCNJ15;KCNJ10;KCNA3;ABCC9;KCNK17,down in tumor,7
gs_ind_0,Pyruvate Metabolism And Citric Acid (TCA) Cycle R-HSA-71406,5/51,0.1644289759026901,0.5689678139679176,1.9568138154713768,3.5325901122612575,MPC1;LDLR;PDK4;GSTZ1;LDHD,down in tumor,5
gs_ind_0,Transcriptional Regulation By MECP2 R-HSA-8986944,5/51,0.1644289759026901,0.5689678139679176,1.9568138154713768,3.5325901122612575,SGK1;CAMK4;PVALB;NCOR1;CAMK2B,down in tumor,5
gs_ind_0,Alpha-Linolenic (Omega3) And Linoleic (Omega6) Acid Metabolism R-HSA-2046104,2/13,0.16762512398148308,0.5704269097978256,3.5939900236463744,6.418956742675051,ACAA1;ACSL1,down in tumor,2
gs_ind_0,Formation Of Cornified Envelope R-HSA-6809371,3/25,0.1686716891172518,0.5704269097978256,2.5723833487838257,4.578330768916161,RCAN1;KAZN;TCHH,down in tumor,3
gs_ind_0,Synthesis Of PE R-HSA-1483213,2/13,0.16762512398148308,0.5704269097978256,3.5939900236463744,6.418956742675051,PHOSPHO1;LPIN2,down in tumor,2
gs_ind_0,Advanced Glycosylation Endproduct Receptor Signaling R-HSA-879415,2/13,0.16762512398148308,0.5704269097978256,3.5939900236463744,6.418956742675051,S100A12;SAA2,down in tumor,2
gs_ind_0,CS/DS Degradation R-HSA-2024101,2/13,0.16762512398148308,0.5704269097978256,3.5939900236463744,6.418956742675051,BGN;DCN,down in tumor,2
gs_ind_0,Nucleotide-like (Purinergic) Receptors R-HSA-418038,2/13,0.16762512398148308,0.5704269097978256,3.5939900236463744,6.418956742675051,P2RY13;P2RY12,down in tumor,2
gs_ind_0,Phase 0 - Rapid Depolarisation R-HSA-5576892,3/25,0.1686716891172518,0.5704269097978256,2.5723833487838257,4.578330768916161,CAMK2B;SCN7A;SCN11A,down in tumor,3
gs_ind_0,Transcriptional Activation Of Mitochondrial Biogenesis R-HSA-2151201,5/52,0.17398981057039983,0.5865140388582833,1.9155255827591262,3.3497917241634085,CAMK4;PPARGC1A;NCOR1;ALAS1;GLUD1,down in tumor,5
gs_ind_0,MyD88 Cascade Initiated On Plasma Membrane R-HSA-975871,8/95,0.17487182488780537,0.5875918231760663,1.6077975953045758,2.8035198867538473,MAP2K3;JUN;MAP2K1;PELI2;FOS;DUSP6;S100A12;SAA2,down in tumor,8
gs_ind_0,Diseases Associated With Glycosaminoglycan Metabolism R-HSA-3560782,4/39,0.18096868263321034,0.606129081255464,2.096564276313947,3.583932568744724,BGN;DCN;SDC4;PRELP,down in tumor,4
gs_ind_0,Signaling By BMP R-HSA-201451,3/26,0.18310965677292232,0.6093936029544709,2.462801883363342,4.181025090699702,GDF2;BMP10;AMHR2,down in tumor,3
gs_ind_0,GAG Synthesis Requires Tetrasaccharide Linker Sequence R-HSA-1971475,3/26,0.18310965677292232,0.6093936029544709,2.462801883363342,4.181025090699702,BGN;DCN;SDC4,down in tumor,3
gs_ind_0,Glycogen Breakdown (Glycogenolysis) R-HSA-70221,2/14,0.18854807104067803,0.6195997931997124,3.306312028582771,5.516258546129579,AGL;PGM1,down in tumor,2
gs_ind_0,cGMP Effects R-HSA-418457,2/14,0.18854807104067803,0.6195997931997124,3.306312028582771,5.516258546129579,PDE2A;PDE11A,down in tumor,2
gs_ind_0,Heme Biosynthesis R-HSA-189451,2/14,0.18854807104067803,0.6195997931997124,3.306312028582771,5.516258546129579,ALB;ALAS1,down in tumor,2
gs_ind_0,Na+/Cl- Dependent Neurotransmitter Transporters R-HSA-442660,2/14,0.18854807104067803,0.6195997931997124,3.306312028582771,5.516258546129579,SLC6A12;SLC22A1,down in tumor,2
gs_ind_0,Ion Homeostasis R-HSA-5578775,4/40,0.1926632079688292,0.6272057704904251,2.039026117268989,3.3578919663220828,FXYD1;SLC8A1;ABCC9;CAMK2B,down in tumor,4
gs_ind_0,Signaling By Receptor Tyrosine Kinases R-HSA-9006934,31/460,0.19205609197256246,0.6272057704904251,1.216162826945519,2.0066295087968036,ASCL1;ID2;ESR1;FOSB;CXCL12;PRKCB;COL6A6;HGFAC;DUSP6;SPRY2;FOSL1;THBS1;NRG1;SOCS6;EGR3;NTF3;AXL;EGR2;TRIB1;ID1;SGK1;MYC;PDGFRA;MAP2K1;FOS;IGF1;NCOR1;PLG;FLT3;EGR1;CILP,down in tumor,31
gs_ind_0,Negative Regulation Of MAPK Pathway R-HSA-5675221,4/40,0.1926632079688292,0.6272057704904251,2.039026117268989,3.3578919663220828,MAP2K1;DUSP6;DUSP5;DUSP10,down in tumor,4
gs_ind_0,Glucagon-type Ligand Receptors R-HSA-420092,3/27,0.19785915600970783,0.6381568457720516,2.3621658436914696,3.8271807094580255,VIPR1;C1QTNF1;GLP2R,down in tumor,3
gs_ind_0,Integrin Signaling R-HSA-354192,3/27,0.19785915600970783,0.6381568457720516,2.3621658436914696,3.8271807094580255,FGG;FGA;FGB,down in tumor,3
gs_ind_0,ATF4 Activates Genes In Response To Endoplasmic Reticulum Stress R-HSA-380994,3/27,0.19785915600970783,0.6381568457720516,2.3621658436914696,3.8271807094580255,IGFBP1;ATF3;CCL2,down in tumor,3
gs_ind_0,Defective F9 Activation R-HSA-9673221,1/4,0.2094984657473303,0.6391734258597328,7.082393607978693,11.07005645267716,F9,down in tumor,1
gs_ind_0,Zinc Transporters R-HSA-435354,2/15,0.20979567949271613,0.6391734258597328,3.0612529957508126,4.780517505367151,SLC39A14;SLC39A5,down in tumor,2
gs_ind_0,Orexin And Neuropeptides FF And QRFP Bind To Their Respective Receptors R-HSA-389397,1/4,0.2094984657473303,0.6391734258597328,7.082393607978693,11.07005645267716,CD200R1,down in tumor,1
gs_ind_0,"Gamma Carboxylation, Hypusine Formation And Arylsulfatase Activation R-HSA-163841",4/41,0.20458534716058513,0.6391734258597328,1.9845566600397615,3.1490350608261366,F8;F9;PROZ;PROS1,down in tumor,4
gs_ind_0,Attachment And Entry R-HSA-9678110,1/4,0.2094984657473303,0.6391734258597328,7.082393607978693,11.07005645267716,TMPRSS2,down in tumor,1
gs_ind_0,Muscle Contraction R-HSA-397014,12/160,0.20369726150039794,0.6391734258597328,1.3935203711114075,2.2172586897720943,DMD;KCNE1;ALDH2;KCND3;SLC8A1;SCN7A;SCN11A;FXYD1;TTR;ABCC9;CAMK2B;KCNK17,down in tumor,12
gs_ind_0,Disinhibition Of SNARE Formation R-HSA-114516,1/4,0.2094984657473303,0.6391734258597328,7.082393607978693,11.07005645267716,PRKCB,down in tumor,1
gs_ind_0,Response Of EIF2AK1 (HRI) To Heme Deficiency R-HSA-9648895,2/15,0.20979567949271613,0.6391734258597328,3.0612529957508126,4.780517505367151,ATF3;ATF5,down in tumor,2
gs_ind_0,Metal Sequestration By Antimicrobial Proteins R-HSA-6799990,1/4,0.2094984657473303,0.6391734258597328,7.082393607978693,11.07005645267716,S100A8,down in tumor,1
gs_ind_0,Ion Transport By P-type ATPases R-HSA-936837,4/41,0.20458534716058513,0.6391734258597328,1.9845566600397615,3.1490350608261366,FXYD1;ATP11C;ATP13A4;CAMK2B,down in tumor,4
gs_ind_0,RUNX1 Regulates Transcription Of Genes Involved In Interleukin Signaling R-HSA-8939247,1/4,0.2094984657473303,0.6391734258597328,7.082393607978693,11.07005645267716,LIFR,down in tumor,1
gs_ind_0,Vitamins R-HSA-211916,1/4,0.2094984657473303,0.6391734258597328,7.082393607978693,11.07005645267716,CYP26A1,down in tumor,1
gs_ind_0,"Sodium-coupled Sulphate, Di- And Tri-Carboxylate Transporters R-HSA-433137",1/4,0.2094984657473303,0.6391734258597328,7.082393607978693,11.07005645267716,SLC13A5,down in tumor,1
gs_ind_0,Plasma Lipoprotein Assembly R-HSA-8963898,2/15,0.20979567949271613,0.6391734258597328,3.0612529957508126,4.780517505367151,APOC3;APOA1,down in tumor,2
gs_ind_0,Hyaluronan Metabolism R-HSA-2142845,2/15,0.20979567949271613,0.6391734258597328,3.0612529957508126,4.780517505367151,LYVE1;STAB2,down in tumor,2
gs_ind_0,Diseases Associated With Glycosylation Precursor Biosynthesis R-HSA-5609975,2/15,0.20979567949271613,0.6391734258597328,3.0612529957508126,4.780517505367151,GNE;PGM1,down in tumor,2
gs_ind_0,Acetylcholine Inhibits Contraction Of Outer Hair Cells R-HSA-9667769,1/4,0.2094984657473303,0.6391734258597328,7.082393607978693,11.07005645267716,KCNN2,down in tumor,1
gs_ind_0,Depolymerisation Of Nuclear Lamina R-HSA-4419969,2/15,0.20979567949271613,0.6391734258597328,3.0612529957508126,4.780517505367151,PRKCB;LPIN2,down in tumor,2
gs_ind_0,Glycerophospholipid Biosynthesis R-HSA-1483206,9/114,0.20339249754788105,0.6391734258597328,1.4902573998921589,2.373410284696724,GPD1;PLAAT3;PHOSPHO1;BCHE;PEMT;LPIN2;GPAT3;MFSD2A;PITPNM3,down in tumor,9
gs_ind_0,MAPK Family Signaling Cascades R-HSA-5683057,20/288,0.21247121412545086,0.6448119654935439,1.264742521023781,1.9590213631151618,TEK;JUN;SPTBN2;DUSP5;FGA;DUSP6;RET;NRG1;IL6;DUSP10;MYC;PDGFRA;MAP2K1;FGG;IL2RB;FGB;CAMK2B;FLT3;RASGRP4;FOXO1,down in tumor,20
gs_ind_0,Signal Amplification R-HSA-392518,3/28,0.2128805053543279,0.6448119654935439,2.2694228267389596,3.5108522109715854,TBXA2R;GNA14;P2RY12,down in tumor,3
gs_ind_0,Post NMDA Receptor Activation Events R-HSA-438064,5/56,0.21418513864444363,0.6468886412816289,1.766406917041095,2.7218820386471143,PRKAR2B;CAMK4;RPS6KA6;CAMK2B;NRG1,down in tumor,5
gs_ind_0,FOXO-mediated Transcription Of Cell Cycle Genes R-HSA-9617828,2/16,0.23126284001231598,0.6788473814968264,2.84999520882671,4.1729640670595565,KLF4;FOXO1,down in tumor,2
gs_ind_0,Inwardly Rectifying K+ Channels R-HSA-1296065,3/29,0.2281350888774644,0.6788473814968264,2.1836792827639973,3.2270790881193734,ABCC9;KCNJ15;KCNJ10,down in tumor,3
gs_ind_0,Toll Like Receptor 3 (TLR3) Cascade R-HSA-168164,8/102,0.22673967740099704,0.6788473814968264,1.4881991798625225,2.208417213662251,MAP2K3;JUN;MAP2K1;TLR3;FOS;DUSP6;S100A12;SAA2,down in tumor,8
gs_ind_0,Cargo Concentration In ER R-HSA-5694530,3/29,0.2281350888774644,0.6788473814968264,2.1836792827639973,3.2270790881193734,F8;SEC24B;SERPINA1,down in tumor,3
gs_ind_0,"GABA Synthesis, Release, Reuptake And Degradation R-HSA-888590",2/16,0.23126284001231598,0.6788473814968264,2.84999520882671,4.1729640670595565,SLC6A12;ABAT,down in tumor,2
gs_ind_0,Regulation Of Gene Expression In Beta Cells R-HSA-210745,2/16,0.23126284001231598,0.6788473814968264,2.84999520882671,4.1729640670595565,SLC2A2;FOXO1,down in tumor,2
gs_ind_0,Triglyceride Metabolism R-HSA-8979227,3/29,0.2281350888774644,0.6788473814968264,2.1836792827639973,3.2270790881193734,PLIN1;MOGAT2;LPIN2,down in tumor,3
gs_ind_0,NLRP3 Inflammasome R-HSA-844456,2/16,0.23126284001231598,0.6788473814968264,2.84999520882671,4.1729640670595565,HMOX1;MEFV,down in tumor,2
gs_ind_0,FOXO-mediated Transcription Of Cell Death Genes R-HSA-9614657,2/16,0.23126284001231598,0.6788473814968264,2.84999520882671,4.1729640670595565,CITED2;FOXO1,down in tumor,2
gs_ind_0,Uptake And Actions Of Bacterial Toxins R-HSA-5339562,3/29,0.2281350888774644,0.6788473814968264,2.1836792827639973,3.2270790881193734,MAP2K3;MAP2K1;ANTXR2,down in tumor,3
gs_ind_0,Diseases Associated With O-glycosylation Of Proteins R-HSA-3906995,5/58,0.23529199734754916,0.6887398801910052,1.7002093785214083,2.460080545868754,ADAMTSL2;ADAMTS1;ADAMTS13;CFP;THBS1,down in tumor,5
gs_ind_0,Alpha-oxidation Of Phytanate R-HSA-389599,1/5,0.25462397207112464,0.692922007328972,5.508263916435277,7.535125696728168,SLC27A2,down in tumor,1
gs_ind_0,Vitamin B1 (Thiamin) Metabolism R-HSA-196819,1/5,0.25462397207112464,0.692922007328972,5.508263916435277,7.535125696728168,SLC19A3,down in tumor,1
gs_ind_0,Vitamin B5 (Pantothenate) Metabolism R-HSA-199220,2/17,0.25285536662318303,0.692922007328972,2.665996491183137,3.665578889573108,VNN1;PANK1,down in tumor,2
gs_ind_0,Abacavir Transmembrane Transport R-HSA-2161517,1/5,0.25462397207112464,0.692922007328972,5.508263916435277,7.535125696728168,SLC22A1,down in tumor,1
gs_ind_0,Binding And Entry Of HIV Virion R-HSA-173107,1/5,0.25462397207112464,0.692922007328972,5.508263916435277,7.535125696728168,CD4,down in tumor,1
gs_ind_0,Chylomicron Clearance R-HSA-8964026,1/5,0.25462397207112464,0.692922007328972,5.508263916435277,7.535125696728168,LDLR,down in tumor,1
gs_ind_0,TFAP2 (AP-2) Family Regulates Transcription Of Cell Cycle Factors R-HSA-8866911,1/5,0.25462397207112464,0.692922007328972,5.508263916435277,7.535125696728168,MYC,down in tumor,1
gs_ind_0,MAPK Targets/ Nuclear Events Mediated By MAP Kinases R-HSA-450282,3/30,0.24358550299335305,0.692922007328972,2.104171632896305,2.9716947824995046,DUSP6;JUN;FOS,down in tumor,3
gs_ind_0,Synthesis Of PI R-HSA-1483226,1/5,0.25462397207112464,0.692922007328972,5.508263916435277,7.535125696728168,PITPNM3,down in tumor,1
gs_ind_0,FLT3 Signaling Thru SRC Family Kinases R-HSA-9706374,1/5,0.25462397207112464,0.692922007328972,5.508263916435277,7.535125696728168,FLT3,down in tumor,1
gs_ind_0,Regulation Of MECP2 Expression And Activity R-HSA-9022692,3/30,0.24358550299335305,0.692922007328972,2.104171632896305,2.9716947824995046,NCOR1;CAMK4;CAMK2B,down in tumor,3
gs_ind_0,"Cobalamin (Cbl, Vitamin B12) Transport And Metabolism R-HSA-196741",2/17,0.25285536662318303,0.692922007328972,2.665996491183137,3.665578889573108,MMUT;AMN,down in tumor,2
gs_ind_0,GRB7 Events In ERBB2 Signaling R-HSA-1306955,1/5,0.25462397207112464,0.692922007328972,5.508263916435277,7.535125696728168,NRG1,down in tumor,1
gs_ind_0,Formation Of Xylulose-5-Phosphate R-HSA-5661270,1/5,0.25462397207112464,0.692922007328972,5.508263916435277,7.535125696728168,SORD,down in tumor,1
gs_ind_0,G2/M DNA Replication Checkpoint R-HSA-69478,1/5,0.25462397207112464,0.692922007328972,5.508263916435277,7.535125696728168,WEE1,down in tumor,1
gs_ind_0,Extrinsic Pathway Of Fibrin Clot Formation R-HSA-140834,1/5,0.25462397207112464,0.692922007328972,5.508263916435277,7.535125696728168,F9,down in tumor,1
gs_ind_0,Digestion Of Dietary Carbohydrate R-HSA-189085,1/5,0.25462397207112464,0.692922007328972,5.508263916435277,7.535125696728168,TREH,down in tumor,1
gs_ind_0,Negative Feedback Regulation Of MAPK Pathway R-HSA-5674499,1/5,0.25462397207112464,0.692922007328972,5.508263916435277,7.535125696728168,MAP2K1,down in tumor,1
gs_ind_0,Interleukin-18 Signaling R-HSA-9012546,1/5,0.25462397207112464,0.692922007328972,5.508263916435277,7.535125696728168,IL18R1,down in tumor,1
gs_ind_0,CaM Pathway R-HSA-111997,3/30,0.24358550299335305,0.692922007328972,2.104171632896305,2.9716947824995046,PRKAR2B;CAMK4;CAMK2B,down in tumor,3
gs_ind_0,NR1H2 And NR1H3 Regulate Gene Expression Linked To Gluconeogenesis R-HSA-9632974,1/5,0.25462397207112464,0.692922007328972,5.508263916435277,7.535125696728168,PCK1,down in tumor,1
gs_ind_0,NR1H2 And NR1H3 Regulate Gene Expression Linked To Triglyceride Lipolysis In Adipose R-HSA-9031528,1/5,0.25462397207112464,0.692922007328972,5.508263916435277,7.535125696728168,PLIN1,down in tumor,1
gs_ind_0,LDL Clearance R-HSA-8964038,2/17,0.25285536662318303,0.692922007328972,2.665996491183137,3.665578889573108,CES3;LDLR,down in tumor,2
gs_ind_0,PLC Beta Mediated Events R-HSA-112043,4/44,0.2415217740545311,0.692922007328972,1.837287386790369,2.6104099237131253,CAMK4;PRKAR2B;GNA14;CAMK2B,down in tumor,4
gs_ind_0,Arachidonate Production From DAG R-HSA-426048,1/5,0.25462397207112464,0.692922007328972,5.508263916435277,7.535125696728168,ABHD6,down in tumor,1
gs_ind_0,MyD88-independent TLR4 Cascade R-HSA-166166,8/105,0.2505047805466831,0.692922007328972,1.4421997893078866,1.9964043938015537,MAP2K3;JUN;TLR4;MAP2K1;FOS;DUSP6;S100A12;SAA2,down in tumor,8
gs_ind_0,Regulation Of HMOX1 Expression And Activity R-HSA-9707587,1/5,0.25462397207112464,0.692922007328972,5.508263916435277,7.535125696728168,HMOX1,down in tumor,1
gs_ind_0,L1CAM Interactions R-HSA-373760,7/91,0.2627018179243621,0.711200517437716,1.468052289863002,1.9623978497769095,ANK3;MAP2K1;SCN7A;ITGA9;RPS6KA6;SPTBN2;SCN11A,down in tumor,7
gs_ind_0,MAPK1/MAPK3 Signaling R-HSA-5684996,17/250,0.2621774838842899,0.711200517437716,1.2406064198533504,1.6608414802231721,TEK;DUSP5;FGA;PDGFRA;MAP2K1;DUSP10;FGG;DUSP6;SPTBN2;IL2RB;IL6;CAMK2B;FGB;RET;NRG1;FLT3;RASGRP4,down in tumor,17
gs_ind_0,Synthesis Of Substrates In N-glycan Biosythesis R-HSA-446219,5/61,0.2679470195907733,0.721661431629789,1.609700354616173,2.119920647049938,ST3GAL6;ST8SIA6;GNPNAT1;GNE;ST6GAL2,down in tumor,5
gs_ind_0,Signaling By BRAF And RAF1 Fusions R-HSA-6802952,5/61,0.2679470195907733,0.721661431629789,1.609700354616173,2.119920647049938,FGA;MAP2K1;FGG;FGB;CAMK2B,down in tumor,5
gs_ind_0,PD-1 Signaling R-HSA-389948,2/18,0.2744890938130909,0.7255122493514506,2.5043006484054517,3.2376694412158584,CD4;PDCD1LG2,down in tumor,2
gs_ind_0,Ca-dependent Events R-HSA-111996,3/32,0.2749309576489708,0.7255122493514506,1.9613273805916378,2.532535101470901,PRKAR2B;CAMK4;CAMK2B,down in tumor,3
gs_ind_0,Transcriptional Regulation By AP-2 (TFAP2) Family Of Transcription Factors R-HSA-8864260,3/32,0.2749309576489708,0.7255122493514506,1.9613273805916378,2.532535101470901,MYC;ESR1;CITED2,down in tumor,3
gs_ind_0,Ephrin Signaling R-HSA-3928664,2/18,0.2744890938130909,0.7255122493514506,2.5043006484054517,3.2376694412158584,EPHB1;EFNB3,down in tumor,2
gs_ind_0,PERK Regulates Gene Expression R-HSA-381042,3/32,0.2749309576489708,0.7255122493514506,1.9613273805916378,2.532535101470901,IGFBP1;ATF3;CCL2,down in tumor,3
gs_ind_0,Fatty acyl-CoA Biosynthesis R-HSA-75105,3/32,0.2749309576489708,0.7255122493514506,1.9613273805916378,2.532535101470901,CBR4;SLC27A2;ACSL1,down in tumor,3
gs_ind_0,"PI5P, PP2A And IER3 Regulate PI3K/AKT Signaling R-HSA-6811558",7/92,0.27161720845634135,0.7255122493514506,1.4508121639291534,1.890932755548538,IL33;PDGFRA;ESR1;IL1RL1;NRG1;FLT3;IL1RAP,down in tumor,7
gs_ind_0,Nitric Oxide Stimulates Guanylate Cyclase R-HSA-392154,2/18,0.2744890938130909,0.7255122493514506,2.5043006484054517,3.2376694412158584,PDE2A;PDE11A,down in tumor,2
gs_ind_0,FLT3 Signaling By CBL Mutants R-HSA-9706377,1/6,0.29717543077085345,0.7289866787688776,4.5065450218167395,5.46838881662919,FLT3,down in tumor,1
gs_ind_0,p75NTR Negatively Regulates Cell Cycle Via SC1 R-HSA-193670,1/6,0.29717543077085345,0.7289866787688776,4.5065450218167395,5.46838881662919,NGFR,down in tumor,1
gs_ind_0,NADE Modulates Death Signaling R-HSA-205025,1/6,0.29717543077085345,0.7289866787688776,4.5065450218167395,5.46838881662919,NGFR,down in tumor,1
gs_ind_0,Activated NTRK3 Signals Thru PI3K R-HSA-9603381,1/6,0.29717543077085345,0.7289866787688776,4.5065450218167395,5.46838881662919,NTF3,down in tumor,1
gs_ind_0,Molybdenum Cofactor Biosynthesis R-HSA-947581,1/6,0.29717543077085345,0.7289866787688776,4.5065450218167395,5.46838881662919,GPHN,down in tumor,1
gs_ind_0,Long-term Potentiation R-HSA-9620244,2/19,0.2960890410020037,0.7289866787688776,2.361084330516645,2.8736640647569747,NRG1;CAMK2B,down in tumor,2
gs_ind_0,MAP Kinase Activation R-HSA-450294,5/62,0.27904962892712043,0.7289866787688776,1.5816294399557085,2.018737458960624,MAP2K3;JUN;MAP2K1;FOS;DUSP6,down in tumor,5
gs_ind_0,Phenylalanine Metabolism R-HSA-8964208,1/6,0.29717543077085345,0.7289866787688776,4.5065450218167395,5.46838881662919,QDPR,down in tumor,1
gs_ind_0,STAT5 Activation R-HSA-9645135,1/6,0.29717543077085345,0.7289866787688776,4.5065450218167395,5.46838881662919,FLT3,down in tumor,1
gs_ind_0,Syndecan Interactions R-HSA-3000170,2/19,0.2960890410020037,0.7289866787688776,2.361084330516645,2.8736640647569747,THBS1;SDC4,down in tumor,2
gs_ind_0,G-protein Mediated Events R-HSA-112040,4/48,0.29278158437491403,0.7289866787688776,1.6718162932517255,2.053539422164005,CAMK4;PRKAR2B;GNA14;CAMK2B,down in tumor,4
gs_ind_0,Protein Repair R-HSA-5676934,1/6,0.29717543077085345,0.7289866787688776,4.5065450218167395,5.46838881662919,MSRA,down in tumor,1
gs_ind_0,Cobalamin (Cbl) Metabolism R-HSA-9759218,1/6,0.29717543077085345,0.7289866787688776,4.5065450218167395,5.46838881662919,MMUT,down in tumor,1
gs_ind_0,Biosynthesis Of EPA-derived SPMs R-HSA-9018679,1/6,0.29717543077085345,0.7289866787688776,4.5065450218167395,5.46838881662919,PTGS2,down in tumor,1
gs_ind_0,MET Receptor Activation R-HSA-6806942,1/6,0.29717543077085345,0.7289866787688776,4.5065450218167395,5.46838881662919,HGFAC,down in tumor,1
gs_ind_0,PTK6 Promotes HIF1A Stabilization R-HSA-8857538,1/6,0.29717543077085345,0.7289866787688776,4.5065450218167395,5.46838881662919,LRRK2,down in tumor,1
gs_ind_0,TNFR1-mediated Ceramide Production R-HSA-5626978,1/6,0.29717543077085345,0.7289866787688776,4.5065450218167395,5.46838881662919,SMPD3,down in tumor,1
gs_ind_0,HDL Assembly R-HSA-8963896,1/6,0.29717543077085345,0.7289866787688776,4.5065450218167395,5.46838881662919,APOA1,down in tumor,1
gs_ind_0,RUNX1 Regulates Estrogen Receptor Mediated Transcription R-HSA-8931987,1/6,0.29717543077085345,0.7289866787688776,4.5065450218167395,5.46838881662919,ESR1,down in tumor,1
gs_ind_0,RUNX1 Regulates Transcription Of Genes Involved In Differentiation Of Myeloid Cells R-HSA-8939246,1/6,0.29717543077085345,0.7289866787688776,4.5065450218167395,5.46838881662919,PRKCB,down in tumor,1
gs_ind_0,TLR3-mediated TICAM1-dependent Programmed Cell Death R-HSA-9013957,1/6,0.29717543077085345,0.7289866787688776,4.5065450218167395,5.46838881662919,TLR3,down in tumor,1
gs_ind_0,RUNX1 Regulates Transcription Of Genes Involved In BCR Signaling R-HSA-8939245,1/6,0.29717543077085345,0.7289866787688776,4.5065450218167395,5.46838881662919,BLK,down in tumor,1
gs_ind_0,Uptake Of Dietary Cobalamins Into Enterocytes R-HSA-9758881,1/6,0.29717543077085345,0.7289866787688776,4.5065450218167395,5.46838881662919,AMN,down in tumor,1
gs_ind_0,Glycoprotein Hormones R-HSA-209822,1/6,0.29717543077085345,0.7289866787688776,4.5065450218167395,5.46838881662919,INHBC,down in tumor,1
gs_ind_0,Synthesis Of 15-Eicosatetraenoic Acid Derivatives R-HSA-2142770,1/6,0.29717543077085345,0.7289866787688776,4.5065450218167395,5.46838881662919,PTGS2,down in tumor,1
gs_ind_0,CLEC7A/inflammasome Pathway R-HSA-5660668,1/6,0.29717543077085345,0.7289866787688776,4.5065450218167395,5.46838881662919,IL1B,down in tumor,1
gs_ind_0,Insulin-like Growth Factor-2 mRNA Binding Proteins (IGF2BPs/IMPs/VICKZs) Bind RNA R-HSA-428359,1/6,0.29717543077085345,0.7289866787688776,4.5065450218167395,5.46838881662919,MYC,down in tumor,1
gs_ind_0,Interleukin-1 Family Signaling R-HSA-446652,10/140,0.27798915545484665,0.7289866787688776,1.331041830263454,1.7039640461825074,IL1RN;IL33;MAP2K1;PELI2;IL18R1;IL1RL1;S100A12;IL1B;IL1RAP;SAA2,down in tumor,10
gs_ind_0,Phase 1 - Inactivation Of Fast Na+ Channels R-HSA-5576894,1/6,0.29717543077085345,0.7289866787688776,4.5065450218167395,5.46838881662919,KCND3,down in tumor,1
gs_ind_0,Assembly Of Active LPL And LIPC Lipase Complexes R-HSA-8963889,2/19,0.2960890410020037,0.7289866787688776,2.361084330516645,2.8736640647569747,ANGPTL3;APOA5,down in tumor,2
gs_ind_0,Transcriptional Regulation Of White Adipocyte Differentiation R-HSA-381340,6/80,0.30593658968753495,0.7487206937317893,1.4426376293302756,1.7086274359411207,PCK1;PPARGC1A;NCOR1;EGR2;PLIN1;KLF4,down in tumor,6
gs_ind_0,Thyroxine Biosynthesis R-HSA-209968,1/7,0.33729956069651246,0.7616791919234017,3.8130473255423674,4.1439582119890295,IYD,down in tumor,1
gs_ind_0,Defective CHST6 Causes MCDC1 R-HSA-3656225,1/7,0.33729956069651246,0.7616791919234017,3.8130473255423674,4.1439582119890295,PRELP,down in tumor,1
gs_ind_0,Other Interleukin Signaling R-HSA-449836,2/21,0.33892901841567635,0.7616791919234017,2.118718254089433,2.2923781032341206,CSF1R;CD4,down in tumor,2
gs_ind_0,Organic Anion Transporters R-HSA-428643,1/7,0.33729956069651246,0.7616791919234017,3.8130473255423674,4.1439582119890295,SLC17A8,down in tumor,1
gs_ind_0,GLI Proteins Bind Promoters Of Hh Responsive Genes To Promote Transcription R-HSA-5635851,1/7,0.33729956069651246,0.7616791919234017,3.8130473255423674,4.1439582119890295,HHIP,down in tumor,1
gs_ind_0,Defective B4GALT1 Causes B4GALT1-CDG (CDG-2d) R-HSA-3656244,1/7,0.33729956069651246,0.7616791919234017,3.8130473255423674,4.1439582119890295,PRELP,down in tumor,1
gs_ind_0,Sema4D Induced Cell Migration And Growth-Cone Collapse R-HSA-416572,2/20,0.31758863962539363,0.7616791919234017,2.2333508578050063,2.5616496811813527,RND1;RHOB,down in tumor,2
gs_ind_0,Signaling By PDGF R-HSA-186797,4/50,0.31893980144865597,0.7616791919234017,1.599756300904252,1.8281261588667472,THBS1;PDGFRA;COL6A6;PLG,down in tumor,4
gs_ind_0,Cellular Hexose Transport R-HSA-189200,2/20,0.31758863962539363,0.7616791919234017,2.2333508578050063,2.5616496811813527,SLC2A2;SLC5A1,down in tumor,2
gs_ind_0,Sodium/Proton Exchangers R-HSA-425986,1/7,0.33729956069651246,0.7616791919234017,3.8130473255423674,4.1439582119890295,SLC9A9,down in tumor,1
gs_ind_0,ChREBP Activates Metabolic Gene Expression R-HSA-163765,1/7,0.33729956069651246,0.7616791919234017,3.8130473255423674,4.1439582119890295,ACACB,down in tumor,1
gs_ind_0,Defective ST3GAL3 Causes MCT12 And EIEE15 R-HSA-3656243,1/7,0.33729956069651246,0.7616791919234017,3.8130473255423674,4.1439582119890295,PRELP,down in tumor,1
gs_ind_0,WNT Ligand Biogenesis And Trafficking R-HSA-3238698,2/21,0.33892901841567635,0.7616791919234017,2.118718254089433,2.2923781032341206,WNT11;WNT2,down in tumor,2
gs_ind_0,Glucose Metabolism R-HSA-70326,6/82,0.32626871001558516,0.7616791919234017,1.404786260714295,1.5734083372009664,PCK2;GOT2;PCK1;ALDOB;ENO3;FBP1,down in tumor,6
gs_ind_0,Gap Junction Trafficking R-HSA-190828,2/20,0.31758863962539363,0.7616791919234017,2.2333508578050063,2.5616496811813527,GJB3;GJB2,down in tumor,2
gs_ind_0,RHO GTPases Activate Rhotekin And Rhophilins R-HSA-5666185,1/7,0.33729956069651246,0.7616791919234017,3.8130473255423674,4.1439582119890295,RHOB,down in tumor,1
gs_ind_0,Defects In Vitamin And Cofactor Metabolism R-HSA-3296482,2/20,0.31758863962539363,0.7616791919234017,2.2333508578050063,2.5616496811813527,MMUT;AMN,down in tumor,2
gs_ind_0,RSK Activation R-HSA-444257,1/7,0.33729956069651246,0.7616791919234017,3.8130473255423674,4.1439582119890295,RPS6KA6,down in tumor,1
gs_ind_0,Glycerophospholipid Catabolism R-HSA-6814848,1/7,0.33729956069651246,0.7616791919234017,3.8130473255423674,4.1439582119890295,PNPLA7,down in tumor,1
gs_ind_0,RAF/MAP Kinase Cascade R-HSA-5673001,16/244,0.31953875285526934,0.7616791919234017,1.1946403112474053,1.3629373202676616,TEK;DUSP5;FGA;PDGFRA;MAP2K1;DUSP10;FGG;DUSP6;SPTBN2;IL2RB;FGB;CAMK2B;RET;NRG1;FLT3;RASGRP4,down in tumor,16
gs_ind_0,RUNX1 Regulates Transcription Of Genes Involved In Differentiation Of Keratinocytes R-HSA-8939242,1/7,0.33729956069651246,0.7616791919234017,3.8130473255423674,4.1439582119890295,SOCS3,down in tumor,1
gs_ind_0,TYSND1 Cleaves Peroxisomal Proteins R-HSA-9033500,1/7,0.33729956069651246,0.7616791919234017,3.8130473255423674,4.1439582119890295,ACAA1,down in tumor,1
gs_ind_0,Fatty Acids Bound To GPR40 (FFAR1) Regulate Insulin Secretion R-HSA-434316,1/7,0.33729956069651246,0.7616791919234017,3.8130473255423674,4.1439582119890295,GNA14,down in tumor,1
gs_ind_0,FLT3 Signaling R-HSA-9607240,3/36,0.33848359551396173,0.7616791919234017,1.7268069663600947,1.8706148463031456,FLT3;SOCS2;SOCS6,down in tumor,3
gs_ind_0,Citric Acid Cycle (TCA Cycle) R-HSA-71403,2/21,0.33892901841567635,0.7616791919234017,2.118718254089433,2.2923781032341206,LDHD;LDLR,down in tumor,2
gs_ind_0,Inflammasomes R-HSA-622312,2/21,0.33892901841567635,0.7616791919234017,2.118718254089433,2.2923781032341206,HMOX1;MEFV,down in tumor,2
gs_ind_0,Activated NTRK3 Signals Thru RAS R-HSA-9034864,1/7,0.33729956069651246,0.7616791919234017,3.8130473255423674,4.1439582119890295,NTF3,down in tumor,1
gs_ind_0,Modulation By Mtb Of Host Immune System R-HSA-9637628,1/7,0.33729956069651246,0.7616791919234017,3.8130473255423674,4.1439582119890295,MRC1,down in tumor,1
gs_ind_0,Signal Transduction By L1 R-HSA-445144,2/20,0.31758863962539363,0.7616791919234017,2.2333508578050063,2.5616496811813527,ITGA9;MAP2K1,down in tumor,2
gs_ind_0,LTC4-CYSLTR Mediated IL4 Production R-HSA-9664535,1/7,0.33729956069651246,0.7616791919234017,3.8130473255423674,4.1439582119890295,GGT5,down in tumor,1
gs_ind_0,Loss Of MECP2 Binding Ability To NCoR/SMRT Complex R-HSA-9022537,1/7,0.33729956069651246,0.7616791919234017,3.8130473255423674,4.1439582119890295,NCOR1,down in tumor,1
gs_ind_0,Negative Regulation Of PI3K/AKT Network R-HSA-199418,7/99,0.3358772306571949,0.7616791919234017,1.3405685478224338,1.4625731159034148,IL33;PDGFRA;ESR1;IL1RL1;NRG1;FLT3;IL1RAP,down in tumor,7
gs_ind_0,Interleukin-17 Signaling R-HSA-448424,5/66,0.3242354082551491,0.7616791919234017,1.4784745340489616,1.665184368202174,MAP2K3;JUN;MAP2K1;FOS;DUSP6,down in tumor,5
gs_ind_0,Thromboxane Signaling Thru TP Receptor R-HSA-428930,2/20,0.31758863962539363,0.7616791919234017,2.2333508578050063,2.5616496811813527,TBXA2R;GNA14,down in tumor,2
gs_ind_0,DDX58/IFIH1-mediated Induction Of Interferon-Alpha/Beta R-HSA-168928,5/66,0.3242354082551491,0.7616791919234017,1.4784745340489616,1.665184368202174,TKFC;HERC5;RNF125;S100A12;SAA2,down in tumor,5
gs_ind_0,DAG And IP3 Signaling R-HSA-1489509,3/36,0.33848359551396173,0.7616791919234017,1.7268069663600947,1.8706148463031456,PRKAR2B;CAMK4;CAMK2B,down in tumor,3
gs_ind_0,Signaling By Hippo R-HSA-2028269,2/20,0.31758863962539363,0.7616791919234017,2.2333508578050063,2.5616496811813527,AMOTL2;TJP2,down in tumor,2
gs_ind_0,Negative Regulation Of NMDA Receptor-Mediated Neuronal Transmission R-HSA-9617324,2/20,0.31758863962539363,0.7616791919234017,2.2333508578050063,2.5616496811813527,CAMK4;CAMK2B,down in tumor,2
gs_ind_0,Activation Of NMDA Receptors And Postsynaptic Events R-HSA-442755,5/68,0.347134514021829,0.7784454230747024,1.4317705412171668,1.5148746923227479,PRKAR2B;CAMK4;RPS6KA6;CAMK2B;NRG1,down in tumor,5
gs_ind_0,Signaling By ERBB4 R-HSA-1236394,4/53,0.358448928856861,0.7954777340142316,1.5025844930417496,1.541605240393473,CXCL12;NRG1;ESR1;NCOR1,down in tumor,4
gs_ind_0,Gap Junction Trafficking And Regulation R-HSA-157858,2/22,0.3600583427643364,0.7954777340142316,2.015269319029038,2.058575839297334,GJB3;GJB2,down in tumor,2
gs_ind_0,RHO GTPases Activate NADPH Oxidases R-HSA-5668599,2/22,0.3600583427643364,0.7954777340142316,2.015269319029038,2.058575839297334,S100A8;PRKCB,down in tumor,2
gs_ind_0,Miscellaneous Transport And Binding Events R-HSA-5223345,2/22,0.3600583427643364,0.7954777340142316,2.015269319029038,2.058575839297334,NIPAL1;AZGP1,down in tumor,2
gs_ind_0,TRP Channels R-HSA-3295583,2/22,0.3600583427643364,0.7954777340142316,2.015269319029038,2.058575839297334,TRPV4;TRPM8,down in tumor,2
gs_ind_0,Transcriptional Regulation Of Pluripotent Stem Cells R-HSA-452723,2/22,0.3600583427643364,0.7954777340142316,2.015269319029038,2.058575839297334,DPPA4;KLF4,down in tumor,2
gs_ind_0,Interferon Gamma Signaling R-HSA-877300,6/85,0.35706990167775976,0.7954777340142316,1.3515800916220204,1.3918892288447604,SOCS3;MT2A;IRF8;CAMK2B;GBP1;GBP7,down in tumor,6
gs_ind_0,Nef Mediated CD4 Down-regulation R-HSA-167590,1/8,0.375134724094063,0.7967800542241785,3.3044823482744943,3.239945984078288,CD4,down in tumor,1
gs_ind_0,Linoleic Acid (LA) Metabolism R-HSA-2046105,1/8,0.375134724094063,0.7967800542241785,3.3044823482744943,3.239945984078288,ACSL1,down in tumor,1
gs_ind_0,Peptide Hormone Biosynthesis R-HSA-209952,1/8,0.375134724094063,0.7967800542241785,3.3044823482744943,3.239945984078288,INHBC,down in tumor,1
gs_ind_0,Phase 3 - Rapid Repolarisation R-HSA-5576890,1/8,0.375134724094063,0.7967800542241785,3.3044823482744943,3.239945984078288,KCNE1,down in tumor,1
gs_ind_0,"Tetrahydrobiopterin (BH4) Synthesis, Recycling, Salvage And Regulation R-HSA-1474151",1/8,0.375134724094063,0.7967800542241785,3.3044823482744943,3.239945984078288,GCH1,down in tumor,1
gs_ind_0,Interleukin-1 Processing R-HSA-448706,1/8,0.375134724094063,0.7967800542241785,3.3044823482744943,3.239945984078288,IL1B,down in tumor,1
gs_ind_0,Synthesis Of UDP-N-acetyl-glucosamine R-HSA-446210,1/8,0.375134724094063,0.7967800542241785,3.3044823482744943,3.239945984078288,GNPNAT1,down in tumor,1
gs_ind_0,Ca2+ Activated K+ Channels R-HSA-1296052,1/8,0.375134724094063,0.7967800542241785,3.3044823482744943,3.239945984078288,KCNN2,down in tumor,1
gs_ind_0,TRIF-mediated Programmed Cell Death R-HSA-2562578,1/8,0.375134724094063,0.7967800542241785,3.3044823482744943,3.239945984078288,TLR4,down in tumor,1
gs_ind_0,Organic Cation Transport R-HSA-549127,1/8,0.375134724094063,0.7967800542241785,3.3044823482744943,3.239945984078288,SLC22A1,down in tumor,1
gs_ind_0,Binding Of TCF/LEF:CTNNB1 To Target Gene Promoters R-HSA-4411364,1/8,0.375134724094063,0.7967800542241785,3.3044823482744943,3.239945984078288,MYC,down in tumor,1
gs_ind_0,SHC-related Events Triggered By IGF1R R-HSA-2428933,1/8,0.375134724094063,0.7967800542241785,3.3044823482744943,3.239945984078288,IGF1,down in tumor,1
gs_ind_0,Transcriptional Regulation Of Testis Differentiation R-HSA-9690406,1/8,0.375134724094063,0.7967800542241785,3.3044823482744943,3.239945984078288,ZFPM2,down in tumor,1
gs_ind_0,Estrogen-dependent Gene Expression R-HSA-9018519,7/103,0.3735175758720609,0.7967800542241785,1.2847531270844648,1.2652123124771752,JUN;MYC;FOS;GATA3;ESR1;FOSB;CXCL12,down in tumor,7
gs_ind_0,Coenzyme A Biosynthesis R-HSA-196783,1/8,0.375134724094063,0.7967800542241785,3.3044823482744943,3.239945984078288,PANK1,down in tumor,1
gs_ind_0,RUNX3 Regulates WNT Signaling R-HSA-8951430,1/8,0.375134724094063,0.7967800542241785,3.3044823482744943,3.239945984078288,MYC,down in tumor,1
gs_ind_0,Sema4D Mediated Inhibition Of Cell Attachment And Migration R-HSA-416550,1/8,0.375134724094063,0.7967800542241785,3.3044823482744943,3.239945984078288,RND1,down in tumor,1
gs_ind_0,Defensins R-HSA-1461973,1/8,0.375134724094063,0.7967800542241785,3.3044823482744943,3.239945984078288,CD4,down in tumor,1
gs_ind_0,Regulation Of Signaling By NODAL R-HSA-1433617,1/8,0.375134724094063,0.7967800542241785,3.3044823482744943,3.239945984078288,ACVR1C,down in tumor,1
gs_ind_0,Platelet Calcium Homeostasis R-HSA-418360,2/23,0.38093120432716693,0.8074505243851713,1.9214435407184467,1.8544552673781003,SLC8A1;P2RX3,down in tumor,2
gs_ind_0,Platelet Homeostasis R-HSA-418346,5/73,0.40458878705957313,0.8291066919972052,1.326942236138503,1.2007288890051655,PTGIR;P2RX3;SLC8A1;PDE2A;PDE11A,down in tumor,5
gs_ind_0,RUNX1 And FOXP3 Control Development Of Regulatory T Lymphocytes (Tregs) R-HSA-8877330,1/9,0.4108114022122096,0.8291066919972052,2.915579718599062,2.5937610766167882,CR1,down in tumor,1
gs_ind_0,TRAF6 Mediated NF-kB Activation R-HSA-933542,2/24,0.4015080572964059,0.8291066919972052,1.8359578315910194,1.6753623366199615,S100A12;SAA2,down in tumor,2
gs_ind_0,MAPK1 (ERK2) Activation R-HSA-112411,1/9,0.4108114022122096,0.8291066919972052,2.915579718599062,2.5937610766167882,IL6,down in tumor,1
gs_ind_0,"Inactivation, Recovery And Regulation Of Phototransduction Cascade R-HSA-2514859",2/24,0.4015080572964059,0.8291066919972052,1.8359578315910194,1.6753623366199615,PDE6G;CNGA1,down in tumor,2
gs_ind_0,Ca2+ Pathway R-HSA-4086398,4/56,0.39790803123553176,0.8291066919972052,1.4165180346492474,1.3053700655582483,PDE6G;GNAO1;MYC;WNT11,down in tumor,4
gs_ind_0,Beta-oxidation Of pristanoyl-CoA R-HSA-389887,1/9,0.4108114022122096,0.8291066919972052,2.915579718599062,2.5937610766167882,ACOX2,down in tumor,1
gs_ind_0,G Alpha (12/13) Signaling Events R-HSA-416482,5/72,0.39311453116353234,0.8291066919972052,1.3466654876125628,1.2573199984903345,ADRA1B;TBXA2R;RHOB;ARHGEF26;ADRA1A,down in tumor,5
gs_ind_0,"POU5F1 (OCT4), SOX2, NANOG Activate Genes Related To Proliferation R-HSA-2892247",1/9,0.4108114022122096,0.8291066919972052,2.915579718599062,2.5937610766167882,DPPA4,down in tumor,1
gs_ind_0,Lipophagy R-HSA-9613354,1/9,0.4108114022122096,0.8291066919972052,2.915579718599062,2.5937610766167882,PLIN2,down in tumor,1
gs_ind_0,PI3K Events In ERBB4 Signaling R-HSA-1250342,1/9,0.4108114022122096,0.8291066919972052,2.915579718599062,2.5937610766167882,NRG1,down in tumor,1
gs_ind_0,Activation Of TFAP2 (AP-2) Family Of Transcription Factors R-HSA-8866907,1/9,0.4108114022122096,0.8291066919972052,2.915579718599062,2.5937610766167882,CITED2,down in tumor,1
gs_ind_0,Reactions Specific To Complex N-glycan Synthesis Pathway R-HSA-975578,1/9,0.4108114022122096,0.8291066919972052,2.915579718599062,2.5937610766167882,MOGAT2,down in tumor,1
gs_ind_0,Sodium/Calcium Exchangers R-HSA-425561,1/9,0.4108114022122096,0.8291066919972052,2.915579718599062,2.5937610766167882,SLC8A1,down in tumor,1
gs_ind_0,Sema4D In Semaphorin Signaling R-HSA-400685,2/24,0.4015080572964059,0.8291066919972052,1.8359578315910194,1.6753623366199615,RND1;RHOB,down in tumor,2
gs_ind_0,N-glycan Antennae Elongation In medial/trans-Golgi R-HSA-975576,2/24,0.4015080572964059,0.8291066919972052,1.8359578315910194,1.6753623366199615,MOGAT2;ST8SIA6,down in tumor,2
gs_ind_0,Cytoprotection By HMOX1 R-HSA-9707564,4/57,0.41098303010005005,0.8291066919972052,1.3899741736496907,1.235969698061996,HBA1;NCOR1;HMOX1;ALB,down in tumor,4
gs_ind_0,Signaling By Type 1 Insulin-like Growth Factor 1 Receptor (IGF1R) R-HSA-2404192,3/40,0.40167024909362,0.8291066919972052,1.5423175738312807,1.406784570660776,CILP;FLT3;IGF1,down in tumor,3
gs_ind_0,Apoptotic Cleavage Of Cell Adhesion Proteins R-HSA-351906,1/9,0.4108114022122096,0.8291066919972052,2.915579718599062,2.5937610766167882,TJP2,down in tumor,1
gs_ind_0,Transport Of Nucleotide Sugars R-HSA-727802,1/9,0.4108114022122096,0.8291066919972052,2.915579718599062,2.5937610766167882,SLC35D1,down in tumor,1
gs_ind_0,Tandem Pore Domain Potassium Channels R-HSA-1296346,1/9,0.4108114022122096,0.8291066919972052,2.915579718599062,2.5937610766167882,KCNK17,down in tumor,1
gs_ind_0,Activation Of G Protein Gated Potassium Channels R-HSA-1296041,2/24,0.4015080572964059,0.8291066919972052,1.8359578315910194,1.6753623366199615,KCNJ15;KCNJ10,down in tumor,2
gs_ind_0,NR1H2 And NR1H3 Regulate Gene Expression Linked To Lipogenesis R-HSA-9029558,1/9,0.4108114022122096,0.8291066919972052,2.915579718599062,2.5937610766167882,ANGPTL3,down in tumor,1
gs_ind_0,Disease R-HSA-1643685,92/1570,0.41008998564183075,0.8291066919972052,1.0354391280001238,0.9229683488378717,CP;SLC17A8;TMPRSS2;SLCO1B3;MEFV;S100A8;MOGAT2;HMOX1;FGA;LRAT;ALDOB;ADRB1;KLKB1;AVPR1A;ADAMTSL2;IL10;UGT1A1;GGT5;IL6;FMO3;MMUT;MAP2K1;IL1B;SLC1A1;NLRP12;JUN;SLC35D1;BGN;TKFC;PTGIR;PRKAR2B;PTGER2;F8;C1QTNF1;SLCO1B1;VIPR1;THBS1;NRG1;RXFP1;GPR15;CFP;CD4;MAP2K3;SEC24B;CAMK2B;ERLIN1;SERPING1;GYS2;FLT3;FOXO1;PGM1;GPR83;FXYD1;ESR1;TLR3;MAT1A;ADAMTS13;ADAMTS1;TTR;GLP2R;SDC4;SLC5A1;MASP1;CD163;NR4A1;PTGDR;DUSP10;PTH1R;RDH5;PDGFRA;MYC;FGG;GNE;NCOR1;ABCC9;TLR4;ANTXR2;USH2A;MRC1;AMN;MBL2;DUSP6;SLC4A4;DCN;BLNK;CAMK4;SLC9A9;F9;SLC2A2;PRELP;FGB;APOA1,down in tumor,92
gs_ind_0,NR1H2 And NR1H3 Regulate Gene Expression To Control Bile Acid Homeostasis R-HSA-9623433,1/9,0.4108114022122096,0.8291066919972052,2.915579718599062,2.5937610766167882,NCOR1,down in tumor,1
gs_ind_0,O-linked Glycosylation R-HSA-5173105,6/91,0.41900886005595084,0.8436690920201707,1.2563690521937394,1.0928692211652453,ADAMTSL2;ADAMTS1;ADAMTS13;CFP;THBS1;CHST4,down in tumor,6
gs_ind_0,Basigin Interactions R-HSA-210991,2/25,0.4217546980076364,0.8459379259462187,1.7577475019637985,1.5175186438827413,MAG;SLC7A8,down in tumor,2
gs_ind_0,Phototransduction Cascade R-HSA-2514856,2/25,0.4217546980076364,0.8459379259462187,1.7577475019637985,1.5175186438827413,PDE6G;CNGA1,down in tumor,2
gs_ind_0,Reduction Of Cytosolic Ca++ Levels R-HSA-418359,1/10,0.4444526438608581,0.8490914311418587,2.6085513267500366,2.1153049675099385,SLC8A1,down in tumor,1
gs_ind_0,"Synthesis, Secretion, And Inactivation Of Glucose-dependent Insulinotropic Polypeptide (GIP) R-HSA-400511",1/10,0.4444526438608581,0.8490914311418587,2.6085513267500366,2.1153049675099385,C1QTNF1,down in tumor,1
gs_ind_0,Free Fatty Acids Regulate Insulin Secretion R-HSA-400451,1/10,0.4444526438608581,0.8490914311418587,2.6085513267500366,2.1153049675099385,GNA14,down in tumor,1
gs_ind_0,Synthesis Of Pyrophosphates In Cytosol R-HSA-1855167,1/10,0.4444526438608581,0.8490914311418587,2.6085513267500366,2.1153049675099385,NUDT10,down in tumor,1
gs_ind_0,Interleukin-1 Signaling R-HSA-9020702,7/110,0.4396551827590846,0.8490914311418587,1.1974572697708539,0.9840279162978793,IL1RN;MAP2K1;PELI2;S100A12;IL1B;IL1RAP;SAA2,down in tumor,7
gs_ind_0,PI3K/AKT Signaling In Cancer R-HSA-2219528,6/92,0.4292919985396444,0.8490914311418587,1.2417847022235113,1.0500754246915234,NR4A1;PDGFRA;ESR1;NRG1;FLT3;FOXO1,down in tumor,6
gs_ind_0,Butyrophilin (BTN) Family Interactions R-HSA-8851680,1/10,0.4444526438608581,0.8490914311418587,2.6085513267500366,2.1153049675099385,XDH,down in tumor,1
gs_ind_0,IRAK1 Recruits IKK Complex R-HSA-937039,1/10,0.4444526438608581,0.8490914311418587,2.6085513267500366,2.1153049675099385,PELI2,down in tumor,1
gs_ind_0,Killing Mechanisms R-HSA-9664420,1/10,0.4444526438608581,0.8490914311418587,2.6085513267500366,2.1153049675099385,JUN,down in tumor,1
gs_ind_0,Ion Channel Transport R-HSA-983712,9/143,0.43068221682877655,0.8490914311418587,1.1673025695820256,0.9833179145027212,TRPV4;SGK1;SLC9B2;ATP13A4;FXYD1;CAMK2B;ANO1;ATP11C;TRPM8,down in tumor,9
gs_ind_0,CREB1 Phosphorylation Thru NMDA Receptor-Mediated Activation Of RAS Signaling R-HSA-442742,2/26,0.44164178477719596,0.8490914311418587,1.6859216890408406,1.3778298977349555,RPS6KA6;CAMK2B,down in tumor,2
gs_ind_0,Adaptive Immune System R-HSA-1280218,41/692,0.42480551081343615,0.8490914311418587,1.0533455238171894,0.9017942109197725,SOCS3;SPSB4;PDCD1LG2;CD300E;SIGLEC7;CD300A;TLR4;KLRF1;SPTBN2;FCGR2B;S100A8;PRKCB;LILRA5;FGA;MRC1;LILRB5;CD160;LILRA2;CD81;SIGLEC8;FBXO15;CD200R1;SIGLEC11;CD1D;NCR1;CLEC1B;BLNK;BLK;SH2D1B;CD4;LILRB1;SEC24B;KLRD1;FGG;HERC5;SIGLEC9;CD226;LILRA1;FGB;XDH;SIGLEC1,down in tumor,41
gs_ind_0,Activation Of Matrix Metalloproteinases R-HSA-1592389,2/26,0.44164178477719596,0.8490914311418587,1.6859216890408406,1.3778298977349555,KLKB1;PLG,down in tumor,2
gs_ind_0,Keratan Sulfate Biosynthesis R-HSA-2022854,2/26,0.44164178477719596,0.8490914311418587,1.6859216890408406,1.3778298977349555,ST3GAL6;PRELP,down in tumor,2
gs_ind_0,Biosynthesis Of N-glycan Precursor (Dolichol LLO) And Transfer To Protein R-HSA-446193,5/75,0.4274467450222352,0.8490914311418587,1.2891743077839208,1.0957022101936813,ST3GAL6;ST8SIA6;GNPNAT1;GNE;ST6GAL2,down in tumor,5
gs_ind_0,Activation Of PPARGC1A (PGC-1alpha) By Phosphorylation R-HSA-2151209,1/10,0.4444526438608581,0.8490914311418587,2.6085513267500366,2.1153049675099385,PPARGC1A,down in tumor,1
gs_ind_0,STAT5 Activation Downstream Of FLT3 ITD Mutants R-HSA-9702518,1/10,0.4444526438608581,0.8490914311418587,2.6085513267500366,2.1153049675099385,FLT3,down in tumor,1
gs_ind_0,Aquaporin-mediated Transport R-HSA-445717,3/42,0.43265374306447885,0.8490914311418587,1.4640847301639988,1.226635867684694,AQP3;AQP7;PRKAR2B,down in tumor,3
gs_ind_0,Reversible Hydration Of Carbon Dioxide R-HSA-1475029,1/10,0.4444526438608581,0.8490914311418587,2.6085513267500366,2.1153049675099385,CA2,down in tumor,1
gs_ind_0,Regulation Of Gene Expression By Hypoxia-inducible Factor R-HSA-1234158,1/10,0.4444526438608581,0.8490914311418587,2.6085513267500366,2.1153049675099385,CITED2,down in tumor,1
gs_ind_0,Regulation Of FOXO Transcriptional Activity By Acetylation R-HSA-9617629,1/10,0.4444526438608581,0.8490914311418587,2.6085513267500366,2.1153049675099385,FOXO1,down in tumor,1
gs_ind_0,Acetylcholine Regulates Insulin Secretion R-HSA-399997,1/10,0.4444526438608581,0.8490914311418587,2.6085513267500366,2.1153049675099385,GNA14,down in tumor,1
gs_ind_0,Signaling By PDGFRA Extracellular Domain Mutants R-HSA-9673770,1/10,0.4444526438608581,0.8490914311418587,2.6085513267500366,2.1153049675099385,PDGFRA,down in tumor,1
gs_ind_0,Signaling By Leptin R-HSA-2586552,1/10,0.4444526438608581,0.8490914311418587,2.6085513267500366,2.1153049675099385,SOCS3,down in tumor,1
gs_ind_0,Digestion R-HSA-8935690,1/10,0.4444526438608581,0.8490914311418587,2.6085513267500366,2.1153049675099385,TREH,down in tumor,1
gs_ind_0,Constitutive Signaling By AKT1 E17K In Cancer R-HSA-5674400,2/26,0.44164178477719596,0.8490914311418587,1.6859216890408406,1.3778298977349555,FOXO1;NR4A1,down in tumor,2
gs_ind_0,Neurotransmitter Receptors And Postsynaptic Signal Transmission R-HSA-112314,9/145,0.4470938672932005,0.8525786337981651,1.1500881021839107,0.9258056404275314,PRKCB;PRKAR2B;KCNJ15;CAMK4;KCNJ10;TSPAN7;RPS6KA6;CAMK2B;NRG1,down in tumor,9
gs_ind_0,Striated Muscle Contraction R-HSA-390522,2/27,0.4611443950785951,0.8745841975628529,1.6197292732098794,1.2537418285679893,TTR;DMD,down in tumor,2
gs_ind_0,Molecules Associated With Elastic Fibres R-HSA-2129379,2/27,0.4611443950785951,0.8745841975628529,1.6197292732098794,1.2537418285679893,BMP10;MFAP4,down in tumor,2
gs_ind_0,Adherens Junctions Interactions R-HSA-418990,2/27,0.4611443950785951,0.8745841975628529,1.6197292732098794,1.2537418285679893,ANG;CDH19,down in tumor,2
gs_ind_0,Vitamin D (Calciferol) Metabolism R-HSA-196791,1/11,0.4761744884583703,0.8838407467832984,2.3600045333484445,1.7510547337045217,GC,down in tumor,1
gs_ind_0,Factors Involved In Megakaryocyte Development And Platelet Production R-HSA-983231,7/113,0.4677305297007507,0.8838407467832984,1.1635576712567153,0.884144353096175,EHD3;PRKAR2B;WEE1;ZFPM2;GATA3;MAFF;KIF19,down in tumor,7
gs_ind_0,CREB1 Phosphorylation Thru Activation Of Adenylate Cyclase R-HSA-442720,1/11,0.4761744884583703,0.8838407467832984,2.3600045333484445,1.7510547337045217,PRKAR2B,down in tumor,1
gs_ind_0,Interleukin-2 Signaling R-HSA-9020558,1/11,0.4761744884583703,0.8838407467832984,2.3600045333484445,1.7510547337045217,IL2RB,down in tumor,1
gs_ind_0,Keratan Sulfate Degradation R-HSA-2022857,1/11,0.4761744884583703,0.8838407467832984,2.3600045333484445,1.7510547337045217,PRELP,down in tumor,1
gs_ind_0,Pyrimidine Salvage R-HSA-73614,1/11,0.4761744884583703,0.8838407467832984,2.3600045333484445,1.7510547337045217,CDA,down in tumor,1
gs_ind_0,Biotin Transport And Metabolism R-HSA-196780,1/11,0.4761744884583703,0.8838407467832984,2.3600045333484445,1.7510547337045217,ACACB,down in tumor,1
gs_ind_0,DSCAM Interactions R-HSA-376172,1/11,0.4761744884583703,0.8838407467832984,2.3600045333484445,1.7510547337045217,DSCAM,down in tumor,1
gs_ind_0,Regulated Proteolysis Of p75NTR R-HSA-193692,1/11,0.4761744884583703,0.8838407467832984,2.3600045333484445,1.7510547337045217,NGFR,down in tumor,1
gs_ind_0,"TICAM1,TRAF6-dependent Induction Of TAK1 Complex R-HSA-9014325",1/11,0.4761744884583703,0.8838407467832984,2.3600045333484445,1.7510547337045217,TLR3,down in tumor,1
gs_ind_0,Prolactin Receptor Signaling R-HSA-1170546,1/11,0.4761744884583703,0.8838407467832984,2.3600045333484445,1.7510547337045217,GHR,down in tumor,1
gs_ind_0,TFAP2 (AP-2) Family Regulates Transcription Of Growth Factors And Their Receptors R-HSA-8866910,1/11,0.4761744884583703,0.8838407467832984,2.3600045333484445,1.7510547337045217,ESR1,down in tumor,1
gs_ind_0,EPH-ephrin Mediated Repulsion Of Cells R-HSA-3928665,3/45,0.47794709945965624,0.8855580122967036,1.360541260604361,1.0044266920224798,EPHB1;EFNB3;EPHA2,down in tumor,3
gs_ind_0,Signaling By TGFB Family Members R-HSA-9006936,7/115,0.4862606428957805,0.8993670297806914,1.141999401233899,0.8233935553841212,BMP10;MYC;SERPINE1;NCOR1;AMHR2;ACVR1C;GDF2,down in tumor,7
gs_ind_0,Trafficking And Processing Of Endosomal TLR R-HSA-1679131,1/12,0.5060863650174424,0.9024918966607974,2.154683269234086,1.4674426070496036,TLR3,down in tumor,1
gs_ind_0,Voltage Gated Potassium Channels R-HSA-1296072,2/29,0.49891617503082636,0.9024918966607974,1.5017864231838032,1.044217905614257,KCND3;KCNA3,down in tumor,2
gs_ind_0,LGI-ADAM Interactions R-HSA-5682910,1/12,0.5060863650174424,0.9024918966607974,2.154683269234086,1.4674426070496036,LGI1,down in tumor,1
gs_ind_0,Transport Of Nucleosides And Free Purine And Pyrimidine Bases Across Plasma Membrane R-HSA-83936,1/12,0.5060863650174424,0.9024918966607974,2.154683269234086,1.4674426070496036,SLC28A1,down in tumor,1
gs_ind_0,Frs2-mediated Activation R-HSA-170968,1/12,0.5060863650174424,0.9024918966607974,2.154683269234086,1.4674426070496036,MAP2K1,down in tumor,1
gs_ind_0,Nucleotide Biosynthesis R-HSA-8956320,1/12,0.5060863650174424,0.9024918966607974,2.154683269234086,1.4674426070496036,DHODH,down in tumor,1
gs_ind_0,Glutathione Synthesis And Recycling R-HSA-174403,1/12,0.5060863650174424,0.9024918966607974,2.154683269234086,1.4674426070496036,GGT5,down in tumor,1
gs_ind_0,TICAM1-dependent Activation Of IRF3/IRF7 R-HSA-9013973,1/12,0.5060863650174424,0.9024918966607974,2.154683269234086,1.4674426070496036,TLR3,down in tumor,1
gs_ind_0,TP53 Regulates Transcription Of Death Receptors And Ligands R-HSA-6803211,1/12,0.5060863650174424,0.9024918966607974,2.154683269234086,1.4674426070496036,IGFBP3,down in tumor,1
gs_ind_0,Pentose Phosphate Pathway R-HSA-71336,1/12,0.5060863650174424,0.9024918966607974,2.154683269234086,1.4674426070496036,PHGDH,down in tumor,1
gs_ind_0,Organic Cation/Anion/Zwitterion Transport R-HSA-549132,1/12,0.5060863650174424,0.9024918966607974,2.154683269234086,1.4674426070496036,SLC22A1,down in tumor,1
gs_ind_0,Phase 2 - Plateau Phase R-HSA-5576893,1/12,0.5060863650174424,0.9024918966607974,2.154683269234086,1.4674426070496036,KCNE1,down in tumor,1
gs_ind_0,Degradation Of Cysteine And Homocysteine R-HSA-1614558,1/12,0.5060863650174424,0.9024918966607974,2.154683269234086,1.4674426070496036,GOT2,down in tumor,1
gs_ind_0,ERBB2 Activates PTK6 Signaling R-HSA-8847993,1/12,0.5060863650174424,0.9024918966607974,2.154683269234086,1.4674426070496036,NRG1,down in tumor,1
gs_ind_0,FCERI Mediated MAPK Activation R-HSA-2871796,2/29,0.49891617503082636,0.9024918966607974,1.5017864231838032,1.044217905614257,JUN;FOS,down in tumor,2
gs_ind_0,Regulation Of IFNA/IFNB Signaling R-HSA-912694,1/12,0.5060863650174424,0.9024918966607974,2.154683269234086,1.4674426070496036,SOCS3,down in tumor,1
gs_ind_0,Expression And Translocation Of Olfactory Receptors R-HSA-9752946,1/12,0.5060863650174424,0.9024918966607974,2.154683269234086,1.4674426070496036,LHX2,down in tumor,1
gs_ind_0,Metabolism Of Steroid Hormones R-HSA-196071,2/29,0.49891617503082636,0.9024918966607974,1.5017864231838032,1.044217905614257,SRD5A2;SRD5A1,down in tumor,2
gs_ind_0,Regulation Of Localization Of FOXO Transcription Factors R-HSA-9614399,1/12,0.5060863650174424,0.9024918966607974,2.154683269234086,1.4674426070496036,FOXO1,down in tumor,1
gs_ind_0,SHC1 Events In ERBB4 Signaling R-HSA-1250347,1/12,0.5060863650174424,0.9024918966607974,2.154683269234086,1.4674426070496036,NRG1,down in tumor,1
gs_ind_0,Mitochondrial Iron-Sulfur Cluster Biogenesis R-HSA-1362409,1/12,0.5060863650174424,0.9024918966607974,2.154683269234086,1.4674426070496036,FXN,down in tumor,1
gs_ind_0,Constitutive Signaling By Aberrant PI3K In Cancer R-HSA-2219530,4/65,0.5124518149660436,0.9122864508339278,1.208699025360035,0.808074031517718,NRG1;ESR1;PDGFRA;FLT3,down in tumor,4
gs_ind_0,RAF Activation R-HSA-5673000,2/30,0.5171540801763604,0.9144264192627692,1.44902251659319,0.9555063444540327,MAP2K1;CAMK2B,down in tumor,2
gs_ind_0,GPVI-mediated Activation Cascade R-HSA-114604,2/30,0.5171540801763604,0.9144264192627692,1.44902251659319,0.9555063444540327,CLEC1B;RHOB,down in tumor,2
gs_ind_0,Diseases Of Carbohydrate Metabolism R-HSA-5663084,2/30,0.5171540801763604,0.9144264192627692,1.44902251659319,0.9555063444540327,GYS2;ALDOB,down in tumor,2
gs_ind_0,Downregulation Of SMAD2/3:SMAD4 Transcriptional Activity R-HSA-2173795,2/30,0.5171540801763604,0.9144264192627692,1.44902251659319,0.9555063444540327,SERPINE1;NCOR1,down in tumor,2
gs_ind_0,p75NTR Recruits Signaling Complexes R-HSA-209543,1/13,0.5342914684371058,0.9174413137523081,1.9822134073780246,1.2424786546303817,NGFR,down in tumor,1
gs_ind_0,NF-kB Is Activated And Signals Survival R-HSA-209560,1/13,0.5342914684371058,0.9174413137523081,1.9822134073780246,1.2424786546303817,NGFR,down in tumor,1
gs_ind_0,Antigen processing-Cross Presentation R-HSA-1236975,6/102,0.5295489995655678,0.9174413137523081,1.112565850155688,0.7072910194296014,S100A8;FGA;MRC1;TLR4;FGG;FGB,down in tumor,6
gs_ind_0,Netrin-1 Signaling R-HSA-373752,3/48,0.5214761237284705,0.9174413137523081,1.2706518749426974,0.8273110029957799,DSCAM;ABLIM3;NTN4,down in tumor,3
gs_ind_0,Chk1/Chk2(Cds1) Mediated Inactivation Of Cyclin B:Cdk1 Complex R-HSA-75035,1/13,0.5342914684371058,0.9174413137523081,1.9822134073780246,1.2424786546303817,WEE1,down in tumor,1
gs_ind_0,Stimuli-sensing Channels R-HSA-2672351,5/84,0.5272163195240428,0.9174413137523081,1.142734510107191,0.7315150301182866,TRPV4;SGK1;SLC9B2;ANO1;TRPM8,down in tumor,5
gs_ind_0,Keratan Sulfate/Keratin Metabolism R-HSA-1638074,2/31,0.5349443150051104,0.9174413137523081,1.39983582400872,0.875726962959406,ST3GAL6;PRELP,down in tumor,2
gs_ind_0,Keratinization R-HSA-6805567,3/49,0.5355399056353186,0.9174413137523081,1.2432662198128,0.7763947292429991,RCAN1;KAZN;TCHH,down in tumor,3
gs_ind_0,Antigen Activates B Cell Receptor Leading To Second Messenger Generation R-HSA-983695,2/31,0.5349443150051104,0.9174413137523081,1.39983582400872,0.875726962959406,BLNK;BLK,down in tumor,2
gs_ind_0,Acyl Chain Remodelling Of PI R-HSA-1482922,1/13,0.5342914684371058,0.9174413137523081,1.9822134073780246,1.2424786546303817,PLAAT3,down in tumor,1
gs_ind_0,Transcriptional Activity Of SMAD2/SMAD3:SMAD4 Heterotrimer R-HSA-2173793,3/49,0.5355399056353186,0.9174413137523081,1.2432662198128,0.7763947292429991,SERPINE1;MYC;NCOR1,down in tumor,3
gs_ind_0,Class C/3 (Metabotropic Glutamate/Pheromone Receptors) R-HSA-420499,1/13,0.5342914684371058,0.9174413137523081,1.9822134073780246,1.2424786546303817,GRM8,down in tumor,1
gs_ind_0,"Defective EXT1 Causes Exostoses 1, TRPS2 And CHDS R-HSA-3656253",1/13,0.5342914684371058,0.9174413137523081,1.9822134073780246,1.2424786546303817,SDC4,down in tumor,1
gs_ind_0,Downregulation Of ERBB2:ERBB3 Signaling R-HSA-1358803,1/13,0.5342914684371058,0.9174413137523081,1.9822134073780246,1.2424786546303817,NRG1,down in tumor,1
gs_ind_0,Signal Regulatory Protein Family Interactions R-HSA-391160,1/13,0.5342914684371058,0.9174413137523081,1.9822134073780246,1.2424786546303817,SIRPB1,down in tumor,1
gs_ind_0,ERKs Are Inactivated R-HSA-202670,1/13,0.5342914684371058,0.9174413137523081,1.9822134073780246,1.2424786546303817,DUSP6,down in tumor,1
gs_ind_0,Elevation Of Cytosolic Ca2+ Levels R-HSA-139853,1/13,0.5342914684371058,0.9174413137523081,1.9822134073780246,1.2424786546303817,P2RX3,down in tumor,1
gs_ind_0,Role Of LAT2/NTAL/LAB On Calcium Mobilization R-HSA-2730905,1/13,0.5342914684371058,0.9174413137523081,1.9822134073780246,1.2424786546303817,SLC7A8,down in tumor,1
gs_ind_0,Regulation Of Beta-Cell Development R-HSA-186712,2/31,0.5349443150051104,0.9174413137523081,1.39983582400872,0.875726962959406,SLC2A2;FOXO1,down in tumor,2
gs_ind_0,Phospholipid Metabolism R-HSA-1483257,11/192,0.5389927195860904,0.9218451587028877,1.0464299128833314,0.646749372375274,GPD1;PLAAT3;PHOSPHO1;BCHE;PEMT;LPIN2;GPAT3;MFSD2A;PNPLA7;PIK3C2G;PITPNM3,down in tumor,11
gs_ind_0,Signaling By Non-Receptor Tyrosine Kinases R-HSA-9006927,3/50,0.5493654442004244,0.9274161938896486,1.217033644898898,0.7289926924531854,NRG1;SOCS3;LRRK2,down in tumor,3
gs_ind_0,DCC Mediated Attractive Signaling R-HSA-418885,1/14,0.5608871143906774,0.9274161938896486,1.8352946361673057,1.061232724168802,ABLIM3,down in tumor,1
gs_ind_0,Synthesis Of PA R-HSA-1483166,2/32,0.5522785388288525,0.9274161938896486,1.3538744883150353,0.8037990212792571,GPD1;GPAT3,down in tumor,2
gs_ind_0,PKA Activation In Glucagon Signaling R-HSA-164378,1/14,0.5608871143906774,0.9274161938896486,1.8352946361673057,1.061232724168802,PRKAR2B,down in tumor,1
gs_ind_0,Transport To Golgi And Subsequent Modification R-HSA-948021,9/158,0.5510979567747393,0.9274161938896486,1.0494208906601512,0.6252897828458311,MOGAT2;SEC24B;ST8SIA6;ANK3;MAN1A1;SERPINA1;MAN1C1;F8;SPTBN2,down in tumor,9
gs_ind_0,Translocation Of ZAP-70 To Immunological Synapse R-HSA-202430,1/14,0.5608871143906774,0.9274161938896486,1.8352946361673057,1.061232724168802,CD4,down in tumor,1
gs_ind_0,WNT5A-dependent Internalization Of FZD4 R-HSA-5099900,1/14,0.5608871143906774,0.9274161938896486,1.8352946361673057,1.061232724168802,PRKCB,down in tumor,1
gs_ind_0,N-Glycan Antennae Elongation R-HSA-975577,1/14,0.5608871143906774,0.9274161938896486,1.8352946361673057,1.061232724168802,ST8SIA6,down in tumor,1
gs_ind_0,ERBB2 Regulates Cell Motility R-HSA-6785631,1/14,0.5608871143906774,0.9274161938896486,1.8352946361673057,1.061232724168802,NRG1,down in tumor,1
gs_ind_0,Interleukin-15 Signaling R-HSA-8983432,1/14,0.5608871143906774,0.9274161938896486,1.8352946361673057,1.061232724168802,IL2RB,down in tumor,1
gs_ind_0,IRAK2 Mediated Activation Of TAK1 Complex Upon TLR7/8 Or 9 Stimulation R-HSA-975163,1/14,0.5608871143906774,0.9274161938896486,1.8352946361673057,1.061232724168802,TLR4,down in tumor,1
gs_ind_0,Signaling By Activin R-HSA-1502540,1/14,0.5608871143906774,0.9274161938896486,1.8352946361673057,1.061232724168802,ACVR1C,down in tumor,1
gs_ind_0,GRB2 Events In ERBB2 Signaling R-HSA-1963640,1/14,0.5608871143906774,0.9274161938896486,1.8352946361673057,1.061232724168802,NRG1,down in tumor,1
gs_ind_0,Prolonged ERK Activation Events R-HSA-169893,1/14,0.5608871143906774,0.9274161938896486,1.8352946361673057,1.061232724168802,MAP2K1,down in tumor,1
gs_ind_0,Regulation Of IFNG Signaling R-HSA-877312,1/14,0.5608871143906774,0.9274161938896486,1.8352946361673057,1.061232724168802,SOCS3,down in tumor,1
gs_ind_0,Repression Of WNT Target Genes R-HSA-4641265,1/14,0.5608871143906774,0.9274161938896486,1.8352946361673057,1.061232724168802,MYC,down in tumor,1
gs_ind_0,Glycogen Storage Diseases R-HSA-3229121,1/14,0.5608871143906774,0.9274161938896486,1.8352946361673057,1.061232724168802,GYS2,down in tumor,1
gs_ind_0,Purine Catabolism R-HSA-74259,1/14,0.5608871143906774,0.9274161938896486,1.8352946361673057,1.061232724168802,XDH,down in tumor,1
gs_ind_0,SEMA3A-Plexin Repulsion Signaling By Inhibiting Integrin Adhesion R-HSA-399955,1/14,0.5608871143906774,0.9274161938896486,1.8352946361673057,1.061232724168802,RND1,down in tumor,1
gs_ind_0,ER-Phagosome Pathway R-HSA-1236974,5/87,0.5587788706293225,0.9274161938896486,1.101021355617456,0.6407960412600019,S100A8;FGA;TLR4;FGG;FGB,down in tumor,5
gs_ind_0,Negative Regulation Of TCF-dependent Signaling By WNT Ligand Antagonists R-HSA-3772470,1/14,0.5608871143906774,0.9274161938896486,1.8352946361673057,1.061232724168802,SFRP1,down in tumor,1
gs_ind_0,Oncogene Induced Senescence R-HSA-2559585,2/33,0.5691508188002095,0.939593373848687,1.3108313326653938,0.7387974122076503,ID1;ETS2,down in tumor,2
gs_ind_0,FCGR3A-mediated IL10 Synthesis R-HSA-9664323,2/34,0.585557382621571,0.9493542672208167,1.2704369865941918,0.6799265614264092,IL10;PRKAR2B,down in tumor,2
gs_ind_0,Early Phase Of HIV Life Cycle R-HSA-162594,1/15,0.5859650740262458,0.9493542672208167,1.708640523054617,0.913259973255945,CD4,down in tumor,1
gs_ind_0,Mitochondrial Biogenesis R-HSA-1592230,5/89,0.5792234870699267,0.9493542672208167,1.0748580752866161,0.5869444040547799,CAMK4;PPARGC1A;NCOR1;ALAS1;GLUD1,down in tumor,5
gs_ind_0,Caspase Activation Via Death Receptors In Presence Of Ligand R-HSA-140534,1/15,0.5859650740262458,0.9493542672208167,1.708640523054617,0.913259973255945,TLR4,down in tumor,1
gs_ind_0,PI3K Events In ERBB2 Signaling R-HSA-1963642,1/15,0.5859650740262458,0.9493542672208167,1.708640523054617,0.913259973255945,NRG1,down in tumor,1
gs_ind_0,Signaling By FLT3 ITD And TKD Mutants R-HSA-9703648,1/15,0.5859650740262458,0.9493542672208167,1.708640523054617,0.913259973255945,FLT3,down in tumor,1
gs_ind_0,Prostacyclin Signaling Thru Prostacyclin Receptor R-HSA-392851,1/15,0.5859650740262458,0.9493542672208167,1.708640523054617,0.913259973255945,PTGIR,down in tumor,1
gs_ind_0,TRAF6-mediated Induction Of TAK1 Complex Within TLR4 Complex R-HSA-937072,1/15,0.5859650740262458,0.9493542672208167,1.708640523054617,0.913259973255945,TLR4,down in tumor,1
gs_ind_0,PKA Activation R-HSA-163615,1/15,0.5859650740262458,0.9493542672208167,1.708640523054617,0.913259973255945,PRKAR2B,down in tumor,1
gs_ind_0,Synthesis Of PIPs At Golgi Membrane R-HSA-1660514,1/15,0.5859650740262458,0.9493542672208167,1.708640523054617,0.913259973255945,PIK3C2G,down in tumor,1
gs_ind_0,Negative Regulators Of DDX58/IFIH1 Signaling R-HSA-936440,2/34,0.585557382621571,0.9493542672208167,1.2704369865941918,0.6799265614264092,RNF125;HERC5,down in tumor,2
gs_ind_0,Gene And Protein Expression By JAK-STAT Signaling After Interleukin-12 Stimulation R-HSA-8950505,2/34,0.585557382621571,0.9493542672208167,1.2704369865941918,0.6799265614264092,IL10;GSTA2,down in tumor,2
gs_ind_0,Transcriptional Regulation By RUNX1 R-HSA-8878171,10/181,0.5880558398034487,0.9512667996820493,1.0108278229390038,0.5366822224624612,CR1;RSPO3;SOCS3;PRKCB;NR4A3;LIFR;GATA3;BLK;ESR1;THBS1,down in tumor,10
gs_ind_0,Neurexins And Neuroligins R-HSA-6794361,3/53,0.5893419783357137,0.9518738289966319,1.1445694033050504,0.6051895330536631,NRXN1;SYT9;DLGAP2,down in tumor,3
gs_ind_0,Spry Regulation Of FGF Signaling R-HSA-1295596,1/16,0.609611889627174,0.9565231601507461,1.5983288761500172,0.791065339351853,SPRY2,down in tumor,1
gs_ind_0,NRIF Signals Cell Death From Nucleus R-HSA-205043,1/16,0.609611889627174,0.9565231601507461,1.5983288761500172,0.791065339351853,NGFR,down in tumor,1
gs_ind_0,MAP3K8 (TPL2)-dependent MAPK1/3 Activation R-HSA-5684264,1/16,0.609611889627174,0.9565231601507461,1.5983288761500172,0.791065339351853,MAP2K1,down in tumor,1
gs_ind_0,Lewis Blood Group Biosynthesis R-HSA-9037629,1/16,0.609611889627174,0.9565231601507461,1.5983288761500172,0.791065339351853,ST3GAL6,down in tumor,1
gs_ind_0,Regulation Of KIT Signaling R-HSA-1433559,1/16,0.609611889627174,0.9565231601507461,1.5983288761500172,0.791065339351853,SOCS6,down in tumor,1
gs_ind_0,Signaling By NTRK3 (TRKC) R-HSA-9034015,1/16,0.609611889627174,0.9565231601507461,1.5983288761500172,0.791065339351853,NTF3,down in tumor,1
gs_ind_0,IL-6-type Cytokine Receptor Ligand Interactions R-HSA-6788467,1/16,0.609611889627174,0.9565231601507461,1.5983288761500172,0.791065339351853,LIFR,down in tumor,1
gs_ind_0,SMAD2/SMAD3:SMAD4 Heterotrimer Regulates Transcription R-HSA-2173796,2/35,0.601496391602087,0.9565231601507461,1.2324542432735095,0.6264993105015176,SERPINE1;MYC,down in tumor,2
gs_ind_0,"Incretin Synthesis, Secretion, And Inactivation R-HSA-400508",1/16,0.609611889627174,0.9565231601507461,1.5983288761500172,0.791065339351853,C1QTNF1,down in tumor,1
gs_ind_0,Early SARS-CoV-2 Infection Events R-HSA-9772572,2/35,0.601496391602087,0.9565231601507461,1.2324542432735095,0.6264993105015176,TMPRSS2;SDC4,down in tumor,2
gs_ind_0,Polo-like Kinase Mediated Events R-HSA-156711,1/16,0.609611889627174,0.9565231601507461,1.5983288761500172,0.791065339351853,WEE1,down in tumor,1
gs_ind_0,Phase 4 - Resting Membrane Potential R-HSA-5576886,1/16,0.609611889627174,0.9565231601507461,1.5983288761500172,0.791065339351853,KCNK17,down in tumor,1
gs_ind_0,Cell-extracellular Matrix Interactions R-HSA-446353,1/16,0.609611889627174,0.9565231601507461,1.5983288761500172,0.791065339351853,FERMT2,down in tumor,1
gs_ind_0,Iron Uptake And Transport R-HSA-917937,3/54,0.6021487268480292,0.9565231601507461,1.1222907529768449,0.5692828930781567,HMOX1;CP;STEAP3,down in tumor,3
gs_ind_0,Tie2 Signaling R-HSA-210993,1/16,0.609611889627174,0.9565231601507461,1.5983288761500172,0.791065339351853,TEK,down in tumor,1
gs_ind_0,Activation Of IRF3/IRF7 Mediated By TBK1/IKK Epsilon R-HSA-936964,1/16,0.609611889627174,0.9565231601507461,1.5983288761500172,0.791065339351853,TLR4,down in tumor,1
gs_ind_0,Activation Of GABAB Receptors R-HSA-991365,2/35,0.601496391602087,0.9565231601507461,1.2324542432735095,0.6264993105015176,KCNJ15;KCNJ10,down in tumor,2
gs_ind_0,Vasopressin Regulates Renal Water Homeostasis Via Aquaporins R-HSA-432040,2/35,0.601496391602087,0.9565231601507461,1.2324542432735095,0.6264993105015176,AQP3;PRKAR2B,down in tumor,2
gs_ind_0,p75NTR Signals Via NF-kB R-HSA-193639,1/16,0.609611889627174,0.9565231601507461,1.5983288761500172,0.791065339351853,NGFR,down in tumor,1
gs_ind_0,Apoptotic Cleavage Of Cellular Proteins R-HSA-111465,2/36,0.6169677325484471,0.9651665875945017,1.1966733981163447,0.577919720224437,SATB1;TJP2,down in tumor,2
gs_ind_0,NR1H3 And NR1H2 Regulate Gene Expression Linked To Cholesterol Transport And Efflux R-HSA-9029569,2/36,0.6169677325484471,0.9651665875945017,1.1966733981163447,0.577919720224437,CETP;NCOR1,down in tumor,2
gs_ind_0,PKA-mediated Phosphorylation Of CREB R-HSA-111931,1/17,0.6319091723149242,0.9668302856062895,1.5013883379611266,0.6891516752480851,PRKAR2B,down in tumor,1
gs_ind_0,Metabolism Of Cofactors R-HSA-8978934,1/17,0.6319091723149242,0.9668302856062895,1.5013883379611266,0.6891516752480851,GCH1,down in tumor,1
gs_ind_0,Acyl Chain Remodelling Of PS R-HSA-1482801,1/17,0.6319091723149242,0.9668302856062895,1.5013883379611266,0.6891516752480851,PLAAT3,down in tumor,1
gs_ind_0,Butyrate Response Factor 1 Binds And Destabilizes mRNA R-HSA-450385,1/17,0.6319091723149242,0.9668302856062895,1.5013883379611266,0.6891516752480851,ZFP36L1,down in tumor,1
gs_ind_0,Triglyceride Catabolism R-HSA-163560,1/17,0.6319091723149242,0.9668302856062895,1.5013883379611266,0.6891516752480851,PLIN1,down in tumor,1
gs_ind_0,Norepinephrine Neurotransmitter Release Cycle R-HSA-181430,1/17,0.6319091723149242,0.9668302856062895,1.5013883379611266,0.6891516752480851,SLC22A1,down in tumor,1
gs_ind_0,"Tristetraprolin (TTP, ZFP36) Binds And Destabilizes mRNA R-HSA-450513",1/17,0.6319091723149242,0.9668302856062895,1.5013883379611266,0.6891516752480851,ZFP36,down in tumor,1
gs_ind_0,TNF Receptor Superfamily (TNFSF) Members Mediating Non-Canonical NF-kB Pathway R-HSA-5676594,1/17,0.6319091723149242,0.9668302856062895,1.5013883379611266,0.6891516752480851,TNFSF11,down in tumor,1
gs_ind_0,ADP Signaling Thru P2Y Purinoceptor 12 R-HSA-392170,1/17,0.6319091723149242,0.9668302856062895,1.5013883379611266,0.6891516752480851,P2RY12,down in tumor,1
gs_ind_0,"Unblocking Of NMDA Receptors, Glutamate Binding And Activation R-HSA-438066",1/17,0.6319091723149242,0.9668302856062895,1.5013883379611266,0.6891516752480851,CAMK2B,down in tumor,1
gs_ind_0,Olfactory Signaling Pathway R-HSA-381753,1/17,0.6319091723149242,0.9668302856062895,1.5013883379611266,0.6891516752480851,LHX2,down in tumor,1
gs_ind_0,Interleukin-20 Family Signaling R-HSA-8854691,1/17,0.6319091723149242,0.9668302856062895,1.5013883379611266,0.6891516752480851,SOCS3,down in tumor,1
gs_ind_0,Phosphorylation Of CD3 And TCR Zeta Chains R-HSA-202427,1/17,0.6319091723149242,0.9668302856062895,1.5013883379611266,0.6891516752480851,CD4,down in tumor,1
gs_ind_0,Regulation Of Signaling By CBL R-HSA-912631,1/17,0.6319091723149242,0.9668302856062895,1.5013883379611266,0.6891516752480851,BLNK,down in tumor,1
gs_ind_0,RIP-mediated NFkB Activation Via ZBP1 R-HSA-1810476,1/17,0.6319091723149242,0.9668302856062895,1.5013883379611266,0.6891516752480851,TLR3,down in tumor,1
gs_ind_0,Ras Activation Upon Ca2+ Influx Thru NMDA Receptor R-HSA-442982,1/18,0.652933882815032,0.978010025259558,1.4155267184223947,0.6034098890796186,CAMK2B,down in tumor,1
gs_ind_0,G-protein Activation R-HSA-202040,1/18,0.652933882815032,0.978010025259558,1.4155267184223947,0.6034098890796186,GNA14,down in tumor,1
gs_ind_0,Pre-NOTCH Processing In Golgi R-HSA-1912420,1/18,0.652933882815032,0.978010025259558,1.4155267184223947,0.6034098890796186,ST3GAL6,down in tumor,1
gs_ind_0,Interferon Alpha/Beta Signaling R-HSA-909733,3/58,0.6506834072588882,0.978010025259558,1.0412044941246372,0.44743896530120614,SOCS3;IRF8;EGR1,down in tumor,3
gs_ind_0,"Interleukin-3, Interleukin-5 And GM-CSF Signaling R-HSA-512988",2/38,0.646514457070037,0.978010025259558,1.130993490567577,0.4932938029948955,BLNK;IL2RB,down in tumor,2
gs_ind_0,IRS-related Events Triggered By IGF1R R-HSA-2428928,2/38,0.646514457070037,0.978010025259558,1.130993490567577,0.4932938029948955,FLT3;IGF1,down in tumor,2
gs_ind_0,Activation Of SMO R-HSA-5635838,1/18,0.652933882815032,0.978010025259558,1.4155267184223947,0.6034098890796186,GAS1,down in tumor,1
gs_ind_0,ABC Transporters In Lipid Homeostasis R-HSA-1369062,1/18,0.652933882815032,0.978010025259558,1.4155267184223947,0.6034098890796186,APOA1,down in tumor,1
gs_ind_0,VEGFR2 Mediated Cell Proliferation R-HSA-5218921,1/18,0.652933882815032,0.978010025259558,1.4155267184223947,0.6034098890796186,PRKCB,down in tumor,1
gs_ind_0,Signaling By PDGFR In Disease R-HSA-9671555,1/18,0.652933882815032,0.978010025259558,1.4155267184223947,0.6034098890796186,PDGFRA,down in tumor,1
gs_ind_0,Signaling By NODAL R-HSA-1181150,1/18,0.652933882815032,0.978010025259558,1.4155267184223947,0.6034098890796186,ACVR1C,down in tumor,1
gs_ind_0,RAC1 GTPase Cycle R-HSA-9013149,9/172,0.6532545431877239,0.978010025259558,0.9589127555286979,0.4082939469599262,FERMT2;TAGAP;FAM13A;ARHGAP20;EGR2;EPHA2;ARHGAP10;DLC1;SYDE2,down in tumor,9
gs_ind_0,Elastic Fibre Formation R-HSA-1566948,2/38,0.646514457070037,0.978010025259558,1.130993490567577,0.4932938029948955,BMP10;MFAP4,down in tumor,2
gs_ind_0,Opioid Signaling R-HSA-111885,4/77,0.6472183707568174,0.978010025259558,1.0107761593703088,0.4397599287945287,CAMK4;PRKAR2B;GNA14;CAMK2B,down in tumor,4
gs_ind_0,Oxidative Stress Induced Senescence R-HSA-2559580,4/77,0.6472183707568174,0.978010025259558,1.0107761593703088,0.4397599287945287,MAP2K3;KDM6B;JUN;FOS,down in tumor,4
gs_ind_0,Cargo Recognition For Clathrin-Mediated Endocytosis R-HSA-8856825,5/97,0.655591816022322,0.9801050754554027,0.9815188049171336,0.4144138421974231,AGTR1;CHRM2;LDLR;SYT9;CD4,down in tumor,5
gs_ind_0,Transcriptional Regulation By VENTX R-HSA-8853884,2/39,0.6605966049652142,0.9833667410094713,1.1007807330951436,0.4563967971306632,CSF1R;IL6,down in tumor,2
gs_ind_0,IGF1R Signaling Cascade R-HSA-2428924,2/39,0.6605966049652142,0.9833667410094713,1.1007807330951436,0.4563967971306632,FLT3;IGF1,down in tumor,2
gs_ind_0,RND3 GTPase Cycle R-HSA-9696264,2/39,0.6605966049652142,0.9833667410094713,1.1007807330951436,0.4563967971306632,RND3;EPHA2,down in tumor,2
gs_ind_0,Regulation Of FZD By Ubiquitination R-HSA-4641263,1/19,0.672758596249089,0.9840284940804276,1.3389474361310933,0.5307168702669669,RSPO3,down in tumor,1
gs_ind_0,RND1 GTPase Cycle R-HSA-9696273,2/40,0.6742243079058241,0.9840284940804276,1.0721374695173822,0.4226284662426387,RND1;EPHA2,down in tumor,2
gs_ind_0,Activated TAK1 Mediates P38 MAPK Activation R-HSA-450302,1/19,0.672758596249089,0.9840284940804276,1.3389474361310933,0.5307168702669669,MAP2K3,down in tumor,1
gs_ind_0,G Alpha (Z) Signaling Events R-HSA-418597,2/40,0.6742243079058241,0.9840284940804276,1.0721374695173822,0.4226284662426387,ADRA2B;PRKCB,down in tumor,2
gs_ind_0,Intra-Golgi Traffic R-HSA-6811438,2/40,0.6742243079058241,0.9840284940804276,1.0721374695173822,0.4226284662426387,MAN1A1;MAN1C1,down in tumor,2
gs_ind_0,RHO GTPases Activate ROCKs R-HSA-5627117,1/19,0.672758596249089,0.9840284940804276,1.3389474361310933,0.5307168702669669,RHOB,down in tumor,1
gs_ind_0,Transcription Of E2F Targets Under Negative Control By DREAM Complex R-HSA-1362277,1/19,0.672758596249089,0.9840284940804276,1.3389474361310933,0.5307168702669669,MYC,down in tumor,1
gs_ind_0,Synaptic Adhesion-Like Molecules R-HSA-8849932,1/19,0.672758596249089,0.9840284940804276,1.3389474361310933,0.5307168702669669,PTPRD,down in tumor,1
gs_ind_0,Other Semaphorin Interactions R-HSA-416700,1/19,0.672758596249089,0.9840284940804276,1.3389474361310933,0.5307168702669669,SEMA6D,down in tumor,1
gs_ind_0,TP53 Regulates Transcription Of Genes Involved In Cytochrome C Release R-HSA-6803204,1/19,0.672758596249089,0.9840284940804276,1.3389474361310933,0.5307168702669669,STEAP3,down in tumor,1
gs_ind_0,Degradation Of Extracellular Matrix R-HSA-1474228,5/98,0.6644857786504128,0.9840284940804276,0.9709744622082817,0.3968778519978623,COL25A1;ADAMTS1;PLG;KLKB1;DCN,down in tumor,5
gs_ind_0,Chaperone Mediated Autophagy R-HSA-9613829,1/19,0.672758596249089,0.9840284940804276,1.3389474361310933,0.5307168702669669,PLIN2,down in tumor,1
gs_ind_0,"TICAM1, RIP1-mediated IKK Complex Recruitment R-HSA-168927",1/19,0.672758596249089,0.9840284940804276,1.3389474361310933,0.5307168702669669,TLR3,down in tumor,1
gs_ind_0,RHO GTPases Activate CIT R-HSA-5625900,1/19,0.672758596249089,0.9840284940804276,1.3389474361310933,0.5307168702669669,RHOB,down in tumor,1
gs_ind_0,DNA Methylation R-HSA-5334118,1/20,0.6914517518608623,0.9939024493735915,1.2702224392030024,0.46866368899881733,DNMT3L,down in tumor,1
gs_ind_0,Interleukin-37 Signaling R-HSA-9008059,1/20,0.6914517518608623,0.9939024493735915,1.2702224392030024,0.46866368899881733,IL18R1,down in tumor,1
gs_ind_0,HS-GAG Degradation R-HSA-2024096,1/20,0.6914517518608623,0.9939024493735915,1.2702224392030024,0.46866368899881733,SDC4,down in tumor,1
gs_ind_0,Signaling By ERBB2 TMD/JMD Mutants R-HSA-9665686,1/20,0.6914517518608623,0.9939024493735915,1.2702224392030024,0.46866368899881733,NRG1,down in tumor,1
gs_ind_0,Blood Group Systems Biosynthesis R-HSA-9033658,1/20,0.6914517518608623,0.9939024493735915,1.2702224392030024,0.46866368899881733,ST3GAL6,down in tumor,1
gs_ind_0,Deregulated CDK5 Triggers Neurodegenerative Pathways In Alzheimers Disease Models R-HSA-8862803,1/20,0.6914517518608623,0.9939024493735915,1.2702224392030024,0.46866368899881733,JUN,down in tumor,1
gs_ind_0,Diseases Associated With N-glycosylation Of Proteins R-HSA-3781860,1/20,0.6914517518608623,0.9939024493735915,1.2702224392030024,0.46866368899881733,MOGAT2,down in tumor,1
gs_ind_0,Nef-mediated Downmodulation Of Cell Surface Receptors By Recruitment To Clathrin Adapters R-HSA-164938,1/20,0.6914517518608623,0.9939024493735915,1.2702224392030024,0.46866368899881733,CD4,down in tumor,1
gs_ind_0,ZBP1(DAI) Mediated Induction Of Type I IFNs R-HSA-1606322,1/20,0.6914517518608623,0.9939024493735915,1.2702224392030024,0.46866368899881733,TLR3,down in tumor,1
gs_ind_0,Collagen Chain Trimerization R-HSA-8948216,2/41,0.6874035245442381,0.9939024493735915,1.044944497766343,0.39168050353658695,COL25A1;COL6A6,down in tumor,2
gs_ind_0,SHC1 Events In ERBB2 Signaling R-HSA-1250196,1/20,0.6914517518608623,0.9939024493735915,1.2702224392030024,0.46866368899881733,NRG1,down in tumor,1
gs_ind_0,Mitochondrial Protein Import R-HSA-1268020,3/62,0.6948378861137036,0.997397789819808,0.9710205894038187,0.35352598931652734,LDHD;FXN;OTC,down in tumor,3
gs_ind_0,Activation Of Gene Expression By SREBF (SREBP) R-HSA-2426168,1/42,0.9154667130616666,0.9999999999810132,0.5962206621010022,0.0526589689553729,ACACB,down in tumor,1
gs_ind_0,Activation Of HOX Genes During Differentiation R-HSA-5619507,3/74,0.8018030397316311,0.9999999999810132,0.8075853427462486,0.17838937382894549,JUN;EGR2;NCOR1,down in tumor,3
gs_ind_0,Activation Of NF-kappaB In B Cells R-HSA-1169091,1/64,0.9768711345586086,0.9999999999810132,0.38924373842400994,0.00910851163109827,PRKCB,down in tumor,1
gs_ind_0,Ub-specific Processing Proteases R-HSA-5689880,3/165,0.9963636990732234,0.9999999999810132,0.3537801411937288,0.0012887957025011316,GATA3;MYC;IL33,down in tumor,3
gs_ind_0,Unfolded Protein Response (UPR) R-HSA-381119,3/88,0.8849798420873971,0.9999999999810132,0.674893763344927,0.08246554668618993,IGFBP1;ATF3;CCL2,down in tumor,3
gs_ind_0,VEGFA-VEGFR2 Pathway R-HSA-4420097,2/89,0.9660628397764014,0.9999999999810132,0.4706289343843929,0.016249120655004872,PRKCB;AXL,down in tumor,2
gs_ind_0,Vesicle-mediated Transport R-HSA-5653656,32/612,0.7224831644610623,0.9999999999810132,0.9222585457489039,0.29979043367038,AGTR1;HBA1;STAB2;MAN1A1;SSC5D;SPTBN2;HPX;MARCO;ALB;SAA2;JCHAIN;ANK3;COLEC11;SERPINA1;LDLR;MAN1C1;F8;MASP1;CD163;SCARA5;STAB1;GJB3;GJB2;KIF19;DLC1;CD4;AMBP;SEC24B;CHRM2;APOL1;SYT9;APOA1,down in tumor,32
gs_ind_0,Acyl Chain Remodelling Of PC R-HSA-1482788,1/21,0.7090778885331219,0.9999999999810132,1.2082023200239935,0.41536775670970993,PLAAT3,down in tumor,1
gs_ind_0,Acyl Chain Remodelling Of PE R-HSA-1482839,1/21,0.7090778885331219,0.9999999999810132,1.2082023200239935,0.41536775670970993,PLAAT3,down in tumor,1
gs_ind_0,Neddylation R-HSA-8951664,7/225,0.975320802604529,0.9999999999810132,0.5640700343751055,0.014095452334861003,SOCS3;SOCS2;SPSB4;SOCS6;DCUN1D3;CISH;FBXO15,down in tumor,7
gs_ind_0,Negative Regulation Of FGFR1 Signaling R-HSA-5654726,1/25,0.7700786011166909,0.9999999999810132,1.0107505120255162,0.2640713976621871,SPRY2,down in tumor,1
gs_ind_0,Negative Regulation Of FGFR2 Signaling R-HSA-5654727,1/25,0.7700786011166909,0.9999999999810132,1.0107505120255162,0.2640713976621871,SPRY2,down in tumor,1
gs_ind_0,Negative Regulation Of FGFR3 Signaling R-HSA-5654732,1/22,0.725697866903064,0.9999999999810132,1.1519515142569856,0.36934043632897817,SPRY2,down in tumor,1
gs_ind_0,Negative Regulation Of FGFR4 Signaling R-HSA-5654733,1/24,0.7561456449923288,0.9999999999810132,1.0538118105783756,0.2945628148449655,SPRY2,down in tumor,1
gs_ind_0,rRNA Modification In Nucleus And Cytosol R-HSA-6790901,1/59,0.9689450429667611,0.9999999999810132,0.42261414375654754,0.013332370636483187,RCL1,down in tumor,1
gs_ind_0,ABC-family Proteins Mediated Transport R-HSA-382556,4/100,0.8294562573817732,0.9999999999810132,0.7690128658103195,0.14379379724134544,ERLIN1;ABCA8;ABCC9;APOA1,down in tumor,4
gs_ind_0,ADP Signaling Thru P2Y Purinoceptor 1 R-HSA-418592,1/21,0.7090778885331219,0.9999999999810132,1.2082023200239935,0.41536775670970993,GNA14,down in tumor,1
gs_ind_0,AURKA Activation By TPX2 R-HSA-8854518,1/72,0.9855679002795857,0.9999999999810132,0.3455588441705062,0.00502347718832543,PRKAR2B,down in tumor,1
gs_ind_0,Activated NOTCH1 Transmits Signal To Nucleus R-HSA-2122948,1/31,0.8384720770870424,0.9999999999810132,0.8116802465844285,0.1429969551956452,DTX1,down in tumor,1
gs_ind_0,Activated PKN1 Stimulates Transcription Of Androgen Receptor Regulated KLK2 And KLK3 R-HSA-5625886,1/22,0.725697866903064,0.9999999999810132,1.1519515142569856,0.36934043632897817,KLKB1,down in tumor,1
gs_ind_0,Glycosphingolipid Metabolism R-HSA-1660662,2/42,0.7001410136182262,0.9999999999810132,1.019094388817824,0.36328016012221553,SMPD3;GBA3,down in tumor,2
gs_ind_0,Golgi-to-ER Retrograde Transport R-HSA-8856688,1/110,0.9984676292720408,0.9999999999810132,0.22522591057038682,0.0003453942962291813,KIF19,down in tumor,1
gs_ind_0,RHO GTPase Effectors R-HSA-195258,4/246,0.9996652945972148,0.9999999999810132,0.30386505708019923,0.00010172230077401649,RHOB;KLKB1;S100A8;PRKCB,down in tumor,4
gs_ind_0,RHO GTPases Activate Formins R-HSA-5663220,1/115,0.9988595365203075,0.9999999999810132,0.21533875273034025,0.0002457261307395351,RHOB,down in tumor,1
gs_ind_0,RHO GTPases Activate PKNs R-HSA-5625740,2/48,0.7677431101608565,0.9999999999810132,0.887342220628599,0.23452463211594363,KLKB1;RHOB,down in tumor,2
gs_ind_0,RHOA GTPase Cycle R-HSA-8980692,6/142,0.8270006194382912,0.9999999999810132,0.7850220932658208,0.14911481704028146,TAGAP;FAM13A;ARHGAP20;TJP2;ARHGAP10;DLC1,down in tumor,6
gs_ind_0,RHOB GTPase Cycle R-HSA-9013026,3/64,0.715275306390003,0.9999999999810132,0.9393522421517422,0.31476544477601964,RHOB;DLC1;TJP2,down in tumor,3
gs_ind_0,RHOC GTPase Cycle R-HSA-9013106,2/71,0.9186797703203531,0.9999999999810132,0.5930325211843229,0.050299637774901686,DLC1;TJP2,down in tumor,2
gs_ind_0,RHOD GTPase Cycle R-HSA-9013405,1/50,0.9472267962651343,0.9999999999810132,0.4996694433425889,0.027090440938861742,STEAP3,down in tumor,1
gs_ind_0,RHOF GTPase Cycle R-HSA-9035034,1/39,0.8991354846121649,0.9999999999810132,0.6427721425738085,0.06834053046733378,STEAP3,down in tumor,1
gs_ind_0,RHOG GTPase Cycle R-HSA-9013408,2/72,0.9224564852995331,0.9999999999810132,0.5845925575554861,0.04718543188610999,ARHGEF26;EPHA2,down in tumor,2
gs_ind_0,RHOJ GTPase Cycle R-HSA-9013409,1/53,0.9557754543948557,0.9999999999810132,0.471048903496345,0.0213066130041884,STEAP3,down in tumor,1
gs_ind_0,RHOQ GTPase Cycle R-HSA-9013406,2/58,0.851101245224438,0.9999999999810132,0.729939187836162,0.11768385096776479,DLC1;STEAP3,down in tumor,2
gs_ind_0,RHOU GTPase Cycle R-HSA-9013420,1/38,0.893019103082756,0.9999999999810132,0.6599444664815549,0.07467093869293664,EPHA2,down in tumor,1
gs_ind_0,Gene Expression (Transcription) R-HSA-74160,42/1360,0.9999988165649272,0.9999999999810132,0.5158300919376277,6.104517836335637e-07,GLYAT;SOCS3;JUN;NR3C2;NR4A2;PCK1;IGFBP1;GATA3;ESR1;HAND2;CITED2;KLF4;DNMT3L;CSF1R;PRKCB;NRBF2;STEAP3;ZFP1;SERPINE1;PVALB;ANG;THBS1;CR1;NR4A3;NR4A1;CAMK4;PPARGC1A;BLK;PLK3;IL6;GLS2;RSPO3;SGK1;MYC;LIFR;IGFBP3;FOS;NCOR1;CAMK2B;NR1I2;NR0B2;FOXO1,down in tumor,42
gs_ind_0,Gene Silencing By RNA R-HSA-211000,1/89,0.9947055334964838,0.9999999999810132,0.2789517207995213,0.0014808240969767553,ANG,down in tumor,1
gs_ind_0,Generation Of Second Messenger Molecules R-HSA-202433,1/29,0.8182966329960668,0.9999999999810132,0.8687237729388922,0.17420550490572487,CD4,down in tumor,1
gs_ind_0,Generic Transcription Pathway R-HSA-212436,40/1113,0.9996398545347106,0.9999999999810132,0.6103197619273225,0.00021984348482835325,GLYAT;SOCS3;JUN;NR3C2;NR4A2;PCK1;IGFBP1;GATA3;ESR1;HAND2;CITED2;KLF4;CSF1R;PRKCB;NRBF2;STEAP3;ZFP1;SERPINE1;PVALB;THBS1;CR1;NR4A3;NR4A1;CAMK4;PPARGC1A;BLK;PLK3;IL6;GLS2;RSPO3;SGK1;MYC;LIFR;IGFBP3;FOS;NCOR1;CAMK2B;NR1I2;NR0B2;FOXO1,down in tumor,40
gs_ind_0,Glucagon Signaling In Metabolic Regulation R-HSA-163359,1/25,0.7700786011166909,0.9999999999810132,1.0107505120255162,0.2640713976621871,PRKAR2B,down in tumor,1
gs_ind_0,Glucagon-like Peptide-1 (GLP1) Regulates Insulin Secretion R-HSA-381676,1/36,0.8796521573185274,0.9999999999810132,0.6971914789011738,0.08939997471760736,PRKAR2B,down in tumor,1
gs_ind_0,RHOV GTPase Cycle R-HSA-9013424,1/36,0.8796521573185274,0.9999999999810132,0.6971914789011738,0.08939997471760736,EPHA2,down in tumor,1
gs_ind_0,RNA Polymerase II Transcription R-HSA-73857,40/1230,0.9999852940918647,0.9999999999810132,0.5470802331804366,8.04537080920352e-06,GLYAT;SOCS3;JUN;NR3C2;NR4A2;PCK1;IGFBP1;GATA3;ESR1;HAND2;CITED2;KLF4;CSF1R;PRKCB;NRBF2;STEAP3;ZFP1;SERPINE1;PVALB;THBS1;CR1;NR4A3;NR4A1;CAMK4;PPARGC1A;BLK;PLK3;IL6;GLS2;RSPO3;SGK1;MYC;LIFR;IGFBP3;FOS;NCOR1;CAMK2B;NR1I2;NR0B2;FOXO1,down in tumor,40
gs_ind_0,RND2 GTPase Cycle R-HSA-9696270,1/41,0.9103399106939656,0.9999999999810132,0.6109715427446487,0.05739296882355123,EPHA2,down in tumor,1
gs_ind_0,RUNX1 Regulates Genes Involved In Megakaryocyte Differentiation And Platelet Function R-HSA-8936459,2/51,0.7962854745683785,0.9999999999810132,0.8334436063693705,0.18985638745756175,THBS1;NR4A3,down in tumor,2
gs_ind_0,RUNX1 Regulates Transcription Of Genes Involved In Differentiation Of HSCs R-HSA-8939236,1/80,0.9909961540654998,0.9999999999810132,0.31066587832022335,0.0028098565318510553,GATA3,down in tumor,1
gs_ind_0,Glycolysis R-HSA-70171,2/64,0.887001517005308,0.9999999999810132,0.6596744739976181,0.07910063366698006,ENO3;ALDOB,down in tumor,2
gs_ind_0,Pyroptosis R-HSA-5620971,1/23,0.741369078838332,0.9999999999810132,1.1007007801137114,0.32939207828439127,IL1B,down in tumor,1
gs_ind_0,RAC2 GTPase Cycle R-HSA-9013404,1/85,0.9932961284267133,0.9999999999810132,0.29221286753401604,0.001965553330646783,EPHA2,down in tumor,1
gs_ind_0,RAC3 GTPase Cycle R-HSA-9013423,3/89,0.8895203284565627,0.9999999999810132,0.667059371992991,0.0780945873824301,FERMT2;SLITRK3;EPHA2,down in tumor,3
gs_ind_0,RET Signaling R-HSA-8853659,1/37,0.8865321387140002,0.9999999999810132,0.6780577396445203,0.08166385067584667,RET,down in tumor,1
gs_ind_0,RHO GTPase Cycle R-HSA-9012999,16/426,0.9743871411861373,0.9999999999810132,0.6591089676795049,0.01710162274239543,FERMT2;TAGAP;RHOB;FAM13A;RND1;ARHGEF26;ARHGAP20;STEAP3;TJP2;EGR2;EPHA2;ARHGAP10;SLITRK3;DLC1;RND3;SYDE2,down in tumor,16
gs_ind_0,HCMV Early Events R-HSA-9609690,2/78,0.9418593666496166,0.9999999999810132,0.5385864813041797,0.032260957450177936,NCOR1;USH2A,down in tumor,2
gs_ind_0,HCMV Infection R-HSA-9609646,2/102,0.9822936539187969,0.9999999999810132,0.40949480465872307,0.007315615984696325,NCOR1;USH2A,down in tumor,2
gs_ind_0,HDACs Deacetylate Histones R-HSA-3214815,1/44,0.9248582421183952,0.9999999999810132,0.5687535050404191,0.044428069126706896,NCOR1,down in tumor,1
gs_ind_0,HDMs Demethylate Histones R-HSA-3214842,1/23,0.741369078838332,0.9999999999810132,1.1007007801137114,0.32939207828439127,KDM6B,down in tumor,1
gs_ind_0,HIV Infection R-HSA-162906,1/222,0.9999979834566273,0.9999999999810132,0.11074021112049305,2.2331266398958285e-07,CD4,down in tumor,1
gs_ind_0,HIV Life Cycle R-HSA-162587,1/144,0.9997946712523673,0.9999999999810132,0.17158032803198775,3.523399127266512e-05,CD4,down in tumor,1
gs_ind_0,HSF1-dependent Transactivation R-HSA-3371571,1/33,0.8564089175804012,0.9999999999810132,0.7616574619351295,0.11806247389901152,CAMK2B,down in tumor,1
gs_ind_0,Recruitment And ATM-mediated Phosphorylation Of Repair And Signal Proteins At DNA Double Strand Breaks R-HSA-5693565,1/52,0.9530918899846691,0.9999999999810132,0.4802185910198989,0.02307160189773205,EYA2,down in tumor,1
gs_ind_0,Recruitment Of NuMA To Mitotic Centrosomes R-HSA-380320,1/80,0.9909961540654998,0.9999999999810132,0.31066587832022335,0.0028098565318510553,PRKAR2B,down in tumor,1
gs_ind_0,Recycling Pathway Of L1 R-HSA-437239,1/26,0.7832160737702707,0.9999999999810132,0.9710665702219008,0.23727687770957465,RPS6KA6,down in tumor,1
gs_ind_0,Regulated Necrosis R-HSA-5218859,1/54,0.9583056096513362,0.9999999999810132,0.4622220080297464,0.019685362279007024,IL1B,down in tumor,1
gs_ind_0,Regulation Of Apoptosis R-HSA-169911,1/50,0.9472267962651343,0.9999999999810132,0.4996694433425889,0.027090440938861742,ARHGAP10,down in tumor,1
gs_ind_0,Regulation Of Cholesterol Biosynthesis By SREBP (SREBF) R-HSA-1655829,2/55,0.8294881043699425,0.9999999999810132,0.7709816608726946,0.14413233091128344,SEC24B;ACACB,down in tumor,2
gs_ind_0,Regulation Of Expression Of SLITs And ROBOs R-HSA-9010553,2/163,0.999270213305618,0.9999999999810132,0.25407522027636403,0.0001854884068509179,GSPT2;LHX2,down in tumor,2
gs_ind_0,G2/M DNA Damage Checkpoint R-HSA-69473,1/68,0.9817294549349959,0.9999999999810132,0.36610692406011724,0.006750833285072353,WEE1,down in tumor,1
gs_ind_0,G2/M Transition R-HSA-69275,3/179,0.9981582727848738,0.9999999999810132,0.32549766404314684,0.0006000306224548932,WEE1;PRKAR2B;PHLDA1,down in tumor,3
gs_ind_0,GABA Receptor Activation R-HSA-977443,2/45,0.7357804509935443,0.9999999999810132,0.9486751265097899,0.29107582745444927,KCNJ15;KCNJ10,down in tumor,2
gs_ind_0,GPER1 Signaling R-HSA-9634597,1/36,0.8796521573185274,0.9999999999810132,0.6971914789011738,0.08939997471760736,PRKAR2B,down in tumor,1
gs_ind_0,FCERI Mediated NF-kB Activation R-HSA-2871837,1/76,0.9886004325172215,0.9999999999810132,0.32718804426919834,0.0037512242128853253,RASGRP4,down in tumor,1
gs_ind_0,FLT3 Signaling In Disease R-HSA-9682385,1/26,0.7832160737702707,0.9999999999810132,0.9710665702219008,0.23727687770957465,FLT3,down in tumor,1
gs_ind_0,Regulation Of Insulin Secretion R-HSA-422356,3/69,0.7617077589595955,0.9999999999810132,0.8685151496142024,0.23640314943204088,SLC2A2;PRKAR2B;GNA14,down in tumor,3
gs_ind_0,Regulation Of PLK1 Activity At G2/M Transition R-HSA-2565942,1/87,0.9940423313619877,0.9999999999810132,0.28542898611203465,0.0017055770101416796,PRKAR2B,down in tumor,1
gs_ind_0,Regulation Of PTEN Gene Transcription R-HSA-8943724,2/59,0.8577316736134064,0.9999999999810132,0.7172100730103388,0.11006590019531723,JUN;EGR1,down in tumor,2
gs_ind_0,Fc Epsilon Receptor (FCERI) Signaling R-HSA-2454202,4/127,0.9363211061097306,0.9999999999810132,0.6001062451203709,0.03948507014116124,FOS;JUN;SLC7A8;RASGRP4,down in tumor,4
gs_ind_0,Formation Of beta-catenin:TCF Transactivating Complex R-HSA-201722,1/45,0.9291554646439599,0.9999999999810132,0.5559457857368888,0.04085045599525646,MYC,down in tumor,1
gs_ind_0,G0 And Early G1 R-HSA-1538133,1/26,0.7832160737702707,0.9999999999810132,0.9710665702219008,0.23727687770957465,MYC,down in tumor,1
gs_ind_0,G1/S Transition R-HSA-69206,2/126,0.9948369327898612,0.9999999999810132,0.3301734129850087,0.0017091234885096942,WEE1;MYC,down in tumor,2
gs_ind_0,G2/M Checkpoints R-HSA-69481,1/136,0.9996704156695039,0.9999999999810132,0.18178079043781314,5.992197532807545e-05,WEE1,down in tumor,1
gs_ind_0,Regulation Of RUNX2 Expression And Activity R-HSA-8939902,2/69,0.9106015743287132,0.9999999999810132,0.6106626674312264,0.05718845327712816,ESR1;PPARGC1A,down in tumor,2
gs_ind_0,Regulation Of TP53 Activity R-HSA-5633007,2/152,0.9986868217031066,0.9999999999810132,0.27279057897520376,0.00035845807913753743,PLK3;SGK1,down in tumor,2
gs_ind_0,Regulation Of TP53 Activity Thru Phosphorylation R-HSA-6804756,1/87,0.9940423313619877,0.9999999999810132,0.28542898611203465,0.0017055770101416796,PLK3,down in tumor,1
gs_ind_0,Regulation Of TP53 Degradation R-HSA-6804757,1/35,0.8723553677415807,0.9999999999810132,0.7174344204335753,0.09797170106335613,SGK1,down in tumor,1
gs_ind_0,Regulation Of TP53 Expression And Degradation R-HSA-6806003,1/36,0.8796521573185274,0.9999999999810132,0.6971914789011738,0.08939997471760736,SGK1,down in tumor,1
gs_ind_0,Regulation Of mRNA Stability By Proteins That Bind AU-rich Elements R-HSA-450531,2/86,0.9606479174865195,0.9999999999810132,0.4874081242908922,0.019568124147978684,ZFP36;ZFP36L1,down in tumor,2
gs_ind_0,Reproduction R-HSA-1474165,1/81,0.9915119099355554,0.9999999999810132,0.3067918922048581,0.0026151919731178244,SYNE1,down in tumor,1
gs_ind_0,Respiratory Electron Transport R-HSA-611105,1/90,0.9950089337355629,0.9999999999810132,0.2758216456624688,0.0013800910456940644,ETFDH,down in tumor,1
gs_ind_0,"Respiratory Electron Transport, ATP Synthesis By Chemiosmotic Coupling, Heat Production By Uncoupling Proteins R-HSA-163200",1/111,0.9985555259008597,0.9999999999810132,0.2231768977691464,0.0003226063027121202,ETFDH,down in tumor,1
gs_ind_0,Epigenetic Regulation Of Gene Expression R-HSA-212165,1/101,0.9973926666218254,0.9999999999810132,0.24550196261848237,0.0006409413990716383,DNMT3L,down in tumor,1
gs_ind_0,Estrogen-dependent Nuclear Events Downstream Of ESR-membrane Signaling R-HSA-9634638,1/23,0.741369078838332,0.9999999999810132,1.1007007801137114,0.32939207828439127,FOS,down in tumor,1
gs_ind_0,Eukaryotic Translation Termination R-HSA-72764,1/89,0.9947055334964838,0.9999999999810132,0.2789517207995213,0.0014808240969767553,GSPT2,down in tumor,1
gs_ind_0,Extra-nuclear Estrogen Signaling R-HSA-9009391,2/65,0.8921415859166634,0.9999999999810132,0.6492546411055505,0.07409971162341578,ESR1;FOS,down in tumor,2
gs_ind_0,HSP90 Chaperone Cycle For Steroid Hormone Receptors (SHR) In Presence Of Ligand R-HSA-3371497,1/38,0.893019103082756,0.9999999999810132,0.6599444664815549,0.07467093869293664,NR3C2,down in tumor,1
gs_ind_0,Hedgehog Off State R-HSA-5610787,1/94,0.9960584607079854,0.9999999999810132,0.263970879902933,0.0010425074895441722,PRKAR2B,down in tumor,1
gs_ind_0,Hedgehog On State R-HSA-5632684,2/83,0.9544091992965814,0.9999999999810132,0.505422591981919,0.023584417868192452,GAS1;HHIP,down in tumor,2
gs_ind_0,Potential Therapeutics For SARS R-HSA-9679191,2/89,0.9660628397764014,0.9999999999810132,0.4706289343843929,0.016249120655004872,BLNK;FXYD1,down in tumor,2
gs_ind_0,Pre-NOTCH Expression And Processing R-HSA-1912422,2/64,0.887001517005308,0.9999999999810132,0.6596744739976181,0.07910063366698006,ST3GAL6;JUN,down in tumor,2
gs_ind_0,Pre-NOTCH Transcription And Translation R-HSA-1912408,1/48,0.9406290219126296,0.9999999999810132,0.5207582621766634,0.03187376727858894,JUN,down in tumor,1
gs_ind_0,Programmed Cell Death R-HSA-5357801,5/197,0.989199305199078,0.9999999999810132,0.46936501620146664,0.005097043917161451,ARHGAP10;TLR4;TJP2;SATB1;IL1B,down in tumor,5
gs_ind_0,Protein Folding R-HSA-391251,1/85,0.9932961284267133,0.9999999999810132,0.29221286753401604,0.001965553330646783,GNA14,down in tumor,1
gs_ind_0,Protein Ubiquitination R-HSA-8852135,1/71,0.9846913528493072,0.9999999999810132,0.35047726754833863,0.0054068248189713805,RNF152,down in tumor,1
gs_ind_0,Host Interactions Of HIV Factors R-HSA-162909,1/128,0.9994710602145814,0.9999999999810132,0.19326131087103623,0.00010225064090244765,CD4,down in tumor,1
gs_ind_0,IKK Complex Recruitment Mediated By RIP1 R-HSA-937041,1/22,0.725697866903064,0.9999999999810132,1.1519515142569856,0.36934043632897817,TLR4,down in tumor,1
gs_ind_0,ESR-mediated Signaling R-HSA-8939211,7/164,0.832965575067734,0.9999999999810132,0.7848507278559093,0.1434416454135509,JUN;MYC;FOS;GATA3;ESR1;FOSB;CXCL12,down in tumor,7
gs_ind_0,Effects Of PIP2 Hydrolysis R-HSA-114508,1/26,0.7832160737702707,0.9999999999810132,0.9710665702219008,0.23727687770957465,ABHD6,down in tumor,1
gs_ind_0,Response Of EIF2AK4 (GCN2) To Amino Acid Deficiency R-HSA-9633012,1/97,0.9966981476305147,0.9999999999810132,0.25572753636294504,0.0008457716481137362,ATF3,down in tumor,1
gs_ind_0,Role Of Nef In HIV-1 Replication And Disease Pathogenesis R-HSA-164952,1/27,0.7956034460276429,0.9999999999810132,0.9343776428940298,0.21364955992106982,CD4,down in tumor,1
gs_ind_0,S Phase R-HSA-69242,2/157,0.9989940179479184,0.9999999999810132,0.263955354099838,0.0002656679998110277,WEE1;MYC,down in tumor,2
gs_ind_0,SARS-CoV Infections R-HSA-9679506,10/342,0.9947600440538631,0.9999999999810132,0.5173118573501272,0.0027178182017250437,SDC4;SEC24B;MASP1;MOGAT2;BLNK;TKFC;TMPRSS2;MBL2;FXYD1;NLRP12,down in tumor,10
gs_ind_0,SARS-CoV-1 Infection R-HSA-9678108,1/49,0.9440249578360703,0.9999999999810132,0.5099964422561821,0.029377159212672706,TMPRSS2,down in tumor,1
gs_ind_0,SARS-CoV-2 Activates/Modulates Innate And Adaptive Immune Responses R-HSA-9705671,5/105,0.7224661553965177,0.9999999999810132,0.9030395178900563,0.29356433422422545,MASP1;SEC24B;TKFC;MBL2;NLRP12,down in tumor,5
gs_ind_0,SARS-CoV-2 Infection R-HSA-9694516,8/264,0.9853746341783981,0.9999999999810132,0.5440011632147337,0.008014970882260346,SDC4;MOGAT2;SEC24B;MASP1;TKFC;TMPRSS2;MBL2;NLRP12,down in tumor,8
gs_ind_0,SARS-CoV-2-host Interactions R-HSA-9705683,5/178,0.9769906207774249,0.9999999999810132,0.521244571456094,0.012133649461324806,MASP1;SEC24B;TKFC;MBL2;NLRP12,down in tumor,5
gs_ind_0,Downstream TCR Signaling R-HSA-202424,1/88,0.9943837054771572,0.9999999999810132,0.28215334051113505,0.0015891229410321013,CD4,down in tumor,1
gs_ind_0,E3 Ubiquitin Ligases Ubiquitinate Target Proteins R-HSA-8866654,1/51,0.9502456226990694,0.9999999999810132,0.48975143448497965,0.024994355536433876,RNF152,down in tumor,1
gs_ind_0,EGFR Downregulation R-HSA-182971,1/28,0.807283513755886,0.9999999999810132,0.900357001190004,0.19274874576533615,SPRY2,down in tumor,1
gs_ind_0,EPH-Ephrin Signaling R-HSA-2682334,3/85,0.8703442703490485,0.9999999999810132,0.6995364852337439,0.09714213615163789,EPHB1;EFNB3;EPHA2,down in tumor,3
gs_ind_0,SUMO E3 Ligases SUMOylate Target Proteins R-HSA-3108232,6/163,0.9089018184084159,0.9999999999810132,0.6796621847995803,0.0649201093089319,NR3C2;NR4A2;PPARGC1A;ESR1;SATB1;NR1I2,down in tumor,6
gs_ind_0,SUMOylation Of Chromatin Organization Proteins R-HSA-4551638,1/55,0.960691119008399,0.9999999999810132,0.45371903533256425,0.018195194067231364,SATB1,down in tumor,1
gs_ind_0,SUMOylation Of Transcription Cofactors R-HSA-3899300,1/42,0.9154667130616666,0.9999999999810132,0.5962206621010022,0.0526589689553729,PPARGC1A,down in tumor,1
gs_ind_0,SUMOylation R-HSA-2990846,6/169,0.9250439178629736,0.9999999999810132,0.654530463514055,0.0509971283103025,NR3C2;NR4A2;PPARGC1A;ESR1;SATB1;NR1I2,down in tumor,6
gs_ind_0,Selective Autophagy R-HSA-9663891,1/59,0.9689450429667611,0.9999999999810132,0.42261414375654754,0.013332370636483187,PLIN2,down in tumor,1
gs_ind_0,Selenoamino Acid Metabolism R-HSA-2408522,4/112,0.8882847609377429,0.9999999999810132,0.6835649696292292,0.08097709593027387,MAT1A;GNMT;INMT;NNMT,down in tumor,4
gs_ind_0,ER To Golgi Anterograde Transport R-HSA-199977,5/129,0.8659265222788495,0.9999999999810132,0.7281158058417514,0.10481607194194986,SEC24B;ANK3;SERPINA1;F8;SPTBN2,down in tumor,5
gs_ind_0,ERK/MAPK Targets R-HSA-198753,1/22,0.725697866903064,0.9999999999810132,1.1519515142569856,0.36934043632897817,DUSP6,down in tumor,1
gs_ind_0,IRS-mediated Signaling R-HSA-112399,1/35,0.8723553677415807,0.9999999999810132,0.7174344204335753,0.09797170106335613,FLT3,down in tumor,1
gs_ind_0,Post-translational Protein Modification R-HSA-597592,62/1270,0.9168783186332057,0.9999999999810132,0.8461626284431366,0.07343042493586777,SOCS3;CP;NR4A2;NR3C2;SPSB4;IGFBP1;MAN1A1;AGBL4;GNPNAT1;GATA3;NEGR1;CNTN4;SPTBN2;ESR1;ALB;ST3GAL6;MOGAT2;RNF152;ANK3;ART4;APOA5;FGA;SERPINA1;MAN1C1;F8;ADAMTS13;ADAMTS1;IGFBP4;FBXO15;THBS1;PROZ;TECTA;ST6GAL2;ST8SIA6;ADAMTSL2;SOCS6;DCUN1D3;CNTN3;PPARGC1A;CISH;F9;LYPD2;IL6;CFP;SATB1;ALPL;EVA1A;SERPINA10;SEC24B;LY6E;IL33;SOCS2;MYC;IGFBP3;FGG;GNE;APOL1;VNN1;PROS1;NR1I2;CHST4;APOA1,down in tumor,62
gs_ind_0,ISG15 Antiviral Mechanism R-HSA-1169408,2/74,0.9295192260242963,0.9999999999810132,0.568411110046406,0.04154391057694177,EIF4E3;HERC5,down in tumor,2
gs_ind_0,Inactivation Of CSF3 (G-CSF) Signaling R-HSA-9705462,1/24,0.7561456449923288,0.9999999999810132,1.0538118105783756,0.2945628148449655,SOCS3,down in tumor,1
gs_ind_0,Infection With Mycobacterium Tuberculosis R-HSA-9635486,1/25,0.7700786011166909,0.9999999999810132,1.0107505120255162,0.2640713976621871,MRC1,down in tumor,1
gs_ind_0,Infectious Disease R-HSA-5663205,37/859,0.9737478688389162,0.9999999999810132,0.7451028333629135,0.01982187411936412,JUN;TKFC;PTGIR;PRKAR2B;PTGER2;TMPRSS2;GPR83;FXYD1;HMOX1;MEFV;MOGAT2;ANTXR2;USH2A;MRC1;MBL2;C1QTNF1;VIPR1;ADRB1;GLP2R;SDC4;IL1B;MASP1;RXFP1;CD163;BLNK;IL10;PTGDR;GPR15;GGT5;IL6;CD4;PTH1R;SEC24B;MAP2K3;MAP2K1;NCOR1;NLRP12,down in tumor,37
gs_ind_0,Inositol Phosphate Metabolism R-HSA-1483249,2/48,0.7677431101608565,0.9999999999810132,0.887342220628599,0.23452463211594363,PLCZ1;NUDT10,down in tumor,2
gs_ind_0,Insertion Of Tail-Anchored Proteins Into Endoplasmic Reticulum Membrane R-HSA-9609523,1/22,0.725697866903064,0.9999999999810132,1.1519515142569856,0.36934043632897817,HMOX1,down in tumor,1
gs_ind_0,Insulin Processing R-HSA-264876,1/24,0.7561456449923288,0.9999999999810132,1.0538118105783756,0.2945628148449655,CLTRN,down in tumor,1
gs_ind_0,Insulin Receptor Signaling Cascade R-HSA-74751,1/40,0.9049024378610455,0.9999999999810132,0.6264693034208848,0.06260191511582275,FLT3,down in tumor,1
gs_ind_0,Diseases Of Programmed Cell Death R-HSA-9645723,1/56,0.9629402455082587,0.9999999999810132,0.4455224760659112,0.016824674905593213,JUN,down in tumor,1
gs_ind_0,Diseases Of Signal Transduction By Growth Factor Receptors And Second Messengers R-HSA-5663202,15/403,0.9734434011143241,0.9999999999810132,0.6544042753429035,0.017613680732426994,NR4A1;FGA;MYC;PDGFRA;MAP2K1;FGG;DUSP6;ESR1;NCOR1;FOXO1;FGB;DUSP10;NRG1;CAMK2B;FLT3,down in tumor,15
gs_ind_0,Semaphorin Interactions R-HSA-373755,3/63,0.7051921682200738,0.9999999999810132,0.9549246938996641,0.3335408089484373,RND1;RHOB;SEMA6D,down in tumor,3
gs_ind_0,Senescence-Associated Secretory Phenotype (SASP) R-HSA-2559582,3/65,0.7250893462976138,0.9999999999810132,0.9242781088597537,0.297118806377854,JUN;FOS;IL6,down in tumor,3
gs_ind_0,Sensory Processing Of Sound By Inner Hair Cells Of Cochlea R-HSA-9662360,1/60,0.9707222292984568,0.9999999999810132,0.41549138497128324,0.012346292537836347,SLC17A8,down in tumor,1
gs_ind_0,Sensory Processing Of Sound By Outer Hair Cells Of Cochlea R-HSA-9662361,1/45,0.9291554646439599,0.9999999999810132,0.5559457857368888,0.04085045599525646,KCNN2,down in tumor,1
gs_ind_0,Sensory Processing Of Sound R-HSA-9659379,2/66,0.8970636134384637,0.9999999999810132,0.6391579038070355,0.06943076527811948,SLC17A8;KCNN2,down in tumor,2
gs_ind_0,Signaling By ALK R-HSA-201556,1/24,0.7561456449923288,0.9999999999810132,1.0538118105783756,0.2945628148449655,MYC,down in tumor,1
gs_ind_0,Downregulation Of ERBB2 Signaling R-HSA-8863795,1/28,0.807283513755886,0.9999999999810132,0.900357001190004,0.19274874576533615,NRG1,down in tumor,1
gs_ind_0,Downstream Signal Transduction R-HSA-186763,1/27,0.7956034460276429,0.9999999999810132,0.9343776428940298,0.21364955992106982,PDGFRA,down in tumor,1
gs_ind_0,Downstream Signaling Events Of B Cell Receptor (BCR) R-HSA-1168372,1/77,0.9892533008338618,0.9999999999810132,0.322895520762847,0.00348884154831389,PRKCB,down in tumor,1
gs_ind_0,Deubiquitination R-HSA-5688426,4/241,0.9995748909284268,0.9999999999810132,0.3103375536256147,0.0001319553589938121,GATA3;MYC;ESR1;IL33,down in tumor,4
gs_ind_0,Developmental Biology R-HSA-1266738,41/828,0.8494189914415946,0.9999999999810132,0.8655622533049817,0.14126209909263396,JUN;PCK1;ZFPM2;RCAN1;SCN7A;SPTBN2;ADGRG6;CXCL12;DPPA4;EPHB1;LHX2;TCHH;ANK3;RND1;COL6A6;MAG;SEMA6D;RET;KAZN;EFNB3;DSCAM;PPARGC1A;ITGA9;RPS6KA6;EGR2;SCN11A;ABLIM3;GSPT2;SLC2A2;RHOB;NTN4;MYC;LGI1;MAP2K1;NCOR1;EPHA2;PLIN1;SOX10;ACVR1C;KLF4;FOXO1,down in tumor,41
gs_ind_0,Signaling By B Cell Receptor (BCR) R-HSA-983705,3/107,0.9478932883473384,0.9999999999810132,0.5516801539008427,0.029522252114171182,BLK;PRKCB;BLNK,down in tumor,3
gs_ind_0,Signaling By CSF3 (G-CSF) R-HSA-9674555,1/29,0.8182966329960668,0.9999999999810132,0.8687237729388922,0.17420550490572487,SOCS3,down in tumor,1
gs_ind_0,Signaling By EGFR R-HSA-177929,1/46,0.9332071204598231,0.9999999999810132,0.5437010431060412,0.037585024813495106,SPRY2,down in tumor,1
gs_ind_0,Signaling By ERBB2 In Cancer R-HSA-1227990,1/24,0.7561456449923288,0.9999999999810132,1.0538118105783756,0.2945628148449655,NRG1,down in tumor,1
gs_ind_0,Signaling By ERBB2 KD Mutants R-HSA-9664565,1/23,0.741369078838332,0.9999999999810132,1.1007007801137114,0.32939207828439127,NRG1,down in tumor,1
gs_ind_0,Signaling By ERBB2 R-HSA-1227986,1/48,0.9406290219126296,0.9999999999810132,0.5207582621766634,0.03187376727858894,NRG1,down in tumor,1
gs_ind_0,Signaling By FGFR R-HSA-190236,1/76,0.9886004325172215,0.9999999999810132,0.32718804426919834,0.0037512242128853253,SPRY2,down in tumor,1
gs_ind_0,Signaling By FGFR1 R-HSA-5654736,1/41,0.9103399106939656,0.9999999999810132,0.6109715427446487,0.05739296882355123,SPRY2,down in tumor,1
gs_ind_0,Signaling By FGFR2 R-HSA-5654738,1/62,0.973977527357977,0.9999999999810132,0.40194077069687795,0.010597991647789155,SPRY2,down in tumor,1
gs_ind_0,Signaling By FGFR3 R-HSA-5654741,1/32,0.8477041267082741,0.9999999999810132,0.7858748418050282,0.12984507935837947,SPRY2,down in tumor,1
gs_ind_0,Signaling By FGFR4 R-HSA-5654743,1/33,0.8564089175804012,0.9999999999810132,0.7616574619351295,0.11806247389901152,SPRY2,down in tumor,1
gs_ind_0,Integration Of Energy Metabolism R-HSA-163685,4/95,0.7982200212346784,0.9999999999810132,0.8112309748068963,0.18282793902640085,PRKAR2B;ACACB;GNA14;SLC2A2,down in tumor,4
gs_ind_0,Interferon Signaling R-HSA-913531,9/181,0.7113419678173876,0.9999999999810132,0.9084867945268883,0.30943241683854034,SOCS3;MT2A;EIF4E3;HERC5;IRF8;CAMK2B;GBP1;GBP7;EGR1,down in tumor,9
gs_ind_0,Interleukin Receptor SHC Signaling R-HSA-912526,1/21,0.7090778885331219,0.9999999999810132,1.2082023200239935,0.41536775670970993,IL2RB,down in tumor,1
gs_ind_0,Interleukin-12 Family Signaling R-HSA-447115,2/51,0.7962854745683785,0.9999999999810132,0.8334436063693705,0.18985638745756175,IL10;GSTA2,down in tumor,2
gs_ind_0,Interleukin-12 Signaling R-HSA-9020591,2/42,0.7001410136182262,0.9999999999810132,1.019094388817824,0.36328016012221553,IL10;GSTA2,down in tumor,2
gs_ind_0,Interleukin-2 Family Signaling R-HSA-451927,1/35,0.8723553677415807,0.9999999999810132,0.7174344204335753,0.09797170106335613,IL2RB,down in tumor,1
gs_ind_0,Intra-Golgi And Retrograde Golgi-to-ER Traffic R-HSA-6811442,3/177,0.997968917044643,0.9999999999810132,0.32926017123673634,0.0006694347908424194,KIF19;MAN1C1;MAN1A1,down in tumor,3
gs_ind_0,Intracellular Signaling By Second Messengers R-HSA-9006925,14/284,0.7511782585840046,0.9999999999810132,0.8836030656507099,0.2528096998813768,JUN;IL33;NR4A1;PDGFRA;PRKAR2B;CAMK4;ESR1;IL1RL1;CAMK2B;NRG1;FLT3;EGR1;IL1RAP;FOXO1,down in tumor,14
gs_ind_0,Defective CFTR Causes Cystic Fibrosis R-HSA-5678895,1/58,0.9670600706048398,0.9999999999810132,0.42998465067347325,0.014402191775328149,ERLIN1,down in tumor,1
gs_ind_0,Signaling By Hedgehog R-HSA-5358351,3/131,0.982040884299319,0.9999999999810132,0.4481231903213788,0.008121039825775722,GAS1;HHIP;PRKAR2B,down in tumor,3
gs_ind_0,Signaling By Insulin Receptor R-HSA-74752,1/60,0.9707222292984568,0.9999999999810132,0.41549138497128324,0.012346292537836347,FLT3,down in tumor,1
gs_ind_0,Signaling By MET R-HSA-6806834,1/61,0.9723977883823565,0.9999999999810132,0.4086040892863582,0.011436955507859756,HGFAC,down in tumor,1
gs_ind_0,Signaling By NOTCH R-HSA-157118,6/187,0.959376227483934,0.9999999999810132,0.5891049081013239,0.024431340336488305,ST3GAL6;JUN;DTX1;MYC;PTCRA;NCOR1,down in tumor,6
gs_ind_0,Signaling By NOTCH1 R-HSA-1980143,3/73,0.7942676926350268,0.9999999999810132,0.8190799020560895,0.18866254823495732,MYC;NCOR1;DTX1,down in tumor,3
gs_ind_0,Signaling By NOTCH3 R-HSA-9012852,1/47,0.9370272320844677,0.9999999999810132,0.5319829560722191,0.03460173235890292,PTCRA,down in tumor,1
gs_ind_0,Signaling By NTRK2 (TRKB) R-HSA-9006115,1/22,0.725697866903064,0.9999999999810132,1.1519515142569856,0.36934043632897817,NTF3,down in tumor,1
gs_ind_0,Defective Intrinsic Pathway For Apoptosis R-HSA-9734009,1/23,0.741369078838332,0.9999999999810132,1.1007007801137114,0.32939207828439127,JUN,down in tumor,1
gs_ind_0,Degradation Of Beta-Catenin By Destruction Complex R-HSA-195253,1/82,0.9919981445047311,0.9999999999810132,0.3030129732334282,0.002434419001364342,MYC,down in tumor,1
gs_ind_0,Detoxification Of Reactive Oxygen Species R-HSA-3299685,1/32,0.8477041267082741,0.9999999999810132,0.7858748418050282,0.12984507935837947,GLYAT,down in tumor,1
gs_ind_0,DAP12 Signaling R-HSA-2424491,1/26,0.7832160737702707,0.9999999999810132,0.9710665702219008,0.23727687770957465,KLRD1,down in tumor,1
gs_ind_0,DARPP-32 Events R-HSA-180024,1/22,0.725697866903064,0.9999999999810132,1.1519515142569856,0.36934043632897817,PRKAR2B,down in tumor,1
gs_ind_0,DNA Double Strand Break Response R-HSA-5693606,1/53,0.9557754543948557,0.9999999999810132,0.471048903496345,0.0213066130041884,EYA2,down in tumor,1
gs_ind_0,DNA Double-Strand Break Repair R-HSA-5693532,1/138,0.9997071841450763,0.9999999999810132,0.17911939706465688,5.2456679833541994e-05,EYA2,down in tumor,1
gs_ind_0,DNA Repair R-HSA-73894,1/291,0.9999999667125512,0.9999999999810132,0.08415437690013183,2.801284558762458e-09,EYA2,down in tumor,1
gs_ind_0,Signaling By ROBO Receptors R-HSA-376176,3/203,0.9994398218993823,0.9999999999810132,0.2862024517569802,0.0001603692676880652,CXCL12;GSPT2;LHX2,down in tumor,3
gs_ind_0,Signaling By Rho GTPases R-HSA-194315,19/609,0.9990747420556312,0.9999999999810132,0.5380268060522321,0.0004980440217249142,TJP2;ARHGAP10;FERMT2;S100A8;PRKCB;RND1;STEAP3;KLKB1;EGR2;SLITRK3;DLC1;SYDE2;TAGAP;RHOB;FAM13A;ARHGEF26;ARHGAP20;EPHA2;RND3,down in tumor,19
gs_ind_0,"Signaling By Rho GTPases, Miro GTPases And RHOBTB3 R-HSA-9716542",19/625,0.9994402472470695,0.9999999999810132,0.5234191629579621,0.0002930673476838455,TJP2;ARHGAP10;FERMT2;S100A8;PRKCB;RND1;STEAP3;KLKB1;EGR2;SLITRK3;DLC1;SYDE2;TAGAP;RHOB;FAM13A;ARHGEF26;ARHGAP20;EPHA2;RND3,down in tumor,19
gs_ind_0,Signaling By SCF-KIT R-HSA-1433557,1/41,0.9103399106939656,0.9999999999810132,0.6109715427446487,0.05739296882355123,SOCS6,down in tumor,1
gs_ind_0,Signaling By TGF-beta Receptor Complex R-HSA-170834,3/89,0.8895203284565627,0.9999999999810132,0.667059371992991,0.0780945873824301,SERPINE1;MYC;NCOR1,down in tumor,3
gs_ind_0,Deactivation Of Beta-Catenin Transactivating Complex R-HSA-3769402,1/40,0.9049024378610455,0.9999999999810132,0.6264693034208848,0.06260191511582275,SOX6,down in tumor,1
gs_ind_0,Death Receptor Signaling R-HSA-73887,4/136,0.9552360907329857,0.9999999999810132,0.559101241606962,0.025605021814365206,SMPD3;ARHGEF26;MAG;NGFR,down in tumor,4
gs_ind_0,KEAP1-NFE2L2 Pathway R-HSA-9755511,3/96,0.9170458234747487,0.9999999999810132,0.6169108883124167,0.053423148488100244,HMOX1;MYC;PHGDH,down in tumor,3
gs_ind_0,Kinesins R-HSA-983189,1/40,0.9049024378610455,0.9999999999810132,0.6264693034208848,0.06260191511582275,KIF19,down in tumor,1
gs_ind_0,PI3K Cascade R-HSA-109704,1/32,0.8477041267082741,0.9999999999810132,0.7858748418050282,0.12984507935837947,FLT3,down in tumor,1
gs_ind_0,PIP3 Activates AKT Signaling R-HSA-1257604,11/249,0.8470427461813771,0.9999999999810132,0.7941418820312546,0.1318308225798393,JUN;IL33;NR4A1;PDGFRA;ESR1;IL1RL1;NRG1;FLT3;EGR1;IL1RAP;FOXO1,down in tumor,11
gs_ind_0,PTEN Regulation R-HSA-6807070,2/135,0.9967745921523574,0.9999999999810132,0.3077807167400416,0.000994322750737229,JUN;EGR1,down in tumor,2
gs_ind_0,Late Endosomal Microautophagy R-HSA-9615710,1/29,0.8182966329960668,0.9999999999810132,0.8687237729388922,0.17420550490572487,PLIN2,down in tumor,1
gs_ind_0,Late SARS-CoV-2 Infection Events R-HSA-9772573,1/57,0.9650607805120742,0.9999999999810132,0.43761606049011315,0.015563462752867702,MOGAT2,down in tumor,1
gs_ind_0,Loss Of Nlp From Mitotic Centrosomes R-HSA-380259,1/69,0.9827754531792059,0.9999999999810132,0.3607449251108209,0.00626780420942943,PRKAR2B,down in tumor,1
gs_ind_0,M Phase R-HSA-68886,3/356,0.9999998193660341,0.9999999999810132,0.16112612453140426,2.9104853512234395e-08,PRKCB;PRKAR2B;LPIN2,down in tumor,3
gs_ind_0,Cooperation Of PDCL (PhLP1) And TRiC/CCT In G-protein Beta Folding R-HSA-6814122,1/31,0.8384720770870424,0.9999999999810132,0.8116802465844285,0.1429969551956452,GNA14,down in tumor,1
gs_ind_0,Costimulation By CD28 Family R-HSA-388841,2/63,0.8816350729235798,0.9999999999810132,0.6704331632438992,0.08445919756689008,CD4;PDCD1LG2,down in tumor,2
gs_ind_0,Cross-presentation Of Soluble Exogenous Antigens (Endosomes) R-HSA-1236978,1/46,0.9332071204598231,0.9999999999810132,0.5437010431060412,0.037585024813495106,MRC1,down in tumor,1
gs_ind_0,Cyclin A/B1/B2 Associated Events During G2/M Transition R-HSA-69273,1/24,0.7561456449923288,0.9999999999810132,1.0538118105783756,0.2945628148449655,WEE1,down in tumor,1
gs_ind_0,Cyclin A:Cdk2-associated Events At S Phase Entry R-HSA-69656,2/83,0.9544091992965814,0.9999999999810132,0.505422591981919,0.023584417868192452,WEE1;MYC,down in tumor,2
gs_ind_0,Signaling By VEGF R-HSA-194138,2/98,0.9783377950243259,0.9999999999810132,0.42655095882690514,0.00934158325571011,PRKCB;AXL,down in tumor,2
gs_ind_0,Signaling By WNT R-HSA-195721,9/262,0.9663228672360282,0.9999999999810132,0.6157775179424189,0.021094856396012152,PDE6G;GNAO1;RSPO3;PRKCB;MYC;SOX6;SFRP1;WNT11;WNT2,down in tumor,9
gs_ind_0,Signaling To ERKs R-HSA-187687,1/32,0.8477041267082741,0.9999999999810132,0.7858748418050282,0.12984507935837947,MAP2K1,down in tumor,1
gs_ind_0,Smooth Muscle Contraction R-HSA-445355,1/38,0.893019103082756,0.9999999999810132,0.6599444664815549,0.07467093869293664,ALDH2,down in tumor,1
gs_ind_0,Sphingolipid De Novo Biosynthesis R-HSA-1660661,2/42,0.7001410136182262,0.9999999999810132,1.019094388817824,0.36328016012221553,SGMS2;PLPP3,down in tumor,2
gs_ind_0,Sphingolipid Metabolism R-HSA-428157,4/84,0.7134197133584066,0.9999999999810132,0.9225714038748873,0.3115388690725228,SMPD3;SGMS2;PLPP3;GBA3,down in tumor,4
gs_ind_0,Cyclin E Associated Events During G1/S Transition R-HSA-69202,2/81,0.949735684461049,0.9999999999810132,0.5181875607021854,0.026723740869164483,WEE1;MYC,down in tumor,2
gs_ind_0,Cytosolic Sensors Of Pathogen-Associated DNA R-HSA-1834949,1/61,0.9723977883823565,0.9999999999810132,0.4086040892863582,0.011436955507859756,TLR3,down in tumor,1
gs_ind_0,Chromatin Modifying Enzymes R-HSA-3247509,3/218,0.9997372483622187,0.9999999999810132,0.266087588159218,6.99241363251299e-05,KDM6B;PADI4;NCOR1,down in tumor,3
gs_ind_0,Synthesis Of IP3 And IP4 In Cytosol R-HSA-1855204,1/26,0.7832160737702707,0.9999999999810132,0.9710665702219008,0.23727687770957465,PLCZ1,down in tumor,1
gs_ind_0,Synthesis Of PIPs At Plasma Membrane R-HSA-1660499,1/50,0.9472267962651343,0.9999999999810132,0.4996694433425889,0.027090440938861742,PIK3C2G,down in tumor,1
gs_ind_0,Cilium Assembly R-HSA-5617833,1/181,0.9999770422268481,0.9999999999810132,0.13616480291314728,3.1260765405639156e-06,PRKAR2B,down in tumor,1
gs_ind_0,Citric Acid (TCA) Cycle And Respiratory Electron Transport R-HSA-1428517,6/159,0.8965382558393304,0.9999999999810132,0.6975081627808327,0.07617787579410312,MPC1;LDLR;GSTZ1;PDK4;LDHD;ETFDH,down in tumor,6
gs_ind_0,Class I MHC Mediated Antigen Processing And Presentation R-HSA-983169,11/364,0.994375569988763,0.9999999999810132,0.5328013066343477,0.003005162767411115,SEC24B;S100A8;SOCS3;SPSB4;FGA;MRC1;TLR4;FGG;HERC5;FGB;FBXO15,down in tumor,11
gs_ind_0,Clathrin-mediated Endocytosis R-HSA-8856828,5/134,0.8862763428758654,0.9999999999810132,0.6998342211235168,0.08448852041957912,AGTR1;CHRM2;LDLR;SYT9;CD4,down in tumor,5
gs_ind_0,Collagen Biosynthesis And Modifying Enzymes R-HSA-1650814,3/64,0.715275306390003,0.9999999999810132,0.9393522421517422,0.31476544477601964,P3H2;COL25A1;COL6A6,down in tumor,3
gs_ind_0,Collagen Degradation R-HSA-1442490,1/35,0.8723553677415807,0.9999999999810132,0.7174344204335753,0.09797170106335613,COL25A1,down in tumor,1
gs_ind_0,Collagen Formation R-HSA-1474290,3/86,0.8753965767597518,0.9999999999810132,0.6911254963255848,0.09197378175469278,P3H2;COL25A1;COL6A6,down in tumor,3
gs_ind_0,Constitutive Signaling By NOTCH1 HD+PEST Domain Mutants R-HSA-2894862,2/57,0.8441902852945915,0.9999999999810132,0.7431270095025554,0.12586888602599772,MYC;NCOR1,down in tumor,2
gs_ind_0,TP53 Regulates Transcription Of Cell Death Genes R-HSA-5633008,2/43,0.7124442233633168,0.9999999999810132,0.9944900682523663,0.3371854904161805,IGFBP3;STEAP3,down in tumor,2
gs_ind_0,TP53 Regulates Transcription Of DNA Repair Genes R-HSA-6796648,2/59,0.8577316736134064,0.9999999999810132,0.7172100730103388,0.11006590019531723,JUN;FOS,down in tumor,2
gs_ind_0,Synthesis Of Very Long-Chain Fatty acyl-CoAs R-HSA-75876,1/21,0.7090778885331219,0.9999999999810132,1.2082023200239935,0.41536775670970993,ACSL1,down in tumor,1
gs_ind_0,TAK1-dependent IKK And NF-kappa-B Activation R-HSA-445989,2/44,0.7243211909253714,0.9999999999810132,0.9710435980664596,0.3131813221798708,S100A12;SAA2,down in tumor,2
gs_ind_0,TCF Dependent Signaling In Response To WNT R-HSA-201681,4/174,0.9908456867182714,0.9999999999810132,0.43369460655422304,0.0039884600850196615,SFRP1;RSPO3;SOX6;MYC,down in tumor,4
gs_ind_0,TCR Signaling R-HSA-202403,1/110,0.9984676292720408,0.9999999999810132,0.22522591057038682,0.0003453942962291813,CD4,down in tumor,1
gs_ind_0,Cellular Response To Starvation R-HSA-9711097,2/148,0.9983758933942375,0.9999999999810132,0.28029298153148696,0.000455595751114623,FNIP2;ATF3,down in tumor,2
gs_ind_0,Cellular Responses To Stimuli R-HSA-8953897,34/692,0.841079813946082,0.9999999999810132,0.8611248486423041,0.14903377522023178,GLYAT;HBA1;JUN;NR3C2;MT2A;IGFBP1;TLR4;CCL2;MT1G;CITED2;MT1E;ATF5;ALB;HMOX1;PHGDH;KDM6B;CLEC1B;PPARGC1A;MT1M;MT1H;ETS2;IL6;MT1A;ID1;MAP2K3;MYC;ATF3;FOS;MT1X;NCOR1;FNIP2;CAMK2B;MT1F;APOA1,down in tumor,34
gs_ind_0,Cellular Responses To Stress R-HSA-2262752,26/681,0.9907640332628145,0.9999999999810132,0.660266567391505,0.006126536049020911,GLYAT;HBA1;JUN;NR3C2;IGFBP1;TLR4;CCL2;CITED2;ALB;ATF5;HMOX1;PHGDH;KDM6B;CLEC1B;PPARGC1A;ETS2;IL6;ID1;MAP2K3;MYC;ATF3;FOS;NCOR1;FNIP2;CAMK2B;APOA1,down in tumor,26
gs_ind_0,Cellular Senescence R-HSA-2559583,7/143,0.7142356392239808,0.9999999999810132,0.9065167594462135,0.3050812752489935,ID1;MAP2K3;JUN;KDM6B;FOS;ETS2;IL6,down in tumor,7
gs_ind_0,Centrosome Maturation R-HSA-380287,1/81,0.9915119099355554,0.9999999999810132,0.3067918922048581,0.0026151919731178244,PRKAR2B,down in tumor,1
gs_ind_0,Chaperonin-mediated Protein Folding R-HSA-390466,1/79,0.9904490860437496,0.9999999999810132,0.3146385647187826,0.0030195285513579992,GNA14,down in tumor,1
gs_ind_0,MAPK6/MAPK4 Signaling R-HSA-5687128,3/85,0.8703442703490485,0.9999999999810132,0.6995364852337439,0.09714213615163789,MYC;JUN;FOXO1,down in tumor,3
gs_ind_0,MHC Class II Antigen Presentation R-HSA-2132295,2/99,0.9794003763839227,0.9999999999810132,0.42215571909895055,0.008787068039446667,SEC24B;SPTBN2,down in tumor,2
gs_ind_0,Macroautophagy R-HSA-1632852,2/111,0.9887990001019524,0.9999999999810132,0.3756745537567455,0.004231674624405538,PLIN2;GABARAPL1,down in tumor,2
gs_ind_0,Major Pathway Of rRNA Processing In Nucleolus And Cytosol R-HSA-6791226,1/177,0.9999709011014772,0.9999999999810132,0.13927765972628786,4.052885454400205e-06,RCL1,down in tumor,1
gs_ind_0,Meiosis R-HSA-1500620,1/66,0.979443209453334,0.9999999999810132,0.3773220974349813,0.007837365736702354,SYNE1,down in tumor,1
gs_ind_0,Meiotic Synapsis R-HSA-1221632,1/43,0.9203005818640082,0.9999999999810132,0.5821639405464685,0.04835159283052276,SYNE1,down in tumor,1
gs_ind_0,Organelle Biogenesis And Maintenance R-HSA-1852241,6/270,0.9983899834458675,0.9999999999810132,0.40261940091197973,0.0006487462868642556,PRKAR2B;CAMK4;PPARGC1A;NCOR1;ALAS1;GLUD1,down in tumor,6
gs_ind_0,Ovarian Tumor Domain Proteases R-HSA-5689896,1/38,0.893019103082756,0.9999999999810132,0.6599444664815549,0.07467093869293664,ESR1,down in tumor,1
gs_ind_0,P75 NTR Receptor-Mediated Signaling R-HSA-193704,3/92,0.9021932700651495,0.9999999999810132,0.6446066191240348,0.06634711188983633,ARHGEF26;MAG;NGFR,down in tumor,3
gs_ind_0,PCP/CE Pathway R-HSA-4086400,2/84,0.9565871856303926,0.9999999999810132,0.4992721979621543,0.022159369497403932,WNT11;PRKCB,down in tumor,2
gs_ind_0,PI Metabolism R-HSA-1483255,2/79,0.9446069999243704,0.9999999999810132,0.5316113665176914,0.030294570707900235,PIK3C2G;PNPLA7,down in tumor,2
gs_ind_0,Membrane Trafficking R-HSA-199991,15/575,0.9998886233663341,0.9999999999810132,0.44977211839895687,5.009689432756686e-05,AGTR1;SEC24B;ANK3;CHRM2;MAN1A1;SERPINA1;GJB3;LDLR;MAN1C1;GJB2;F8;SPTBN2;SYT9;KIF19;CD4,down in tumor,15
gs_ind_0,"Cell Cycle, Mitotic R-HSA-69278",6/496,0.999999958769847,0.9999999999810132,0.21472534101736254,8.853158836704786e-09,PRKCB;MYC;PRKAR2B;LPIN2;PHLDA1;WEE1,down in tumor,6
gs_ind_0,"Cell Death Signaling Via NRAGE, NRIF And NADE R-HSA-204998",2/72,0.9224564852995331,0.9999999999810132,0.5845925575554861,0.04718543188610999,ARHGEF26;NGFR,down in tumor,2
gs_ind_0,Cell Junction Organization R-HSA-446728,3/79,0.836075485571591,0.9999999999810132,0.7546202165146286,0.13510446899297782,FERMT2;ANG;CDH19,down in tumor,3
gs_ind_0,Cell-Cell Communication R-HSA-1500931,4/110,0.8799113022636759,0.9999999999810132,0.696469072886624,0.08910219240269472,FERMT2;SIRPB1;ANG;CDH19,down in tumor,4
gs_ind_0,Cell-cell Junction Organization R-HSA-421270,2/54,0.8216772258013885,0.9999999999810132,0.7857048337397682,0.15431842457461115,ANG;CDH19,down in tumor,2
gs_ind_0,Cellular Response To Chemical Stress R-HSA-9711123,7/176,0.8809195766470447,0.9999999999810132,0.7288628195134683,0.09241174695336084,GLYAT;HMOX1;HBA1;PHGDH;MYC;NCOR1;ALB,down in tumor,7
gs_ind_0,Cellular Response To Heat Stress R-HSA-3371556,1/95,0.9962843825737686,0.9999999999810132,0.2611649446238895,0.000972196294691948,CAMK2B,down in tumor,1
gs_ind_0,Cellular Response To Hypoxia R-HSA-1234174,1/70,0.9837616122503079,0.9999999999810132,0.3555372282895619,0.005820740042194582,CITED2,down in tumor,1
gs_ind_0,TNF Signaling R-HSA-75893,1/44,0.9248582421183952,0.9999999999810132,0.5687535050404191,0.044428069126706896,SMPD3,down in tumor,1
gs_ind_0,TNFR2 Non-Canonical NF-kB Pathway R-HSA-5668541,1/97,0.9966981476305147,0.9999999999810132,0.25572753636294504,0.0008457716481137362,TNFSF11,down in tumor,1
gs_ind_0,TNFs Bind Their Physiological Receptors R-HSA-5669034,1/28,0.807283513755886,0.9999999999810132,0.900357001190004,0.19274874576533615,TNFSF11,down in tumor,1
gs_ind_0,TP53 Regulates Metabolic Genes R-HSA-5628897,1/81,0.9915119099355554,0.9999999999810132,0.3067918922048581,0.0026151919731178244,GLS2,down in tumor,1
gs_ind_0,TP53 Regulates Transcription Of Additional Cell Cycle Genes With Uncertain Roles In P53 Pathway R-HSA-6804115,1/21,0.7090778885331219,0.9999999999810132,1.2082023200239935,0.41536775670970993,PLK3,down in tumor,1
gs_ind_0,TP53 Regulates Transcription Of Cell Cycle Genes R-HSA-6791312,1/48,0.9406290219126296,0.9999999999810132,0.5207582621766634,0.03187376727858894,PLK3,down in tumor,1
gs_ind_0,Thrombin Signaling Thru Proteinase Activated Receptors (PARs) R-HSA-456926,1/28,0.807283513755886,0.9999999999810132,0.900357001190004,0.19274874576533615,GNA14,down in tumor,1
gs_ind_0,C-type Lectin Receptors (CLRs) R-HSA-5621481,1/123,0.9992891681186612,0.9999999999810132,0.20119809923175935,0.00014306887838501335,IL1B,down in tumor,1
gs_ind_0,CDC42 GTPase Cycle R-HSA-9013148,7/143,0.7142356392239808,0.9999999999810132,0.9065167594462135,0.3050812752489935,TAGAP;ARHGEF26;ARHGAP20;STEAP3;EGR2;ARHGAP10;DLC1,down in tumor,7
gs_ind_0,CLEC7A (Dectin-1) Signaling R-HSA-5607764,1/97,0.9966981476305147,0.9999999999810132,0.25572753636294504,0.0008457716481137362,IL1B,down in tumor,1
gs_ind_0,COPI-dependent Golgi-to-ER Retrograde Traffic R-HSA-6811434,1/76,0.9886004325172215,0.9999999999810132,0.32718804426919834,0.0037512242128853253,KIF19,down in tumor,1
gs_ind_0,COPI-mediated Anterograde Transport R-HSA-6807878,2/79,0.9446069999243704,0.9999999999810132,0.5316113665176914,0.030294570707900235,SPTBN2;ANK3,down in tumor,2
gs_ind_0,COPII-mediated Vesicle Transport R-HSA-204005,3/64,0.715275306390003,0.9999999999810132,0.9393522421517422,0.31476544477601964,F8;SEC24B;SERPINA1,down in tumor,3
gs_ind_0,Carboxyterminal Post-Translational Modifications Of Tubulin R-HSA-8955332,1/33,0.8564089175804012,0.9999999999810132,0.7616574619351295,0.11806247389901152,AGBL4,down in tumor,1
gs_ind_0,Caspase Activation Via Extrinsic Apoptotic Signaling Pathway R-HSA-5357769,1/25,0.7700786011166909,0.9999999999810132,1.0107505120255162,0.2640713976621871,TLR4,down in tumor,1
gs_ind_0,Cell Cycle Checkpoints R-HSA-69620,1/255,0.9999997162641794,0.9999999999810132,0.09622666653158654,2.7302956066940702e-08,WEE1,down in tumor,1
gs_ind_0,Cell Cycle R-HSA-1640170,7/620,0.9999999995361079,0.9999999999810132,0.19704613513600427,9.140815469133696e-11,SYNE1;PRKCB;MYC;PRKAR2B;LPIN2;PHLDA1;WEE1,down in tumor,7
gs_ind_0,Transcriptional Regulation By RUNX2 R-HSA-8878166,3/112,0.958042177199515,0.9999999999810132,0.5263622889465788,0.022561717169083464,ESR1;HAND2;PPARGC1A,down in tumor,3
gs_ind_0,Transcriptional Regulation By RUNX3 R-HSA-8878159,1/94,0.9960584607079854,0.9999999999810132,0.263970879902933,0.0010425074895441722,MYC,down in tumor,1
gs_ind_0,Transcriptional Regulation By TP53 R-HSA-3700989,7/346,0.9997899587173773,0.9999999999810132,0.3609010507680451,7.581208171538846e-05,JUN;SGK1;IGFBP3;FOS;STEAP3;PLK3;GLS2,down in tumor,7
gs_ind_0,Transcriptional Regulation Of Granulopoiesis R-HSA-9616222,1/44,0.9248582421183952,0.9999999999810132,0.5687535050404191,0.044428069126706896,MYC,down in tumor,1
gs_ind_0,Transferrin Endocytosis And Recycling R-HSA-917977,1/27,0.7956034460276429,0.9999999999810132,0.9343776428940298,0.21364955992106982,STEAP3,down in tumor,1
gs_ind_0,Translation R-HSA-72766,1/277,0.9999999233730394,0.9999999999810132,0.08847561137440078,6.779617442576548e-09,GSPT2,down in tumor,1
gs_ind_0,Asparagine N-linked Glycosylation R-HSA-446203,13/274,0.7912115830289116,0.9999999999810132,0.8506689863400134,0.19921804992971323,ST3GAL6;MOGAT2;SEC24B;ST8SIA6;ANK3;MAN1A1;SERPINA1;GNPNAT1;MAN1C1;F8;GNE;SPTBN2;ST6GAL2,down in tumor,13
gs_ind_0,Assembly And Cell Surface Presentation Of NMDA Receptors R-HSA-9609736,1/24,0.7561456449923288,0.9999999999810132,1.0538118105783756,0.2945628148449655,CAMK2B,down in tumor,1
gs_ind_0,Assembly Of Collagen Fibrils And Other Multimeric Structures R-HSA-2022090,1/55,0.960691119008399,0.9999999999810132,0.45371903533256425,0.018195194067231364,COL6A6,down in tumor,1
gs_ind_0,Autophagy R-HSA-9612973,2/125,0.9945612228193933,0.9999999999810132,0.33286295409945144,0.0018153084551172083,PLIN2;GABARAPL1,down in tumor,2
gs_ind_0,Axon Guidance R-HSA-422475,21/491,0.9356862661875246,0.9999999999810132,0.7501264659231627,0.04986469011954268,SCN7A;SPTBN2;CXCL12;LHX2;ANK3;RND1;COL6A6;SEMA6D;RET;EFNB3;DSCAM;ITGA9;RPS6KA6;SCN11A;ABLIM3;GSPT2;RHOB;NTN4;MAP2K1;EPHA2;EPHB1,down in tumor,21
gs_ind_0,Beta-catenin Independent WNT Signaling R-HSA-3858494,5/133,0.882431943961564,0.9999999999810132,0.7053144659444043,0.0882162267740692,PDE6G;GNAO1;PRKCB;MYC;WNT11,down in tumor,5
gs_ind_0,Metabolism Of Polyamines R-HSA-351202,1/55,0.960691119008399,0.9999999999810132,0.45371903533256425,0.018195194067231364,AGMAT,down in tumor,1
gs_ind_0,Metabolism Of Proteins R-HSA-392499,81/1735,0.979392219273313,0.9999999999810132,0.800317156410795,0.01666507147575207,CP;NR4A2;AGBL4;BCHE;GNA14;NEGR1;SAA2;ST3GAL6;MOGAT2;ART4;FGA;MAN1C1;FBXO15;KLKB1;ADAMTSL2;AGXT;LYPD2;IL6;SOCS2;CHST4;KLF4;SOCS3;IGFBP1;GATA3;CLTRN;ALB;ANK3;F8;C1QTNF1;THBS1;ST6GAL2;ST8SIA6;CFP;SATB1;EVA1A;SEC24B;CPB2;IGF1;ENPEP;PLG;CNTN4;SPTBN2;ESR1;SERPINA1;ADAMTS13;ADAMTS1;TTR;IGFBP4;PROZ;DCUN1D3;ALPL;MSRA;GSPT2;SERPINA10;IL33;MYC;IGFBP3;FGG;GNE;APOL1;VNN1;NR1I2;NR3C2;SPSB4;MAN1A1;GNPNAT1;RNF152;APOA5;INHBC;SORL1;TECTA;SOCS6;CNTN3;PPARGC1A;CISH;F9;LY6E;APCS;IGFALS;PROS1;APOA1,down in tumor,81
gs_ind_0,Metabolism Of RNA R-HSA-8953854,6/645,0.9999999999810132,0.9999999999810132,0.16348924777888937,3.104139631661733e-12,GSPT2;ZFP36L1;MYC;RCL1;ZFP36;NSUN6,down in tumor,6
gs_ind_0,Nuclear Envelope Breakdown R-HSA-2980766,2/53,0.8135465406549677,0.9999999999810132,0.8009997803104175,0.16528802166308945,PRKCB;LPIN2,down in tumor,2
gs_ind_0,Nuclear Events Mediated By NFE2L2 R-HSA-9759194,3/76,0.8161788982661062,0.9999999999810132,0.7855345554987987,0.1595591221581337,HMOX1;MYC;PHGDH,down in tumor,3
gs_ind_0,"Nucleotide-binding Domain, Leucine Rich Repeat Containing NLR Signaling Pathways R-HSA-168643",2/52,0.8050859911334863,0.9999999999810132,0.8169004673393103,0.17710907465297673,HMOX1;MEFV,down in tumor,2
gs_ind_0,O-linked Glycosylation Of Mucins R-HSA-913709,1/45,0.9291554646439599,0.9999999999810132,0.5559457857368888,0.04085045599525646,CHST4,down in tumor,1
gs_ind_0,Mitotic G1 Phase And G1/S Transition R-HSA-453279,2/144,0.9979926212132119,0.9999999999810132,0.28821657159970193,0.0005791413044842564,WEE1;MYC,down in tumor,2
gs_ind_0,Mitotic G2-G2/M Phases R-HSA-453274,3/181,0.9983303369344976,0.9999999999810132,0.3218194707362484,0.0005377791640900318,WEE1;PRKAR2B;PHLDA1,down in tumor,3
gs_ind_0,Mitotic Prometaphase R-HSA-68877,1/183,0.9999796085032083,0.9999999999810132,0.13465954475556013,2.7459376718357596e-06,PRKAR2B,down in tumor,1
gs_ind_0,Mitotic Prophase R-HSA-68875,2/97,0.9772222023984013,0.9999999999810132,0.43103824546015723,0.009931646797484555,PRKCB;LPIN2,down in tumor,2
gs_ind_0,Amino Acids Regulate mTORC1 R-HSA-9639288,1/51,0.9502456226990694,0.9999999999810132,0.48975143448497965,0.024994355536433876,FNIP2,down in tumor,1
gs_ind_0,Anchoring Of Basal Body To Plasma Membrane R-HSA-5620912,1/97,0.9966981476305147,0.9999999999810132,0.25572753636294504,0.0008457716481137362,PRKAR2B,down in tumor,1
gs_ind_0,"Antigen Presentation: Folding, Assembly, Peptide Loading Of Class I MHC R-HSA-983170",1/28,0.807283513755886,0.9999999999810132,0.900357001190004,0.19274874576533615,SEC24B,down in tumor,1
gs_ind_0,Antigen Processing: Ubiquitination And Proteasome Degradation R-HSA-983168,4/293,0.9999663844595764,0.9999999999810132,0.2539519360520813,8.536875058643768e-06,HERC5;SOCS3;SPSB4;FBXO15,down in tumor,4
gs_ind_0,Antiviral Mechanism By IFN-stimulated Genes R-HSA-1169410,2/82,0.9521269098323241,0.9999999999810132,0.5117257908220505,0.02510370368282412,HERC5;EIF4E3,down in tumor,2
gs_ind_0,Apoptosis R-HSA-109581,4/170,0.9891111179191665,0.9999999999810132,0.4441996668636828,0.004863364410237283,SATB1;TLR4;ARHGAP10;TJP2,down in tumor,4
gs_ind_0,Apoptotic Execution Phase R-HSA-75153,2/47,0.7574819857261739,0.9999999999810132,0.9068878719533742,0.2518931152683286,SATB1;TJP2,down in tumor,2
gs_ind_0,Nervous System Development R-HSA-9675108,25/516,0.828634491950003,0.9999999999810132,0.8535458639985289,0.16044624267996363,SCN7A;SPTBN2;ADGRG6;CXCL12;LHX2;ANK3;RND1;COL6A6;MAG;SEMA6D;RET;EFNB3;DSCAM;ITGA9;RPS6KA6;EGR2;SCN11A;ABLIM3;GSPT2;RHOB;NTN4;MAP2K1;EPHA2;EPHB1;SOX10,down in tumor,25
gs_ind_0,Nonsense Mediated Decay (NMD) Enhanced By Exon Junction Complex (EJC) R-HSA-975957,1/111,0.9985555259008597,0.9999999999810132,0.2231768977691464,0.0003226063027121202,GSPT2,down in tumor,1
gs_ind_0,Nonsense Mediated Decay (NMD) Independent Of Exon Junction Complex (EJC) R-HSA-975956,1/91,0.9952949605742947,0.9999999999810132,0.2727607434566218,0.0012863786615966185,GSPT2,down in tumor,1
gs_ind_0,Notch-HLH Transcription Pathway R-HSA-350054,1/28,0.807283513755886,0.9999999999810132,0.900357001190004,0.19274874576533615,NCOR1,down in tumor,1
gs_ind_0,NCAM Signaling For Neurite Out-Growth R-HSA-375165,2/52,0.8050859911334863,0.9999999999810132,0.8169004673393103,0.17710907465297673,COL6A6;SPTBN2,down in tumor,2
gs_ind_0,NCAM1 Interactions R-HSA-419037,1/32,0.8477041267082741,0.9999999999810132,0.7858748418050282,0.12984507935837947,COL6A6,down in tumor,1
gs_ind_0,NOTCH1 Intracellular Domain Regulates Transcription R-HSA-2122947,2/47,0.7574819857261739,0.9999999999810132,0.9068878719533742,0.2518931152683286,MYC;NCOR1,down in tumor,2
gs_ind_0,NOTCH3 Intracellular Domain Regulates Transcription R-HSA-9013508,1/23,0.741369078838332,0.9999999999810132,1.1007007801137114,0.32939207828439127,PTCRA,down in tumor,1
gs_ind_0,NRAGE Signals Death Thru JNK R-HSA-193648,2/55,0.8294881043699425,0.9999999999810132,0.7709816608726946,0.14413233091128344,ARHGEF26;NGFR,down in tumor,2
gs_ind_0,rRNA Processing In Nucleus And Cytosol R-HSA-8868773,1/187,0.9999839130663385,0.9999999999810132,0.1317458815121877,2.1194043034673407e-06,RCL1,down in tumor,1
gs_ind_0,rRNA Processing R-HSA-72312,1/196,0.999990565762557,0.9999999999810132,0.1256260709274828,1.1851917728651558e-06,RCL1,down in tumor,1
gs_ind_0,tRNA Modification In Nucleus And Cytosol R-HSA-6782315,1/42,0.9154667130616666,0.9999999999810132,0.5962206621010022,0.0526589689553729,NSUN6,down in tumor,1
gs_ind_0,tRNA Processing R-HSA-72306,1/103,0.9976830918613923,0.9999999999810132,0.24068846083145481,0.0005583000687948818,NSUN6,down in tumor,1
gs_ind_0,ABC Transporter Disorders R-HSA-5619084,3/75,0.8091052503829692,0.9999999999810132,0.7964078747277136,0.16870011031846266,ERLIN1;ABCC9;APOA1,down in tumor,3
gs_ind_0,Vpu Mediated Degradation Of CD4 R-HSA-180534,1/49,0.9440249578360703,0.9999999999810132,0.5099964422561821,0.029377159212672706,CD4,down in tumor,1
