Gene_set,Term,Overlap,P-value,Adjusted P-value,Odds Ratio,Combined Score,Genes,direction,n_hits
gs_ind_0,Cell Cycle Checkpoints R-HSA-69620,71/255,2.821573915298063e-20,1.601243196931651e-17,4.395591209373523,197.86493172472703,CCNA2;CENPL;CENPE;CDKN2A;GTSE1;CDC45;CHEK1;H2BC9;EXO1;UBE2S;CENPK;SPDL1;AURKB;CCNE1;MCM6;H2BC11;CENPF;MAD2L1;SGO1;CDK1;ERCC6L;BIRC5;SPC24;INCENP;DSN1;SKA1;BLM;CENPI;H2BC15;CENPH;CENPA;H2BC17;CDCA8;CDC20;ORC6;MCM3;RMI2;SPC25;MCM5;NUF2;CCNB1;BUB1;CENPM;ARTN;MCM8;ZWINT;CCNE2;CDC6;MCM10;KNTC1;CDC25C;CLSPN;MCM4;MCM7;UBE2C;KIF2C;CDC7;CCNB2;PKMYT1;PLK1;SGO2;RFC4;NDC80;CDC25A;CENPU;CENPO;DYNC1I1;KIF18A;BRIP1;BUB1B;H2AX,up in tumor,71
gs_ind_0,Cell Cycle R-HSA-1640170,124/620,1.7904495880157975e-20,1.601243196931651e-17,2.886424898554372,131.24353232551388,PRDM9;CDKN2A;CENPE;FBXL18;H2BC9;TK1;DSCC1;CENPK;CCNE1;RBL1;MAD2L1;CDK1;SGO1;TERT;H2BC17;GMNN;CENPA;KIF20A;POLA2;HJURP;PSMC3IP;PLK4;BUB1;KIF23;ZWINT;CCNE2;CDC6;KNTC1;MSH5;CDC25C;CLSPN;MCM4;POLD1;CCNB2;DYNC1I1;CDC45;CHEK1;EXO1;DSN1;CEP131;BLM;CENPI;H2BC15;CDCA8;RMI2;NEK2;TUBA3C;ESPL1;PIF1;FOXM1;NCAPH;CCNB1;PRIM2;PTTG1;CENPM;ARTN;TOP2A;CDCA5;MCM7;CHTF18;PLK1;SGO2;CDC25A;CENPU;CENPO;BUB1B;OIP5;CENPW;CENPL;E2F1;TPX2;SPDL1;AURKB;NCAPG;MCM6;CENPF;ERCC6L;ESCO2;INCENP;SKA1;CENPH;ORC6;CDC20;LIN9;AURKA;TYMS;MCM3;CDKN2C;MCM5;NUF2;RRM2;NCAPD2;CDT1;MCM10;UBE2C;KIF2C;PKMYT1;RFC4;MYBL2;H2BC11;HMMR;CCNA2;GTSE1;SMC1B;GINS1;BIRC5;SPC24;E2F2;FEN1;SPC25;GINS4;GINS2;MSH4;BRCA2;MCM8;GINS3;CDC7;RAD51;NDC80;CDKN2B;KIF18A;BRIP1;UBE2S;H2AX,up in tumor,124
gs_ind_0,"Cell Cycle, Mitotic R-HSA-69278",103/496,2.178778470416853e-18,8.243045213077094e-16,3.0066497856352785,122.27373380116336,CDKN2A;CENPE;FBXL18;H2BC9;TK1;CENPK;CCNE1;RBL1;MAD2L1;SGO1;CDK1;H2BC17;GMNN;CENPA;KIF20A;POLA2;PLK4;BUB1;KIF23;ZWINT;CCNE2;CDC6;KNTC1;CDC25C;MCM4;POLD1;CCNB2;DYNC1I1;CDC45;DSN1;CEP131;CENPI;H2BC15;CDCA8;NEK2;TUBA3C;ESPL1;FOXM1;NCAPH;CCNB1;PRIM2;PTTG1;CENPM;TOP2A;CDCA5;MCM7;PLK1;SGO2;CDC25A;CENPU;CENPO;BUB1B;CENPL;E2F1;TPX2;SPDL1;AURKB;NCAPG;MCM6;CENPF;ERCC6L;ESCO2;INCENP;SKA1;CENPH;ORC6;CDC20;LIN9;AURKA;TYMS;MCM3;CDKN2C;MCM5;NUF2;RRM2;NCAPD2;CDT1;MCM10;UBE2C;KIF2C;PKMYT1;RFC4;MYBL2;H2BC11;HMMR;CCNA2;GTSE1;GINS1;BIRC5;SPC24;E2F2;FEN1;SPC25;GINS4;GINS2;MCM8;GINS3;CDC7;NDC80;CDKN2B;KIF18A;UBE2S;H2AX,up in tumor,103
gs_ind_0,Resolution Of Sister Chromatid Cohesion R-HSA-2500257,38/103,7.047810223905529e-16,1.999816151033194e-13,6.583695249388572,229.69620322255702,CENPL;CENPE;CENPK;SPDL1;AURKB;BIRC5;CENPF;SGO1;MAD2L1;CDK1;ERCC6L;SPC24;INCENP;DSN1;SKA1;CENPI;CENPH;CENPA;CDCA8;CDC20;SPC25;NUF2;CCNB1;BUB1;CENPM;ZWINT;CDCA5;KNTC1;KIF2C;CCNB2;PLK1;SGO2;NDC80;CENPU;CENPO;DYNC1I1;KIF18A;BUB1B,up in tumor,38
gs_ind_0,Unattached Kinetochores Signal Amplification Via A MAD2 Inhibitory Signal R-HSA-141444,34/90,1.0296445883038142e-14,2.337293215449658e-12,6.8273442264781306,219.88812270021728,CENPL;CENPE;CENPK;SPDL1;AURKB;BIRC5;CENPF;SGO1;MAD2L1;ERCC6L;SPC24;INCENP;DSN1;SKA1;CENPI;CENPH;CENPA;CDCA8;CDC20;SPC25;NUF2;BUB1;CENPM;ZWINT;KNTC1;KIF2C;PLK1;SGO2;NDC80;CENPU;CENPO;DYNC1I1;KIF18A;BUB1B,up in tumor,34
gs_ind_0,EML4 And NUDC In Mitotic Spindle Formation R-HSA-9648025,34/94,4.625780853869886e-14,8.750435448570535e-12,6.374686908843867,195.73186814173738,CENPL;CENPE;CENPK;SPDL1;AURKB;BIRC5;CENPF;SGO1;MAD2L1;ERCC6L;SPC24;INCENP;DSN1;SKA1;CENPI;CENPH;CENPA;CDCA8;CDC20;SPC25;NUF2;BUB1;CENPM;ZWINT;KNTC1;KIF2C;PLK1;SGO2;NDC80;CENPU;CENPO;DYNC1I1;KIF18A;BUB1B,up in tumor,34
gs_ind_0,Mitotic Spindle Checkpoint R-HSA-69618,36/107,1.087552447073788e-13,1.763388610612499e-11,5.709872560246625,170.4378487733676,CENPL;CENPE;CENPK;SPDL1;AURKB;BIRC5;CENPF;SGO1;MAD2L1;ERCC6L;SPC24;INCENP;DSN1;SKA1;CENPI;CENPH;CENPA;CDCA8;CDC20;SPC25;NUF2;BUB1;CENPM;ZWINT;KNTC1;UBE2C;KIF2C;PLK1;SGO2;NDC80;CENPU;CENPO;DYNC1I1;KIF18A;UBE2S;BUB1B,up in tumor,36
gs_ind_0,Unwinding Of DNA R-HSA-176974,11/11,1.3003285634553503e-12,1.8448411494022782e-10,254.6343263186663,6968.935151185246,GINS4;CDC45;GINS2;MCM7;MCM4;GINS1;MCM3;MCM6;MCM8;MCM5;GINS3,up in tumor,11
gs_ind_0,RHO GTPases Activate Formins R-HSA-5663220,35/115,6.46043897345481e-12,8.147331372079121e-10,4.927626248987307,126.96188610654863,CENPL;CENPE;CENPK;SPDL1;AURKB;BIRC5;CENPF;SGO1;MAD2L1;ERCC6L;SPC24;INCENP;DSN1;SKA1;CENPI;CENPH;CENPA;CDCA8;CDC20;SPC25;NUF2;BUB1;CENPM;ZWINT;KNTC1;KIF2C;PLK1;SGO2;NDC80;CENPU;CENPO;DYNC1I1;KIF18A;BUB1B;DIAPH3,up in tumor,35
gs_ind_0,Mitotic Prometaphase R-HSA-68877,44/183,9.242610985343345e-11,1.0490363468364694e-08,3.5718187594955144,82.5254851545464,CENPL;CENPE;CENPK;SPDL1;AURKB;NCAPG;BIRC5;CENPF;SGO1;MAD2L1;CDK1;ERCC6L;SPC24;INCENP;DSN1;SKA1;CEP131;CENPI;CENPH;CENPA;CDCA8;CDC20;NEK2;SPC25;NUF2;NCAPH;CCNB1;PLK4;BUB1;NCAPD2;CENPM;ZWINT;CDCA5;KNTC1;KIF2C;CCNB2;PLK1;SGO2;NDC80;CENPU;CENPO;DYNC1I1;KIF18A;BUB1B,up in tumor,44
gs_ind_0,DNA Strand Elongation R-HSA-69190,16/31,4.5106959491827826e-10,4.654218093020417e-08,11.808865000574617,254.1196833040255,GINS4;CDC45;GINS2;MCM4;MCM7;POLD1;PRIM2;GINS1;RFC4;MCM3;POLA2;MCM6;FEN1;MCM8;MCM5;GINS3,up in tumor,16
gs_ind_0,Separation Of Sister Chromatids R-HSA-2467813,39/165,1.801151494274413e-09,1.7035891216678822e-07,3.488861390211714,70.24766467928083,CENPL;CENPE;CENPK;SPDL1;AURKB;BIRC5;CENPF;SGO1;MAD2L1;ERCC6L;SPC24;INCENP;DSN1;SKA1;CENPI;CENPH;CENPA;CDCA8;CDC20;SPC25;ESPL1;NUF2;BUB1;CENPM;PTTG1;ZWINT;CDCA5;KNTC1;UBE2C;KIF2C;PLK1;SGO2;NDC80;CENPU;CENPO;DYNC1I1;KIF18A;UBE2S;BUB1B,up in tumor,39
gs_ind_0,Activation Of ATR In Response To Replication Stress R-HSA-176187,16/34,2.5975044376301798e-09,2.2678211820848107e-07,9.892447393954656,195.56097006284233,CDC25C;CDC45;ORC6;CHEK1;CLSPN;MCM4;CDC7;MCM7;RFC4;MCM3;MCM6;MCM8;CDC25A;CDC6;MCM5;MCM10,up in tumor,16
gs_ind_0,Activation Of Pre-Replicative Complex R-HSA-68962,15/30,2.829654161939808e-09,2.2940410527154872e-07,11.087099424815118,218.22861238325046,CDC45;ORC6;GMNN;MCM4;MCM7;CDC7;PRIM2;MCM3;MCM6;POLA2;CDT1;MCM8;CDC6;MCM5;MCM10,up in tumor,15
gs_ind_0,Deposition Of New CENPA-containing Nucleosomes At Centromere R-HSA-606279,16/40,4.5707852238065294e-08,3.4585608193469405e-06,7.467592463129401,126.20974835068222,CENPL;HJURP;CENPI;CENPH;H2BC15;CENPA;H2BC9;H2BC17;CENPK;CENPM;H2BC11;CENPU;CENPO;OIP5;H2AX;CENPW,up in tumor,16
gs_ind_0,DNA Replication R-HSA-69306,32/136,5.626762093618404e-08,3.7566911625040522e-06,3.4652485008988654,57.84590117490253,CCNA2;CDC45;H2BC9;GINS1;CCNE1;MCM6;H2BC15;H2BC17;GMNN;ORC6;MCM3;POLA2;FEN1;MCM5;GINS4;GINS2;PRIM2;CDT1;MCM8;CCNE2;CDC6;GINS3;MCM10;MCM4;MCM7;POLD1;UBE2C;CDC7;RFC4;UBE2S;H2BC11;H2AX,up in tumor,32
gs_ind_0,Chromosome Maintenance R-HSA-73886,27/103,5.576346512333674e-08,3.7566911625040522e-06,3.999839619700467,66.80590902024512,CCNA2;CENPL;DSCC1;H2BC9;CENPK;H2BC11;TERT;BLM;CENPI;H2BC15;CENPH;CENPA;H2BC17;POLA2;FEN1;PIF1;HJURP;PRIM2;CENPM;POLD1;CHTF18;RFC4;CENPU;CENPO;OIP5;H2AX;CENPW,up in tumor,27
gs_ind_0,RHO GTPase Effectors R-HSA-195258,47/246,6.042792968210846e-08,3.810316677177394e-06,2.6624583482682174,44.25488858434398,CENPL;CENPE;KIF5A;H2BC9;CENPK;SPDL1;AURKB;H2BC11;BIRC5;CENPF;SGO1;MAD2L1;ERCC6L;RHPN1;SPC24;INCENP;DSN1;SKA1;CENPI;H2BC15;CENPH;CENPA;H2BC17;CDCA8;IQGAP3;CDC20;PKN3;SPC25;NUF2;BUB1;CENPM;ZWINT;KNTC1;CDC25C;KIF2C;PLK1;PRC1;SGO2;NDC80;CENPU;CENPO;DYNC1I1;KIF18A;BUB1B;H2AX;DIAPH3;KIF14,up in tumor,47
gs_ind_0,Mitotic G1 Phase And G1/S Transition R-HSA-453279,33/144,6.914053908309174e-08,4.130237466279428e-06,3.3483169901196437,55.204119434831526,CCNA2;CDKN2A;E2F1;CDC45;TK1;CCNE1;MCM6;RBL1;CDK1;E2F2;ORC6;GMNN;LIN9;TYMS;MCM3;POLA2;CDKN2C;MCM5;RRM2;CCNB1;PRIM2;TOP2A;CDT1;MCM8;CCNE2;CDC6;MCM10;MCM4;MCM7;CDC7;CDKN2B;CDC25A;MYBL2,up in tumor,33
gs_ind_0,Polo-like Kinase Mediated Events R-HSA-156711,10/16,7.8607173603095e-08,4.460957101975641e-06,17.868951316370055,292.3146521578363,FOXM1;CCNB1;CDC25C;LIN9;CCNB2;PKMYT1;PLK1;CDC25A;CENPF;MYBL2,up in tumor,10
gs_ind_0,Mitotic Anaphase R-HSA-68882,43/223,1.662335332765504e-07,8.9845266794707e-06,2.691459745183176,42.01334268141306,CENPL;CENPE;CENPK;SPDL1;AURKB;BIRC5;CENPF;SGO1;MAD2L1;CDK1;ERCC6L;SPC24;INCENP;DSN1;SKA1;CENPI;CENPH;CENPA;CDCA8;CDC20;TUBA3C;ESPL1;SPC25;NUF2;CCNB1;BUB1;CENPM;PTTG1;ZWINT;CDCA5;KNTC1;UBE2C;KIF2C;CCNB2;PLK1;SGO2;NDC80;CENPU;CENPO;DYNC1I1;KIF18A;UBE2S;BUB1B,up in tumor,43
gs_ind_0,Mitotic Metaphase And Anaphase R-HSA-2555396,43/224,1.8940930499480652e-07,9.576229373237829e-06,2.6764974310049543,41.43045530591226,CENPL;CENPE;CENPK;SPDL1;AURKB;BIRC5;CENPF;SGO1;MAD2L1;CDK1;ERCC6L;SPC24;INCENP;DSN1;SKA1;CENPI;CENPH;CENPA;CDCA8;CDC20;TUBA3C;ESPL1;SPC25;NUF2;CCNB1;BUB1;CENPM;PTTG1;ZWINT;CDCA5;KNTC1;UBE2C;KIF2C;CCNB2;PLK1;SGO2;NDC80;CENPU;CENPO;DYNC1I1;KIF18A;UBE2S;BUB1B,up in tumor,43
gs_ind_0,G2/M Checkpoints R-HSA-69481,31/136,1.9405574941363003e-07,9.576229373237829e-06,3.3247866381878683,51.384977634769385,GTSE1;CDC45;CHEK1;H2BC9;EXO1;MCM6;CDK1;BLM;H2BC15;H2BC17;ORC6;MCM3;RMI2;MCM5;CCNB1;ARTN;MCM8;CDC6;MCM10;CDC25C;CLSPN;MCM4;MCM7;CDC7;CCNB2;PKMYT1;RFC4;CDC25A;BRIP1;H2BC11;H2AX,up in tumor,31
gs_ind_0,G1/S-Specific Transcription R-HSA-69205,12/28,9.227327068432547e-07,4.363756759446225e-05,8.385122761660908,116.51904737670368,RRM2;E2F1;CDC45;TK1;LIN9;TYMS;CCNE1;CDT1;CDC25A;RBL1;CDK1;CDC6,up in tumor,12
gs_ind_0,Kinesins R-HSA-983189,14/40,2.141478255835818e-06,9.722311281494613e-05,6.059909405037989,79.10614338559803,KIF15;CENPE;KIF5A;KIFC2;KIF2C;RACGAP1;KIF20A;KIF4A;KIFC1;KIF11;KIF23;KIF18A;KIF21B;KIF18B,up in tumor,14
gs_ind_0,M Phase R-HSA-68886,56/356,2.823055786723962e-06,0.00012323724299737296,2.1024625530718626,26.864616100863163,CENPL;CENPE;H2BC9;CENPK;SPDL1;AURKB;NCAPG;BIRC5;CENPF;MAD2L1;SPC24;SGO1;CDK1;ERCC6L;INCENP;DSN1;BUB1B;CEP131;SKA1;CENPI;H2BC15;CENPH;H2BC17;CENPA;CDCA8;CDC20;KIF20A;NEK2;SPC25;ESPL1;TUBA3C;NUF2;NCAPH;CCNB1;PLK4;BUB1;NCAPD2;KIF23;PTTG1;CENPM;ZWINT;CDCA5;KNTC1;UBE2C;KIF2C;CCNB2;NDC80;PLK1;SGO2;CENPU;KIF18A;DYNC1I1;CENPO;UBE2S;H2BC11;H2AX,up in tumor,56
gs_ind_0,G0 And Early G1 R-HSA-1538133,11/26,3.0885065165809736e-06,0.00012983166282664463,8.207927425966904,104.14072965408792,CCNA2;E2F1;CCNE2;LIN9;CCNE1;TOP2A;CDC25A;RBL1;CDK1;MYBL2;CDC6,up in tumor,11
gs_ind_0,G1/S Transition R-HSA-69206,27/126,4.1138874062791464e-06,0.0001667593645045297,3.0717483197625848,38.093187517975814,CCNA2;E2F1;CDC45;TK1;CCNE1;MCM6;RBL1;CDK1;ORC6;GMNN;LIN9;TYMS;MCM3;POLA2;MCM5;RRM2;CCNB1;PRIM2;CDT1;MCM8;CCNE2;CDC6;MCM10;MCM4;MCM7;CDC7;CDC25A,up in tumor,27
gs_ind_0,Meiotic Recombination R-HSA-912446,13/38,6.611751829063085e-06,0.00025877028710298626,5.860320270379013,69.89405856158011,PRDM9;BLM;PSMC3IP;MSH5;H2BC15;H2BC17;H2BC9;MSH4;RAD51;BRCA2;ARTN;H2BC11;H2AX,up in tumor,13
gs_ind_0,Synthesis Of DNA R-HSA-69239,25/115,7.056256041968121e-06,0.00026696168692112726,3.129556565547442,37.1215354919285,CCNA2;CDC45;GINS1;CCNE1;MCM6;ORC6;GMNN;MCM3;POLA2;FEN1;MCM5;GINS4;GINS2;PRIM2;CDT1;MCM8;CCNE2;CDC6;GINS3;MCM4;MCM7;POLD1;UBE2C;RFC4;UBE2S,up in tumor,25
gs_ind_0,S Phase R-HSA-69242,30/157,1.4042044167291356e-05,0.0005141200041895383,2.659383444070807,29.7145001071828,CCNA2;E2F1;CDC45;GINS1;CCNE1;MCM6;ESCO2;ORC6;GMNN;LIN9;MCM3;POLA2;FEN1;MCM5;GINS4;GINS2;PRIM2;CDT1;MCM8;CCNE2;CDCA5;CDC6;GINS3;MCM4;MCM7;POLD1;UBE2C;RFC4;CDC25A;UBE2S,up in tumor,30
gs_ind_0,TP53 Regulates Transcription Of Genes Involved In G1 Cell Cycle Arrest R-HSA-6804116,7/13,3.005757467211944e-05,0.0010661046016517365,12.742652765832476,132.6815449017132,CCNA2;E2F1;ARID3A;CCNE1;E2F7;E2F8;CCNE2,up in tumor,7
gs_ind_0,Resolution Of D-loop Structures Thru Holliday Junction Intermediates R-HSA-5693568,11/32,3.227848491496811e-05,0.0011101842538936,5.915588831616212,61.17375276024428,BLM;EME1;EXO1;XRCC3;RAD51;BRCA2;ARTN;RMI2;XRCC2;BRIP1;RAD51AP1,up in tumor,11
gs_ind_0,Resolution Of D-loop Structures Thru Synthesis-Dependent Strand Annealing (SDSA) R-HSA-5693554,10/27,3.522504277111047e-05,0.0011758948101532466,6.633433488118,68.0175904259491,BLM;EXO1;XRCC3;RAD51;BRCA2;ARTN;RMI2;XRCC2;BRIP1;RAD51AP1,up in tumor,10
gs_ind_0,Resolution Of D-Loop Structures R-HSA-5693537,11/33,4.478812552629734e-05,0.0014524149277813567,5.652394400412985,56.600632915425635,BLM;EME1;EXO1;XRCC3;RAD51;BRCA2;ARTN;RMI2;XRCC2;BRIP1;RAD51AP1,up in tumor,11
gs_ind_0,Condensation Of Prometaphase Chromosomes R-HSA-2514853,6/10,5.1795270898050893e-05,0.0016329897908135488,15.944792707670876,157.34659008379083,NCAPH;CCNB1;NCAPD2;CCNB2;NCAPG;CDK1,up in tumor,6
gs_ind_0,Homology Directed Repair R-HSA-5693538,22/108,6.99862942543809e-05,0.0021468768642897923,2.8848730373918667,27.600189436159805,CCNA2;EME1;CHEK1;EXO1;H2BC9;BLM;H2BC15;H2BC17;FEN1;RMI2;XRCC3;BRCA2;ARTN;XRCC2;CLSPN;POLD1;RAD51;RFC4;BRIP1;H2BC11;H2AX;RAD51AP1,up in tumor,22
gs_ind_0,Impaired BRCA2 Binding To PALB2 R-HSA-9709603,9/24,7.786934946469042e-05,0.0022661977344211187,6.773057514992999,64.07636257869041,BLM;EXO1;RAD51;BRCA2;ARTN;RMI2;XRCC2;BRIP1;RAD51AP1,up in tumor,9
gs_ind_0,Cyclin A/B1/B2 Associated Events During G2/M Transition R-HSA-69273,9/24,7.786934946469042e-05,0.0022661977344211187,6.773057514992999,64.07636257869041,FOXM1;CCNA2;CCNB1;CDC25C;CCNB2;PKMYT1;PLK1;CDC25A;CDK1,up in tumor,9
gs_ind_0,HDR Thru Homologous Recombination (HRR) Or Single Strand Annealing (SSA) R-HSA-5693567,21/103,9.998000027331395e-05,0.002836932507755283,2.8892969263950303,26.611986037083337,CCNA2;EME1;CHEK1;EXO1;H2BC9;BLM;H2BC15;H2BC17;RMI2;XRCC3;BRCA2;ARTN;XRCC2;CLSPN;POLD1;RAD51;RFC4;BRIP1;H2BC11;H2AX;RAD51AP1,up in tumor,21
gs_ind_0,DNA Replication Pre-Initiation R-HSA-69002,22/111,0.00010729984203430505,0.002970373675827713,2.7877586506160306,25.47978895965512,CDC45;H2BC9;MCM6;H2BC15;H2BC17;GMNN;ORC6;MCM3;POLA2;MCM5;PRIM2;CDT1;MCM8;CDC6;MCM10;MCM4;MCM7;UBE2C;CDC7;UBE2S;H2BC11;H2AX,up in tumor,22
gs_ind_0,Defective HDR Thru Homologous Recombination (HRR) Due To BRCA1 Loss-Of-Function R-HSA-9701192,9/25,0.00011270752194324403,0.0029749543582693484,6.362254816800271,57.83744145463064,BLM;EXO1;RAD51;BRCA2;ARTN;RMI2;XRCC2;BRIP1;RAD51AP1,up in tumor,9
gs_ind_0,Homologous DNA Pairing And Strand Exchange R-HSA-5693579,12/42,0.00011169919262537908,0.0029749543582693484,4.533076023077234,41.24963678281872,BLM;CHEK1;EXO1;XRCC3;RAD51;BRCA2;RFC4;ARTN;RMI2;XRCC2;BRIP1;RAD51AP1,up in tumor,12
gs_ind_0,Assembly Of Collagen Fibrils And Other Multimeric Structures R-HSA-2022090,14/55,0.00012239515097579962,0.003157238553580286,3.866711301818278,34.83232453040571,COL2A1;COL8A1;LOX;LAMA4;COL9A1;COL24A1;CTSV;COL11A1;COL15A1;LOXL2;COL4A1;ITGA6;COL7A1;COL4A2,up in tumor,14
gs_ind_0,G2/M DNA Replication Checkpoint R-HSA-69478,4/5,0.000223853034529546,0.005646070982022994,33.08494418731282,278.06310216096796,PKMYT1;CDK1;CCNB1;CCNB2,up in tumor,4
gs_ind_0,Olfactory Signaling Pathway R-HSA-381753,7/17,0.0002527172196615823,0.006235522702519476,7.886750555144338,65.32784296147553,EBF1;ANO2;OR51E2;GNAL;OR2B6;OR51E1;OR2I1P,up in tumor,7
gs_ind_0,Reproduction R-HSA-1474165,17/81,0.00031025341201224184,0.007492289843274351,3.004136350786353,24.2677773516684,PRDM9;BLM;PSMC3IP;MSH5;H2BC15;H2BC17;H2BC9;ADAM21;SMC1B;MSH4;ZP3;RAD51;BRCA2;ARTN;KCNU1;H2BC11;H2AX,up in tumor,17
gs_ind_0,G2/M DNA Damage Checkpoint R-HSA-69473,15/68,0.0003918843707620289,0.009266432516977141,3.2061194346959097,25.15054412264521,BLM;CCNB1;CDC25C;H2BC15;CHEK1;EXO1;H2BC9;H2BC17;RFC4;ARTN;RMI2;BRIP1;CDK1;H2BC11;H2AX,up in tumor,15
gs_ind_0,Degradation Of Extracellular Matrix R-HSA-1474228,19/98,0.0004130543651100998,0.009567687844897211,2.7168309344879558,21.169360101248007,CAPN9;MMP11;CTSV;MMP10;BCAN;MMP24;ADAM15;ACAN;ADAMTS16;ERC2;MMP1;MMP12;LAMC1;LAMA4;CAPN8;COL9A1;COL15A1;CAPN11;ADAMTS18,up in tumor,19
gs_ind_0,DNA Double-Strand Break Repair R-HSA-5693532,24/138,0.0004300575374244534,0.00976230609953509,2.372441123760002,18.390194568437593,CCNA2;EME1;CHEK1;EXO1;H2BC9;BLM;H2BC15;H2BC17;FEN1;RMI2;XRCC3;BRCA2;ARTN;EYA1;XRCC2;KPNA2;CLSPN;POLD1;RAD51;RFC4;BRIP1;H2BC11;H2AX;RAD51AP1,up in tumor,24
gs_ind_0,TP53 Regulates Transcription Of Cell Cycle Genes R-HSA-6791312,12/48,0.0004406185061387464,0.009805921656225042,3.786789081551238,29.261773123636537,CCNA2;CCNB1;CDC25C;E2F1;ARID3A;CCNE2;AURKA;CCNE1;E2F8;E2F7;RBL1;CDK1,up in tumor,12
gs_ind_0,Highly Calcium Permeable Postsynaptic Nicotinic Acetylcholine Receptors R-HSA-629594,4/6,0.0006270369150141483,0.012939761791655605,19.849986387149468,146.38382670932324,CHRNA3;CHRNB4;CHRNB2;CHRNA5,up in tumor,4
gs_ind_0,Highly Calcium Permeable Nicotinic Acetylcholine Receptors R-HSA-629597,4/6,0.0006270369150141483,0.012939761791655605,19.849986387149468,146.38382670932324,CHRNA3;CHRNB4;CHRNB2;CHRNA5,up in tumor,4
gs_ind_0,Phosphorylation Of Emi1 R-HSA-176417,4/6,0.0006270369150141483,0.012939761791655605,19.849986387149468,146.38382670932324,CDK1;CDC20;CCNB1;PLK1,up in tumor,4
gs_ind_0,Telomere Maintenance R-HSA-157579,16/78,0.0006025433684398594,0.012939761791655605,2.9217977528089887,21.663233840163738,PIF1;BLM;CCNA2;H2BC15;H2BC17;DSCC1;H2BC9;POLD1;CHTF18;PRIM2;RFC4;POLA2;FEN1;H2AX;H2BC11;TERT,up in tumor,16
gs_ind_0,Diseases Of DNA Repair R-HSA-9675135,12/50,0.0006571315976601684,0.013318649345433769,3.5897176381179663,26.30410922633642,BLM;EXO1;RAD51;BRCA2;RFC4;ARTN;NEIL3;RMI2;XRCC2;BRIP1;MSH2;RAD51AP1,up in tumor,12
gs_ind_0,Potassium Channels R-HSA-1296071,16/79,0.0006980815310161991,0.013900395398305019,2.8756427712910235,20.89779826553852,KCNH6;HCN2;KCNQ3;HCN3;KCNC1;KCNK9;KCNN3;KCNH4;GNG4;KCNJ5;GABBR2;KCNN1;KCNJ11;KCNJ6;KCNF1;UBD,up in tumor,16
gs_ind_0,DNA Damage/Telomere Stress Induced Senescence R-HSA-2559586,11/44,0.0007560844714370536,0.014795790949673378,3.7943202816200494,27.2711361563908,CCNA2;H1-4;H2BC15;H2BC17;H2BC9;HMGA1;CCNE1;ARTN;CCNE2;H2BC11;H2AX,up in tumor,11
gs_ind_0,HDR Thru Homologous Recombination (HRR) R-HSA-5685942,14/65,0.0007804526160328833,0.015013791850802077,3.114352081943555,22.2851715236253,BLM;EME1;CHEK1;EXO1;POLD1;XRCC3;RAD51;BRCA2;RFC4;ARTN;RMI2;XRCC2;BRIP1;RAD51AP1,up in tumor,14
gs_ind_0,Meiosis R-HSA-1500620,14/66,0.0009158227918356163,0.017324314478890407,3.054879876943934,21.370985490607534,PRDM9;BLM;PSMC3IP;MSH5;H2BC15;H2BC17;H2BC9;SMC1B;MSH4;RAD51;BRCA2;ARTN;H2BC11;H2AX,up in tumor,14
gs_ind_0,Presynaptic Phase Of Homologous DNA Pairing And Strand Exchange R-HSA-5693616,10/39,0.0010538972667120978,0.01960939996259395,3.9327543183070293,26.960054561810978,BLM;CHEK1;EXO1;RAD51;BRCA2;RFC4;ARTN;RMI2;XRCC2;BRIP1,up in tumor,10
gs_ind_0,E2F Mediated Regulation Of DNA Replication R-HSA-113510,7/21,0.0011228679530342017,0.020555727849900306,5.709966805525516,38.781347646687536,CCNB1;E2F1;ORC6;PRIM2;POLA2;MCM8;CDK1,up in tumor,7
gs_ind_0,Transcription Of E2F Targets Under Negative Control By P107 (RBL1) And P130 (RBL2) In Complex With HDAC1 R-HSA-1362300,6/16,0.0012744477717205214,0.022960289220679237,6.831457903412114,45.53332228696448,CCNA2;E2F1;LIN9;RBL1;CDK1;MYBL2,up in tumor,6
gs_ind_0,Defective Homologous Recombination Repair (HRR) Due To BRCA2 Loss Of Function R-HSA-9701190,10/40,0.001301673754506034,0.023084370490067944,3.80362348368492,25.27167129252112,BLM;EXO1;RAD51;BRCA2;RFC4;ARTN;RMI2;XRCC2;BRIP1;RAD51AP1,up in tumor,10
gs_ind_0,"Activation Of NIMA Kinases NEK9, NEK6, NEK7 R-HSA-2980767",4/7,0.0013663777288111573,0.023859057264625592,14.177861615650889,93.51139113467266,CDK1;CCNB1;CCNB2;PLK1,up in tumor,4
gs_ind_0,Collagen Chain Trimerization R-HSA-8948216,10/41,0.001594856276535222,0.02623423005605039,3.6826914322134208,23.720111131062932,COL2A1;COL8A1;COL22A1;COL9A1;COL24A1;COL15A1;COL11A1;COL4A1;COL7A1;COL4A2,up in tumor,10
gs_ind_0,Condensation Of Prophase Chromosomes R-HSA-2299718,8/28,0.0015570629343063106,0.02623423005605039,4.578398163244934,29.59913336665674,CCNB1;H2BC15;H2BC17;H2BC9;PLK1;CDK1;H2BC11;H2AX,up in tumor,8
gs_ind_0,Defective Pyroptosis R-HSA-9710421,8/28,0.0015570629343063106,0.02623423005605039,4.578398163244934,29.59913336665674,EZH2;H2BC15;H2BC17;H2BC9;PRIM2;POLA2;H2BC11;H2AX,up in tumor,8
gs_ind_0,Signaling By Rho GTPases R-HSA-194315,72/609,0.0015920996976178743,0.02623423005605039,1.5038562439592087,9.688896983091327,CENPL;KIF5A;CENPE;H2BC9;DEPDC1B;ARHGAP11B;CENPK;SPDL1;AURKB;BIRC5;ARHGAP22;CENPF;MAD2L1;SPC24;LRRC1;SGO1;RHPN1;ERCC6L;INCENP;DSN1;BUB1B;SKA1;CENPI;H2BC15;CENPH;H2BC17;CENPA;CDCA8;CDC20;IQGAP3;RACGAP1;CCDC187;MPZ;PLXNA1;PKN3;MCAM;ARHGAP33;SPC25;DOCK3;NUF2;ECT2;ANLN;SCRIB;BUB1;ARHGAP11A;CENPM;MUC13;ZWINT;FGD1;ARHGEF39;DBN1;SEMA4F;KNTC1;ARHGAP39;DLG5;BAIAP2L2;CDC25C;RASGRF2;KIF2C;ARHGEF11;NDC80;PLK1;PRC1;SGO2;CENPU;KIF18A;DYNC1I1;CENPO;H2BC11;H2AX;DIAPH3;KIF14,up in tumor,72
gs_ind_0,Processing Of DNA Double-Strand Break Ends R-HSA-5693607,14/70,0.0016712033038846317,0.02679028908887772,2.8380431649099176,18.147047875804226,CCNA2;BLM;H2BC15;CHEK1;EXO1;H2BC9;H2BC17;CLSPN;RFC4;ARTN;RMI2;BRIP1;H2BC11;H2AX,up in tumor,14
gs_ind_0,Cellular Senescence R-HSA-2559583,23/143,0.001675868304238166,0.02679028908887772,2.160465049912389,13.808447863160527,CCNA2;CDKN2A;E2F1;H2BC9;CCNE1;EHMT2;E2F2;DAND5;CBX2;H2BC15;H2BC17;CBX8;HMGA1;CDKN2C;EZH2;ARTN;CCNE2;H1-4;UBE2C;CDKN2B;UBE2S;H2BC11;H2AX,up in tumor,23
gs_ind_0,Collagen Formation R-HSA-1474290,16/86,0.0018001702810395937,0.02837768429138804,2.589220013644076,16.36354429105478,COL2A1;COL8A1;LAMA4;LOX;COL22A1;COL9A1;COL24A1;CTSV;COL11A1;COL15A1;LOXL2;COL4A1;ITGA6;COL7A1;P4HA2;COL4A2,up in tumor,16
gs_ind_0,Diseases Of Programmed Cell Death R-HSA-9645723,12/56,0.0018975564330258306,0.02940334356983366,3.104789030119242,19.458297509648094,CDKN2A;EZH2;H2BC15;CDC25C;H2BC17;H2BC9;PRIM2;CDC25A;POLA2;H2BC11;ERC2;H2AX,up in tumor,12
gs_ind_0,Expression And Translocation Of Olfactory Receptors R-HSA-9752946,5/12,0.001917046188694001,0.02940334356983366,8.089439753019159,50.615379594091365,EBF1;OR51E2;OR2B6;OR51E1;OR2I1P,up in tumor,5
gs_ind_0,Extension Of Telomeres R-HSA-180786,11/49,0.001953775739914549,0.029567139530706842,3.3007350670646654,20.589957297696063,PIF1;CCNA2;BLM;DSCC1;CHTF18;POLD1;PRIM2;RFC4;POLA2;FEN1;TERT,up in tumor,11
gs_ind_0,Extracellular Matrix Organization R-HSA-1474244,37/271,0.001982890306553341,0.02961290128865845,1.77519960891018,11.047421758627172,COL2A1;CAPN9;COL22A1;MMP11;COL24A1;CTSV;COL11A1;IBSP;LOXL2;MMP10;MATN3;BCAN;P4HA2;MMP24;COL4A2;ADAM15;ACAN;ADAMTS16;ITGA6;ERC2;MMP1;FGF13;HAPLN1;ITGA2;MMP12;COL7A1;LAMC1;COL8A1;LOX;LAMA4;CAPN8;COL9A1;COL15A1;CAPN11;COL4A1;PDGFA;ADAMTS18,up in tumor,37
gs_ind_0,"Signaling By Rho GTPases, Miro GTPases And RHOBTB3 R-HSA-9716542",73/625,0.002040591959850549,0.029694957746336317,1.4829174320146947,9.185954775855295,CENPL;KIF5A;CENPE;H2BC9;DEPDC1B;ARHGAP11B;CENPK;SPDL1;AURKB;CCNE1;BIRC5;ARHGAP22;CENPF;MAD2L1;SPC24;LRRC1;SGO1;RHPN1;ERCC6L;INCENP;DSN1;BUB1B;SKA1;CENPI;H2BC15;CENPH;H2BC17;CENPA;CDCA8;CDC20;IQGAP3;RACGAP1;CCDC187;MPZ;PLXNA1;PKN3;MCAM;ARHGAP33;SPC25;DOCK3;NUF2;ECT2;ANLN;SCRIB;BUB1;ARHGAP11A;CENPM;MUC13;ZWINT;FGD1;ARHGEF39;DBN1;SEMA4F;KNTC1;ARHGAP39;DLG5;BAIAP2L2;CDC25C;RASGRF2;KIF2C;ARHGEF11;NDC80;PLK1;PRC1;SGO2;CENPU;KIF18A;DYNC1I1;CENPO;H2BC11;H2AX;DIAPH3;KIF14,up in tumor,73
gs_ind_0,Assembly Of Pre-Replicative Complex R-HSA-68867,17/95,0.0020407107526116586,0.029694957746336317,2.4666552563052435,15.27959022404096,H2BC15;MCM4;H2BC17;H2BC9;GMNN;MCM7;ORC6;UBE2C;MCM3;MCM6;CDT1;H2BC11;MCM8;UBE2S;H2AX;CDC6;MCM5,up in tumor,17
gs_ind_0,Acetylcholine Binding And Downstream Events R-HSA-181431,4/8,0.0025526721071946253,0.03576892397118395,11.026681187040566,65.83606350058827,CHRNA3;CHRNB4;CHRNB2;CHRNA5,up in tumor,4
gs_ind_0,Presynaptic Nicotinic Acetylcholine Receptors R-HSA-622323,4/8,0.0025526721071946253,0.03576892397118395,11.026681187040566,65.83606350058827,CHRNA3;CHRNB4;CHRNB2;CHRNA5,up in tumor,4
gs_ind_0,E2F-enabled Inhibition Of Pre-Replication Complex Formation R-HSA-113507,4/8,0.0025526721071946253,0.03576892397118395,11.026681187040566,65.83606350058827,ORC6;CDK1;MCM8;CCNB1,up in tumor,4
gs_ind_0,Transcription Of E2F Targets Under Negative Control By DREAM Complex R-HSA-1362277,6/19,0.0034747801395531566,0.048096042175522345,5.312568769368988,30.08095476561552,E2F1;LIN9;TOP2A;CDC25A;RBL1;CDC6,up in tumor,6
gs_ind_0,COPI-dependent Golgi-to-ER Retrograde Traffic R-HSA-6811434,14/76,0.0037199676365792674,0.05086943695804179,2.5648289077470574,14.347756299675881,KIF15;CENPE;KIF5A;KIFC2;KIF2C;RACGAP1;KIF20A;KIF4A;KIFC1;KIF23;KIF11;KIF18A;KIF21B;KIF18B,up in tumor,14
gs_ind_0,Golgi-to-ER Retrograde Transport R-HSA-8856688,18/110,0.004208077867749148,0.056859147379705745,2.212620027434842,12.104689464097175,KIF15;CENPE;KIF5A;KIFC2;BICD1;KIF2C;RAB6B;RACGAP1;KIF20A;KIF23;KIFC1;KIF4A;KIF11;KIF18A;DYNC1I1;KIF21B;KIF18B;PAFAH1B3,up in tumor,18
gs_ind_0,Creatine Metabolism R-HSA-71288,4/9,0.004292957258857414,0.057323605750625464,9.02138455065218,49.17357748132849,SLC6A11;SLC6A7;SLC6A8;CKMT1A,up in tumor,4
gs_ind_0,DNA Methylation R-HSA-5334118,6/20,0.004618491523298388,0.060953347429577566,4.945940357703405,26.597719843539327,H2BC15;H2BC17;H2BC9;UHRF1;H2BC11;H2AX,up in tumor,6
gs_ind_0,Switching Of Origins To A Post-Replicative State R-HSA-69052,15/86,0.0046763898596208185,0.06100807460539804,2.3968469219085486,12.8596322886117,CCNA2;MCM4;MCM7;GMNN;ORC6;UBE2C;UBE2S;CCNE1;MCM6;MCM3;CDT1;MCM8;CCNE2;CDC6;MCM5,up in tumor,15
gs_ind_0,Telomere C-strand (Lagging Strand) Synthesis R-HSA-174417,8/33,0.004788476719206674,0.06176046677613154,3.6797635288767623,19.65561486478959,BLM;DSCC1;CHTF18;POLD1;PRIM2;RFC4;POLA2;FEN1,up in tumor,8
gs_ind_0,Impaired BRCA2 Binding To RAD51 R-HSA-9709570,8/34,0.005813125908064039,0.07413368433317623,3.540729491106592,18.226389536172316,BLM;EXO1;RAD51;BRCA2;RFC4;ARTN;RMI2;BRIP1,up in tumor,8
gs_ind_0,PRC2 Methylates Histones And DNA R-HSA-212300,7/28,0.006830608166390656,0.08527693560595719,3.8495760427698964,19.19530103341874,EZH2;H2BC15;H2BC17;H2BC9;PHF19;H2BC11;H2AX,up in tumor,7
gs_ind_0,Senescence-Associated Secretory Phenotype (SASP) R-HSA-2559582,12/65,0.006837181621270576,0.08527693560595719,2.581338056064544,12.868950281421457,CCNA2;CDKN2A;H2BC15;UBE2C;H2BC17;H2BC9;CDKN2B;EHMT2;CDKN2C;UBE2S;H2BC11;H2AX,up in tumor,12
gs_ind_0,Neuronal System R-HSA-112316,39/316,0.008685970593653652,0.10715844156300972,1.578486896555173,7.491571627224316,HCN2;GABRR3;KCNC1;KCNN3;ACTN2;CACNB4;KCNH4;GAD1;SLC6A11;LRFN2;KCNN1;HCN3;ADCY6;KCNH6;CHRNB2;CHRNA5;GNAL;GNG4;GABBR2;GPRIN1;KCNJ6;GRIK4;PRKAA2;KCNK9;STX1A;KCNJ5;KCNJ11;GABRQ;SYN3;CHRNB4;UBD;KPNA2;RASGRF2;KCNQ3;MPP3;CACNA1E;CHRNA3;KCNF1;MAPT,up in tumor,39
gs_ind_0,Neurotransmitter Receptors And Postsynaptic Signal Transmission R-HSA-112314,21/145,0.0089221660653182,0.10888880090468984,1.9106080822327507,9.016573242943885,GABRR3;ACTN2;ADCY6;CHRNB2;CHRNA5;GNAL;GNG4;GABBR2;GPRIN1;KCNJ6;GRIK4;PRKAA2;KCNJ5;GABRQ;CHRNB4;UBD;KPNA2;RASGRF2;MPP3;CHRNA3;MAPT,up in tumor,21
gs_ind_0,Transmission Across Chemical Synapses R-HSA-112315,27/201,0.009198235647269336,0.11106380276224145,1.744995153350824,8.181834841232446,GABRR3;ACTN2;CACNB4;SLC6A11;GAD1;ADCY6;CHRNB2;CHRNA5;GNAL;GNG4;GABBR2;GPRIN1;KCNJ6;GRIK4;PRKAA2;STX1A;KCNJ5;GABRQ;SYN3;CHRNB4;UBD;KPNA2;RASGRF2;MPP3;CACNA1E;CHRNA3;MAPT,up in tumor,27
gs_ind_0,Highly Sodium Permeable Postsynaptic Acetylcholine Nicotinic Receptors R-HSA-629587,3/6,0.009516835442585372,0.11251675236806664,11.021224489795918,51.300415348156456,CHRNA3;CHRNB4;CHRNB2,up in tumor,3
gs_ind_0,Signaling By LRP5 Mutants R-HSA-5339717,3/6,0.009516835442585372,0.11251675236806664,11.021224489795918,51.300415348156456,DKK1;DKK4;KREMEN2,up in tumor,3
gs_ind_0,Assembly Of ORC Complex At Origin Of Replication R-HSA-68616,6/23,0.00969615323076056,0.11345498883415708,4.097457462134486,18.99591951796966,H2BC15;H2BC17;H2BC9;ORC6;H2BC11;H2AX,up in tumor,6
gs_ind_0,GABA Receptor Activation R-HSA-977443,9/45,0.01076443322505374,0.1234104213175353,2.8732455992729964,13.020134842518758,GABRR3;GNAL;GNG4;KCNJ5;GABBR2;GABRQ;KCNJ6;UBD;ADCY6,up in tumor,9
gs_ind_0,Oxidative Stress Induced Senescence R-HSA-2559580,13/77,0.010666478235392586,0.1234104213175353,2.3124041612318265,10.499816406400496,E2F2;CDKN2A;CBX2;EZH2;H2BC15;E2F1;H2BC17;H2BC9;CBX8;CDKN2B;CDKN2C;H2BC11;H2AX,up in tumor,13
gs_ind_0,Cleavage Of Damaged Purine R-HSA-110331,6/24,0.012035479323463593,0.13660269032131178,3.875781750679543,17.130553733690807,H2BC15;H2BC17;H2BC9;H2BC11;H2AX;NEIL3,up in tumor,6
gs_ind_0,Factors Involved In Megakaryocyte Development And Platelet Production R-HSA-983231,17/113,0.012216458757951859,0.1372839672304491,2.004763656976918,8.830926087411685,KIF15;MAFG;CENPE;KIF5A;KIFC2;KIF2C;VPS45;RACGAP1;KIF20A;KIF23;KIFC1;KIF4A;KIF11;KIF18A;KIF21B;KIF18B;DOCK3,up in tumor,17
gs_ind_0,TP53 Regulates Transcription Of Genes Involved In G2 Cell Cycle Arrest R-HSA-6804114,5/18,0.01361285566361637,0.14856337671350558,4.492801436685937,19.304402625331324,CCNB1;CDC25C;AURKA;RBL1;CDK1,up in tumor,5
gs_ind_0,RNA Polymerase I Promoter Opening R-HSA-73728,5/18,0.01361285566361637,0.14856337671350558,4.492801436685937,19.304402625331324,H2BC15;H2BC17;H2BC9;H2BC11;H2AX,up in tumor,5
gs_ind_0,Diseases Associated With Glycosaminoglycan Metabolism R-HSA-3560782,8/39,0.013603804588491034,0.14856337671350558,2.977972671560666,12.797556960156985,CSPG4;ACAN;CHST6;GPC2;BCAN;GPC3;SLC26A2;CSPG5,up in tumor,8
gs_ind_0,Polymerase Switching On C-strand Of Telomere R-HSA-174411,6/25,0.014744864455666232,0.15938496340172548,3.6768420096302354,15.504729575269803,DSCC1;CHTF18;POLD1;PRIM2;RFC4;POLA2,up in tumor,6
gs_ind_0,CDC6 Association With ORC:origin Complex R-HSA-68689,3/7,0.015629678727916027,0.16735552222815747,8.571640211640212,35.64588317721075,ORC6;CDC6;MCM8,up in tumor,3
gs_ind_0,Collagen Biosynthesis And Modifying Enzymes R-HSA-1650814,11/64,0.015858955528757525,0.16822350023495133,2.3735329350494108,9.83597013865848,COL2A1;COL8A1;COL22A1;COL9A1;COL24A1;COL15A1;COL11A1;COL4A1;COL7A1;P4HA2;COL4A2,up in tumor,11
gs_ind_0,Transcriptional Regulation By E2F6 R-HSA-8953750,7/33,0.017120602063114082,0.17992484575587483,3.1224691408842764,12.70055811718672,RRM2;EZH2;E2F1;CHEK1;CDC7;RAD51;EHMT2,up in tumor,7
gs_ind_0,APC-Cdc20 Mediated Degradation Of Nek2A R-HSA-179409,6/26,0.01785014834653805,0.18587081076440998,3.4973110238052505,14.079276981881828,UBE2C;CDC20;NEK2;MAD2L1;UBE2S;BUB1B,up in tumor,6
gs_ind_0,Chk1/Chk2(Cds1) Mediated Inactivation Of Cyclin B:Cdk1 Complex R-HSA-75035,4/13,0.01860474594388758,0.19023771753434598,5.221875134337341,20.805718518711007,CDK1;CCNB1;CDC25C;CHEK1,up in tumor,4
gs_ind_0,CS/DS Degradation R-HSA-2024101,4/13,0.01860474594388758,0.19023771753434598,5.221875134337341,20.805718518711007,CSPG4;IDUA;BCAN;CSPG5,up in tumor,4
gs_ind_0,Lagging Strand Synthesis R-HSA-69186,5/20,0.021438632055181043,0.20621057103924137,3.912698482438643,15.0347816082053,POLD1;PRIM2;RFC4;POLA2;FEN1,up in tumor,5
gs_ind_0,"Defective B4GALT7 Causes EDS, Progeroid Type R-HSA-3560783",5/20,0.021438632055181043,0.20621057103924137,3.912698482438643,15.0347816082053,CSPG4;GPC3;GPC2;BCAN;CSPG5,up in tumor,5
gs_ind_0,Packaging Of Telomere Ends R-HSA-171306,5/20,0.021438632055181043,0.20621057103924137,3.912698482438643,15.0347816082053,H2BC15;H2BC17;H2BC9;H2BC11;H2AX,up in tumor,5
gs_ind_0,Defective B3GALT6 Causes EDSP2 And SEMDJL1 R-HSA-4420332,5/20,0.021438632055181043,0.20621057103924137,3.912698482438643,15.0347816082053,CSPG4;GPC3;GPC2;BCAN;CSPG5,up in tumor,5
gs_ind_0,Defective B3GAT3 Causes JDSSDHD R-HSA-3560801,5/20,0.021438632055181043,0.20621057103924137,3.912698482438643,15.0347816082053,CSPG4;GPC3;GPC2;BCAN;CSPG5,up in tumor,5
gs_ind_0,APC/C-mediated Degradation Of Cell Cycle Proteins R-HSA-174143,13/84,0.021223342732790897,0.20621057103924137,2.0852917260578,8.033906739544955,CCNA2;CCNB1;UBE2C;UBE2S;CDC20;PLK1;AURKA;PTTG1;AURKB;NEK2;MAD2L1;CDK1;BUB1B,up in tumor,13
gs_ind_0,Phosphorylation Of APC/C R-HSA-176412,5/20,0.021438632055181043,0.20621057103924137,3.912698482438643,15.0347816082053,CCNB1;UBE2C;UBE2S;PLK1;CDK1,up in tumor,5
gs_ind_0,Removal Of Flap Intermediate R-HSA-69166,4/14,0.024363273800716432,0.2143590369287841,4.724320329819921,17.549330932807486,POLD1;POLA2;PRIM2;FEN1,up in tumor,4
gs_ind_0,Leading Strand Synthesis R-HSA-69109,4/14,0.024363273800716432,0.2143590369287841,4.724320329819921,17.549330932807486,POLD1;POLA2;PRIM2;RFC4,up in tumor,4
gs_ind_0,Activation Of GABAB Receptors R-HSA-991365,7/35,0.023316144841164677,0.2143590369287841,2.9030614441749316,10.91147358788657,GNAL;GNG4;KCNJ5;GABBR2;KCNJ6;UBD;ADCY6,up in tumor,7
gs_ind_0,ECM Proteoglycans R-HSA-3000178,9/51,0.023638707408595708,0.2143590369287841,2.4668786433492316,9.238139248083103,LAMA4;ACAN;HAPLN1;COL9A1;ITGA2;IBSP;MATN3;BCAN;LAMC1,up in tumor,9
gs_ind_0,Golgi Cisternae Pericentriolar Stack Reorganization R-HSA-162658,4/14,0.024363273800716432,0.2143590369287841,4.724320329819921,17.549330932807486,CDK1;CCNB1;CCNB2;PLK1,up in tumor,4
gs_ind_0,TP53 Regulates Transcription Of Additional Cell Death Genes With Uncertain Roles In P53-Dependent Apoptosis R-HSA-6803205,4/14,0.024363273800716432,0.2143590369287841,4.724320329819921,17.549330932807486,TP73;BIRC5;TP53I3;MPZ,up in tumor,4
gs_ind_0,Defective CHSY1 Causes TPBS R-HSA-3595177,3/8,0.023475882700348873,0.2143590369287841,7.012813852813853,26.310546348021212,CSPG4;BCAN;CSPG5,up in tumor,3
gs_ind_0,Negative Regulation Of TCF-dependent Signaling By WNT Ligand Antagonists R-HSA-3772470,4/14,0.024363273800716432,0.2143590369287841,4.724320329819921,17.549330932807486,DKK1;DKK4;KREMEN2;WNT3A,up in tumor,4
gs_ind_0,"Defective CHST14 Causes EDS, Musculocontractural Type R-HSA-3595174",3/8,0.023475882700348873,0.2143590369287841,7.012813852813853,26.310546348021212,CSPG4;BCAN;CSPG5,up in tumor,3
gs_ind_0,Defective CHST3 Causes SEDCJD R-HSA-3595172,3/8,0.023475882700348873,0.2143590369287841,7.012813852813853,26.310546348021212,CSPG4;BCAN;CSPG5,up in tumor,3
gs_ind_0,Fanconi Anemia Pathway R-HSA-6783310,7/35,0.023316144841164677,0.2143590369287841,2.9030614441749316,10.91147358788657,EME1;FANCB;FAAP24;FANCI;FANCD2;FANCE;UBE2T,up in tumor,7
gs_ind_0,Inactivation Of APC/C Via Direct Inhibition Of APC/C Complex R-HSA-141430,5/21,0.026257973025111347,0.22925230295001062,3.675383637519295,13.377608444832855,UBE2C;CDC20;MAD2L1;UBE2S;BUB1B,up in tumor,5
gs_ind_0,HDR Thru Single Strand Annealing (SSA) R-HSA-5685938,7/36,0.026928089080905267,0.23330825272387387,2.804513919381751,10.137154880382791,BLM;EXO1;RAD51;RFC4;ARTN;RMI2;BRIP1,up in tumor,7
gs_ind_0,DNA Repair R-HSA-73894,34/291,0.028186908254616155,0.2423647035529495,1.4831313030883622,5.2931438298329825,CCNA2;FANCB;EME1;CHEK1;EXO1;H2BC9;FANCD2;PCLAF;BLM;H2BC15;H2BC17;FAAP24;NEIL3;FANCE;RMI2;FEN1;MSH2;XRCC3;BRCA2;ARTN;UBE2T;EYA1;XRCC2;DTL;KPNA2;CLSPN;POLD1;FANCI;RAD51;RFC4;BRIP1;H2BC11;H2AX;RAD51AP1,up in tumor,34
gs_ind_0,GPCR Ligand Binding R-HSA-500792,35/302,0.029201211487048268,0.2491983085548856,1.469148008292419,5.191300718382922,AVPR2;CCR8;FZD10;CCR3;PLPPR4;KISS1;GPR35;BDKRB1;CCL25;F2RL3;CRHR2;CHGA;CCL20;OXTR;WNT3A;GNG4;GRPR;ADM2;GABBR2;PLPPR2;HTR4;TAC3;GRM2;APLN;RHO;GLP1R;GALR3;HTR1D;NPFFR2;UBD;WNT6;BDKRB2;ADRA2C;ADRA1D;GHRHR,up in tumor,35
gs_ind_0,Inwardly Rectifying K+ Channels R-HSA-1296065,6/29,0.029769690236824575,0.25028591421330293,3.050393463347309,10.71988948740137,GNG4;KCNJ5;GABBR2;KCNJ11;KCNJ6;UBD,up in tumor,6
gs_ind_0,Cleavage Of Damaged Pyrimidine R-HSA-110329,6/29,0.029769690236824575,0.25028591421330293,3.050393463347309,10.71988948740137,H2BC15;H2BC17;H2BC9;H2BC11;H2AX;NEIL3,up in tumor,6
gs_ind_0,Formation Of beta-catenin:TCF Transactivating Complex R-HSA-201722,8/45,0.030681127148993518,0.2560520537802033,2.5007548885857207,8.712899023713899,H2BC15;LEF1;H2BC17;H2BC9;H2AX;BCL9;H2BC11;TERT,up in tumor,8
gs_ind_0,Processive Synthesis On Lagging Strand R-HSA-69183,4/15,0.031082884024164245,0.2575114844337695,4.313296795653358,14.971875726458103,POLD1;POLA2;PRIM2;FEN1,up in tumor,4
gs_ind_0,Activated PKN1 Stimulates Transcription Of Androgen Receptor Regulated KLK2 And KLK3 R-HSA-5625886,5/22,0.031716359165054546,0.2608555626980935,3.465190489162159,11.958104412229073,H2BC15;H2BC17;H2BC9;H2BC11;H2AX,up in tumor,5
gs_ind_0,Serotonin Receptors R-HSA-390666,2/4,0.03712309390603382,0.29882774172587506,11.015773728583085,36.28062731140805,HTR1D;HTR4,up in tumor,2
gs_ind_0,Interaction With Cumulus Cells And Zona Pellucida R-HSA-2534343,2/4,0.03712309390603382,0.29882774172587506,11.015773728583085,36.28062731140805,ADAM21;ZP3,up in tumor,2
gs_ind_0,G2 Phase R-HSA-68911,2/4,0.03712309390603382,0.29882774172587506,11.015773728583085,36.28062731140805,CCNA2;E2F1,up in tumor,2
gs_ind_0,RHOB GTPase Cycle R-HSA-9013026,10/64,0.03798247780159002,0.3007252296018574,2.1261073201536655,6.953711099065592,ECT2;ARHGAP39;ANLN;IQGAP3;ARHGEF11;DEPDC1B;RACGAP1;PKN3;MCAM;DIAPH3,up in tumor,10
gs_ind_0,SIRT1 Negatively Regulates rRNA Expression R-HSA-427359,5/23,0.03783308303569179,0.3007252296018574,3.2777209244111996,10.73313102105566,H2BC15;H2BC17;H2BC9;H2BC11;H2AX,up in tumor,5
gs_ind_0,Signaling By NOTCH3 R-HSA-9012852,8/47,0.03868359781662659,0.3007252296018574,2.3738995285544062,7.720727437951964,TACC3;HES5;HEY1;NOTCH3;DLL4;EGF;JAG2;DLGAP5,up in tumor,8
gs_ind_0,Cyclin D Associated Events In G1 R-HSA-69231,8/47,0.03868359781662659,0.3007252296018574,2.3738995285544062,7.720727437951964,E2F2;CDKN2A;E2F1;CDKN2B;CCNE1;CDKN2C;RBL1;CCNE2,up in tumor,8
gs_ind_0,Activation Of APC/C And APC/C:Cdc20 Mediated Degradation Of Mitotic Proteins R-HSA-176814,11/73,0.03849523878650375,0.3007252296018574,2.030839027056573,6.614890944142029,CCNA2;CCNB1;UBE2C;UBE2S;CDC20;PLK1;PTTG1;NEK2;MAD2L1;CDK1;BUB1B,up in tumor,11
gs_ind_0,ERCC6 (CSB) And EHMT2 (G9a) Positively Regulate rRNA Expression R-HSA-427389,6/31,0.04007235471819366,0.3073116392239852,2.810869019180308,9.042758434864776,H2BC15;H2BC17;H2BC9;EHMT2;H2BC11;H2AX,up in tumor,6
gs_ind_0,"Base-Excision Repair, AP Site Formation R-HSA-73929",6/31,0.04007235471819366,0.3073116392239852,2.810869019180308,9.042758434864776,H2BC15;H2BC17;H2BC9;H2BC11;H2AX;NEIL3,up in tumor,6
gs_ind_0,Orc1 Removal From Chromatin R-HSA-68949,10/65,0.041670796622299125,0.3174251957470437,2.0876957263190534,6.634602479706605,CCNA2;MCM4;ORC6;MCM7;MCM3;MCM6;CDT1;MCM8;CDC6;MCM5,up in tumor,10
gs_ind_0,Caspase Activation Via Dependence Receptors In Absence Of Ligand R-HSA-418889,3/10,0.04437347714933248,0.33319661936689354,5.142222222222222,16.018605090729988,UNC5A;DAPK2;DCC,up in tumor,3
gs_ind_0,APC/C:Cdc20 Mediated Degradation Of Cyclin B R-HSA-174048,5/24,0.044621926117857105,0.33319661936689354,3.109479007327005,9.669018020611269,CCNB1;UBE2C;UBE2S;CDC20;CDK1,up in tumor,5
gs_ind_0,Activation Of G Protein Gated Potassium Channels R-HSA-1296041,5/24,0.044621926117857105,0.33319661936689354,3.109479007327005,9.669018020611269,GNG4;KCNJ5;GABBR2;KCNJ6;UBD,up in tumor,5
gs_ind_0,Aberrant Regulation Of Mitotic G1/S Transition In Cancer Due To RB1 Defects R-HSA-9659787,4/17,0.047473929748163037,0.35217588407951006,3.6739268536164804,11.196566036501332,CCNE2;E2F2;CCNE1;E2F1,up in tumor,4
gs_ind_0,Oncogene Induced Senescence R-HSA-2559585,6/33,0.052384134923809465,0.3835870525066048,2.60618449416487,7.686032915790087,E2F2;CDKN2A;DAND5;E2F1;CDKN2B;CDKN2C,up in tumor,6
gs_ind_0,NOTCH3 Activation And Transmission Of Signal To Nucleus R-HSA-9013507,5/25,0.052091191533404836,0.3835870525066048,2.9576509358120004,8.73914694287956,TACC3;NOTCH3;DLL4;EGF;JAG2,up in tumor,5
gs_ind_0,Base Excision Repair R-HSA-73884,9/59,0.054128640763799446,0.3938205594032845,2.075264283185075,6.052283798658073,H2BC15;H2BC17;H2BC9;POLD1;RFC4;FEN1;H2BC11;H2AX;NEIL3,up in tumor,9
gs_ind_0,Regulation Of TP53 Activity Thru Phosphorylation R-HSA-6804756,12/87,0.05653611789971865,0.40871652112216983,1.8271680728422495,5.249226555668253,BLM;CCNA2;PRKAA2;CHEK1;EXO1;TPX2;AURKA;AURKB;RFC4;ARTN;RMI2;BRIP1,up in tumor,12
gs_ind_0,Ras Activation Upon Ca2+ Influx Thru NMDA Receptor R-HSA-442982,4/18,0.05714852234374778,0.4092463997934675,3.420383600739788,9.789485871658519,ACTN2;RASGRF2;MPP3;GPRIN1,up in tumor,4
gs_ind_0,Dermatan Sulfate Biosynthesis R-HSA-2022923,3/11,0.05733055292260911,0.4092463997934675,4.53703081232493,12.97101533272903,CSPG4;BCAN;CSPG5,up in tumor,3
gs_ind_0,Vasopressin-like Receptors R-HSA-388479,2/5,0.058490532390856526,0.41491721414763844,7.868021290648432,22.336449930525752,OXTR;AVPR2,up in tumor,2
gs_ind_0,GAG Synthesis Requires Tetrasaccharide Linker Sequence R-HSA-1971475,5/26,0.06024382086361121,0.42207862148270814,2.8199464058332753,7.92223129677149,CSPG4;GPC3;GPC2;BCAN;CSPG5,up in tumor,5
gs_ind_0,Activation Of Matrix Metalloproteinases R-HSA-1592389,5/26,0.06024382086361121,0.42207862148270814,2.8199464058332753,7.92223129677149,MMP11;CTSV;MMP10;MMP24;MMP1,up in tumor,5
gs_ind_0,Signaling By GPCR R-HSA-372790,53/514,0.0619736960039158,0.4315346316837082,1.2836854586367046,3.5699873369165065,AVPR2;CCR8;FZD10;RGS20;CCR3;PLPPR4;KISS1;GPR35;GPSM2;CCL25;F2RL3;BDKRB1;CRHR2;ADCY6;DAGLA;CHGA;CCL20;OXTR;DGKI;GNAL;WNT3A;GNG4;GRPR;ADM2;GABBR2;PLPPR2;GNAZ;HTR4;TAC3;ECT2;PDE1C;ARHGEF37;GRM2;APLN;RHO;GLP1R;GALR3;FGD1;HTR1D;NPFFR2;UBD;ARHGEF39;WNT6;KPNA2;RASGRF2;BDKRB2;TRPC6;ARHGEF11;ADRA2C;RGS5;ADRA1D;GPSM1;GHRHR,up in tumor,53
gs_ind_0,Collagen Degradation R-HSA-1442490,6/35,0.06675991691555798,0.4615849130407131,2.429253803049831,6.5751456962694945,MMP11;COL9A1;COL15A1;MMP12;MMP10;MMP1,up in tumor,6
gs_ind_0,MHC Class II Antigen Presentation R-HSA-2132295,13/99,0.06710265255657943,0.4615849130407131,1.7223994369894753,4.6531166866526545,KIF15;CENPE;KIF5A;CTSV;KIF2C;DNM3;RACGAP1;KIF20A;KIF23;KIF4A;KIF11;KIF18A;DYNC1I1,up in tumor,13
gs_ind_0,Other Semaphorin Interactions R-HSA-416700,4/19,0.06779250245615773,0.46352102582975313,3.1995556062987975,8.610975756457364,PLXNA1;SEMA7A;TREM2;PLXNC1,up in tumor,4
gs_ind_0,Transcriptional Regulation Of Granulopoiesis R-HSA-9616222,7/44,0.06973363861753111,0.4683294664550166,2.205344968639215,5.87299344546468,H2BC15;E2F1;H2BC17;H2BC9;LEF1;H2BC11;H2AX,up in tumor,7
gs_ind_0,Sensory Perception R-HSA-9709957,21/179,0.06947015641115564,0.4683294664550166,1.4982267981896091,3.995558156707622,WHRN;EBF1;AKR1C3;GPC2;LPL;GNAL;OR2I1P;PDE6A;STRA6;ANO2;OR51E2;STX1A;RHO;SCN4B;CLIC5;CABP1;AKR1B10;PPEF1;GPC3;OR2B6;OR51E1,up in tumor,21
gs_ind_0,RHOC GTPase Cycle R-HSA-9013106,10/71,0.06893816374778919,0.4683294664550166,1.883458471295994,5.037395103405264,ARHGAP39;ANLN;IQGAP3;ARHGEF11;DEPDC1B;RACGAP1;CCDC187;PKN3;MCAM;DIAPH3,up in tumor,10
gs_ind_0,DNA Double Strand Break Response R-HSA-5693606,8/53,0.07060272880345266,0.4713770423054045,2.0602461658396174,5.461066664727012,KPNA2;H2BC15;H2BC17;H2BC9;ARTN;EYA1;H2BC11;H2AX,up in tumor,8
gs_ind_0,HDR Thru MMEJ (alt-NHEJ) R-HSA-5685939,3/12,0.07184960738463034,0.47412386268346185,4.059248120300752,10.68873149655557,BRCA2;ARTN;FEN1,up in tumor,3
gs_ind_0,LGI-ADAM Interactions R-HSA-5682910,3/12,0.07184960738463034,0.47412386268346185,4.059248120300752,10.68873149655557,STX1A;LGI3;ADAM11,up in tumor,3
gs_ind_0,APC/C:Cdc20 Mediated Degradation Of Mitotic Proteins R-HSA-176409,10/72,0.07437276102128565,0.487438681710486,1.8532313575525812,4.8159284285002,CCNA2;CCNB1;UBE2C;UBE2S;CDC20;PTTG1;NEK2;MAD2L1;CDK1;BUB1B,up in tumor,10
gs_ind_0,Aberrant Regulation Of Mitotic Cell Cycle Due To RB1 Defects R-HSA-9687139,6/36,0.0747262824824886,0.487438681710486,2.349489966891412,6.094397022598722,E2F2;E2F1;UBE2C;UBE2S;CCNE1;CCNE2,up in tumor,6
gs_ind_0,Mitotic G2-G2/M Phases R-HSA-453274,21/181,0.07615090054487857,0.4938929835339267,1.4794100601051776,3.8095376753223236,HMMR;CCNA2;GTSE1;FBXL18;E2F1;TPX2;CENPF;CDK1;CEP131;LIN9;AURKA;NEK2;FOXM1;CCNB1;PLK4;CDC25C;CCNB2;PKMYT1;PLK1;CDC25A;MYBL2,up in tumor,21
gs_ind_0,Amine Ligand-Binding Receptors R-HSA-375280,4/20,0.07938097005640186,0.5119170512160007,3.0054946414870183,7.614410489453588,ADRA1D;HTR1D;HTR4;ADRA2C,up in tumor,4
gs_ind_0,Class A/1 (Rhodopsin-like Receptors) R-HSA-373076,24/214,0.08316906585896269,0.5193593407588156,1.4205745958055822,3.532798273621984,AVPR2;CCR8;CCR3;PLPPR4;KISS1;GPR35;BDKRB1;CCL25;F2RL3;CHGA;CCL20;OXTR;GRPR;PLPPR2;HTR4;TAC3;APLN;RHO;GALR3;HTR1D;NPFFR2;BDKRB2;ADRA2C;ADRA1D,up in tumor,24
gs_ind_0,Digestion Of Dietary Lipid R-HSA-192456,1/1,0.0832805286503123,0.5193593407588156,33.03261755911932,82.10390898978821,CEL,up in tumor,1
gs_ind_0,Sensing Of DNA Double Strand Breaks R-HSA-5693548,2/6,0.0829773808649921,0.5193593407588156,6.1192699362402925,15.232008570124677,KPNA2;ARTN,up in tumor,2
gs_ind_0,Glycoprotein Hormones R-HSA-209822,2/6,0.0829773808649921,0.5193593407588156,6.1192699362402925,15.232008570124677,CHGA;INHA,up in tumor,2
gs_ind_0,Insulin-like Growth Factor-2 mRNA Binding Proteins (IGF2BPs/IMPs/VICKZs) Bind RNA R-HSA-428359,2/6,0.0829773808649921,0.5193593407588156,6.1192699362402925,15.232008570124677,IGF2BP3;IGF2BP1,up in tumor,2
gs_ind_0,Estrogen Biosynthesis R-HSA-193144,2/6,0.0829773808649921,0.5193593407588156,6.1192699362402925,15.232008570124677,AKR1B15;CYP19A1,up in tumor,2
gs_ind_0,Activation Of HOX Genes During Differentiation R-HSA-5619507,10/74,0.08602348077208417,0.5329966569095067,1.7955889546000268,4.4048220881676174,PAX6;EZH2;H2BC15;HOXA3;H2BC17;H2BC9;HOXD3;H2BC11;H2AX;HOXD4,up in tumor,10
gs_ind_0,GPCR Downstream Signaling R-HSA-388396,47/461,0.08640650649458083,0.5329966569095067,1.2677111389036202,3.104234503642754,AVPR2;CCR8;RGS20;CCR3;KISS1;GPSM2;BDKRB1;CCL25;F2RL3;CRHR2;DAGLA;ADCY6;CHGA;CCL20;OXTR;DGKI;GNAL;GNG4;GRPR;ADM2;GABBR2;GNAZ;HTR4;TAC3;ECT2;PDE1C;ARHGEF37;GRM2;APLN;RHO;GLP1R;GALR3;FGD1;HTR1D;NPFFR2;UBD;ARHGEF39;KPNA2;RASGRF2;BDKRB2;TRPC6;ARHGEF11;ADRA2C;RGS5;ADRA1D;GPSM1;GHRHR,up in tumor,47
gs_ind_0,Mitotic Telophase/Cytokinesis R-HSA-68884,3/13,0.08782306581685313,0.5330437417226113,3.672471655328798,8.933034283798136,KIF23;PLK1;KIF20A,up in tumor,3
gs_ind_0,Inhibition Of Replication Initiation Of Damaged DNA By RB1/E2F1 R-HSA-113501,3/13,0.08782306581685313,0.5330437417226113,3.672471655328798,8.933034283798136,POLA2;PRIM2;E2F1,up in tumor,3
gs_ind_0,Class C/3 (Metabotropic Glutamate/Pheromone Receptors) R-HSA-420499,3/13,0.08782306581685313,0.5330437417226113,3.672471655328798,8.933034283798136,GRM2;UBD;GABBR2,up in tumor,3
gs_ind_0,Voltage Gated Potassium Channels R-HSA-1296072,5/29,0.08875524105673305,0.5358361627627235,2.474279932621373,5.992391263972249,KCNH6;KCNQ3;KCNC1;KCNH4;KCNF1,up in tumor,5
gs_ind_0,Diseases Of Mitotic Cell Cycle R-HSA-9675126,6/38,0.09220028319474424,0.553689531354681,2.2046879258653584,5.255517609710076,E2F2;E2F1;UBE2C;UBE2S;CCNE1;CCNE2,up in tumor,6
gs_ind_0,RHO GTPases Activate PKNs R-HSA-5625740,7/48,0.10099670056785198,0.597037787211,1.9923873295198793,4.567881538971485,CDC25C;H2BC15;H2BC17;H2BC9;PKN3;H2BC11;H2AX,up in tumor,7
gs_ind_0,Intra-Golgi And Retrograde Golgi-to-ER Traffic R-HSA-6811442,20/177,0.10033233480780315,0.597037787211,1.4368937541142979,3.3038027577958546,CENPE;KIF5A;BICD1;KIFC1;KIF15;VPS45;RAB6B;RACGAP1;KIF20A;KIF4A;KIF23;KIF11;KIF21B;KIF18B;PAFAH1B3;KIFC2;KIF2C;AKR1B10;KIF18A;DYNC1I1,up in tumor,20
gs_ind_0,Pre-NOTCH Transcription And Translation R-HSA-1912408,7/48,0.10099670056785198,0.597037787211,1.9923873295198793,4.567881538971485,H2BC15;E2F1;H2BC17;H2BC9;NOTCH3;H2BC11;H2AX,up in tumor,7
gs_ind_0,Defective CHST6 Causes MCDC1 R-HSA-3656225,2/7,0.10991646171982257,0.6085618734243835,5.006428165253294,11.0543668146561,ACAN;CHST6,up in tumor,2
gs_ind_0,Mismatch Repair (MMR) Directed By MSH2:MSH3 (MutSbeta) R-HSA-5358606,3/14,0.10513028182125415,0.6085618734243835,3.35296066252588,7.552728032597045,EXO1;POLD1;MSH2,up in tumor,3
gs_ind_0,Constitutive Signaling By NOTCH1 t(7;9)(NOTCH1:M1580 K2555) Translocation Mutant R-HSA-2660826,2/7,0.10991646171982257,0.6085618734243835,5.006428165253294,11.0543668146561,JAG2;DLL4,up in tumor,2
gs_ind_0,Thyroxine Biosynthesis R-HSA-209968,2/7,0.10991646171982257,0.6085618734243835,5.006428165253294,11.0543668146561,CHGA;DIO2,up in tumor,2
gs_ind_0,Na+/Cl- Dependent Neurotransmitter Transporters R-HSA-442660,3/14,0.10513028182125415,0.6085618734243835,3.35296066252588,7.552728032597045,SLC6A11;SLC6A7;SLC6A9,up in tumor,3
gs_ind_0,Mismatch Repair (MMR) Directed By MSH2:MSH6 (MutSalpha) R-HSA-5358565,3/14,0.10513028182125415,0.6085618734243835,3.35296066252588,7.552728032597045,EXO1;POLD1;MSH2,up in tumor,3
gs_ind_0,Inactivation Of CDC42 And RAC1 R-HSA-428543,2/7,0.10991646171982257,0.6085618734243835,5.006428165253294,11.0543668146561,ROBO1;ARHGAP39,up in tumor,2
gs_ind_0,Laminin Interactions R-HSA-3000157,4/22,0.1052503075706672,0.6085618734243835,2.6803114031537665,6.034490306871897,ITGA2;ITGA6;LAMA4;LAMC1,up in tumor,4
gs_ind_0,G2/M Transition R-HSA-69275,20/179,0.10906630014543929,0.6085618734243835,1.4187350782924186,3.1436322266379646,HMMR;CCNA2;GTSE1;FBXL18;TPX2;CENPF;CDK1;CEP131;LIN9;AURKA;NEK2;FOXM1;CCNB1;PLK4;CDC25C;CCNB2;PKMYT1;PLK1;CDC25A;MYBL2,up in tumor,20
gs_ind_0,Anchoring Fibril Formation R-HSA-2214320,2/7,0.10991646171982257,0.6085618734243835,5.006428165253294,11.0543668146561,COL7A1;LAMA4,up in tumor,2
gs_ind_0,Attachment Of GPI Anchor To uPAR R-HSA-162791,2/7,0.10991646171982257,0.6085618734243835,5.006428165253294,11.0543668146561,PIGU;GPAA1,up in tumor,2
gs_ind_0,Neurofascin Interactions R-HSA-447043,2/7,0.10991646171982257,0.6085618734243835,5.006428165253294,11.0543668146561,DCX;NRCAM,up in tumor,2
gs_ind_0,NrCAM Interactions R-HSA-447038,2/7,0.10991646171982257,0.6085618734243835,5.006428165253294,11.0543668146561,MPP3;NRCAM,up in tumor,2
gs_ind_0,Non-integrin membrane-ECM Interactions R-HSA-3000171,6/40,0.11167756165777053,0.6153108372891726,2.0766745272771083,4.552360204856156,FGF13;LAMA4;ITGA2;PDGFA;ITGA6;LAMC1,up in tumor,6
gs_ind_0,RHOD GTPase Cycle R-HSA-9013405,7/50,0.11906749754666572,0.6425036373535112,1.9005952436925797,4.044589723868009,ARHGAP39;DEPDC1B;RACGAP1;PLXNA1;MCAM;DIAPH3;DBN1,up in tumor,7
gs_ind_0,Regulation Of Insulin Secretion R-HSA-422356,9/69,0.11801440698672422,0.6425036373535112,1.7313880371731611,3.69988718818093,SYT5;GNG4;GLP1R;STX1A;ADRA2C;KCNJ11;CACNA1E;ACSL4;ADCY6,up in tumor,9
gs_ind_0,Defective Intrinsic Pathway For Apoptosis R-HSA-9734009,4/23,0.1194434074727673,0.6425036373535112,2.5427338792435443,5.403087251885186,CDKN2A;ERC2;CDC25A;CDC25C,up in tumor,4
gs_ind_0,NOTCH3 Intracellular Domain Regulates Transcription R-HSA-9013508,4/23,0.1194434074727673,0.6425036373535112,2.5427338792435443,5.403087251885186,HEY1;DLGAP5;NOTCH3;HES5,up in tumor,4
gs_ind_0,Peptide Ligand-Binding Receptors R-HSA-375276,15/129,0.11764458836648874,0.6425036373535112,1.4935323097458493,3.1962893230178024,KISS1;AVPR2;BDKRB2;CCR8;CCL20;OXTR;APLN;CCR3;GRPR;F2RL3;GALR3;BDKRB1;NPFFR2;CCL25;TAC3,up in tumor,15
gs_ind_0,Hyaluronan Metabolism R-HSA-2142845,3/15,0.12364213127052652,0.6466996266914636,3.0845714285714285,6.447876835768934,HMMR;ABCC5;CEMIP,up in tumor,3
gs_ind_0,NCAM1 Interactions R-HSA-419037,5/32,0.12305795005120944,0.6466996266914636,2.204031599019341,4.617666373738369,COL9A1;CACNB4;COL4A1;ARTN;COL4A2,up in tumor,5
gs_ind_0,RND2 GTPase Cycle R-HSA-9696270,6/41,0.12213889021417848,0.6466996266914636,2.01807684482474,4.243201184341574,DLG5;SCRIB;DEPDC1B;MUC13;LRRC1;KIF14,up in tumor,6
gs_ind_0,PI3K Events In ERBB2 Signaling R-HSA-1963642,3/15,0.12364213127052652,0.6466996266914636,3.0845714285714285,6.447876835768934,NRG2;PIGU;EGF,up in tumor,3
gs_ind_0,Mismatch Repair R-HSA-5358508,3/15,0.12364213127052652,0.6466996266914636,3.0845714285714285,6.447876835768934,EXO1;POLD1;MSH2,up in tumor,3
gs_ind_0,Fertilization R-HSA-1187000,3/15,0.12364213127052652,0.6466996266914636,3.0845714285714285,6.447876835768934,ADAM21;KCNU1;ZP3,up in tumor,3
gs_ind_0,Glycosaminoglycan Metabolism R-HSA-1630316,13/110,0.12612897027330722,0.6536821062109758,1.5272440282016206,3.162082889851508,HMMR;CSPG4;ACAN;B3GNT4;ABCC5;CHST6;GPC2;BCAN;GPC3;IDUA;SLC26A2;CEMIP;CSPG5,up in tumor,13
gs_ind_0,G Alpha (I) Signaling Events R-HSA-418594,24/225,0.12576201024031372,0.6536821062109758,1.3422883288630072,2.783052252635742,CCR8;RGS20;CCR3;BDKRB1;GPSM2;CCL25;ADCY6;CCL20;GNAL;GNG4;GABBR2;GNAZ;PDE1C;GRM2;APLN;RHO;GALR3;HTR1D;UBD;KPNA2;BDKRB2;ADRA2C;RGS5;GPSM1,up in tumor,24
gs_ind_0,Activation Of Ca-permeable Kainate Receptor R-HSA-451308,2/8,0.1387299880596471,0.6875918622170282,4.235999246877681,8.36705486124964,MPP3;GRIK4,up in tumor,2
gs_ind_0,DNA Replication Initiation R-HSA-68952,2/8,0.1387299880596471,0.6875918622170282,4.235999246877681,8.36705486124964,POLA2;PRIM2,up in tumor,2
gs_ind_0,Netrin Mediated Repulsion Signals R-HSA-418886,2/8,0.1387299880596471,0.6875918622170282,4.235999246877681,8.36705486124964,UNC5A;DCC,up in tumor,2
gs_ind_0,Recruitment And ATM-mediated Phosphorylation Of Repair And Signal Proteins At DNA Double Strand Breaks R-HSA-5693565,7/52,0.13868337346156814,0.6875918622170282,1.8168727917841634,3.5893445427783184,H2BC15;H2BC17;H2BC9;ARTN;EYA1;H2BC11;H2AX,up in tumor,7
gs_ind_0,Ca2+ Activated K+ Channels R-HSA-1296052,2/8,0.1387299880596471,0.6875918622170282,4.235999246877681,8.36705486124964,KCNN3;KCNN1,up in tumor,2
gs_ind_0,Interaction Between L1 And Ankyrins R-HSA-445095,4/24,0.13440770374374933,0.6875918622170282,2.418578552787978,4.853790959419332,SCN4A;KCNQ3;NRCAM;SCN4B,up in tumor,4
gs_ind_0,Peptide Hormone Biosynthesis R-HSA-209952,2/8,0.1387299880596471,0.6875918622170282,4.235999246877681,8.36705486124964,CHGA;INHA,up in tumor,2
gs_ind_0,L1CAM Interactions R-HSA-373760,11/91,0.13473194664612168,0.6875918622170282,1.5753328387928005,3.1577043510704317,SCN4A;KCNQ3;GAP43;ITGA2;MPP3;DNM3;NRCAM;KIF4A;SCN4B;DCX;LAMC1,up in tumor,11
gs_ind_0,Adrenoceptors R-HSA-390696,2/8,0.1387299880596471,0.6875918622170282,4.235999246877681,8.36705486124964,ADRA1D;ADRA2C,up in tumor,2
gs_ind_0,Adenylate Cyclase Activating Pathway R-HSA-170660,2/8,0.1387299880596471,0.6875918622170282,4.235999246877681,8.36705486124964,GNAL;ADCY6,up in tumor,2
gs_ind_0,Nonhomologous End-Joining (NHEJ) R-HSA-5693571,6/43,0.14443071338169255,0.7035573377176869,1.910257109112383,3.696262267768696,H2BC15;H2BC17;H2BC9;ARTN;H2BC11;H2AX,up in tumor,6
gs_ind_0,Meiotic Synapsis R-HSA-1221632,6/43,0.14443071338169255,0.7035573377176869,1.910257109112383,3.696262267768696,H2BC15;H2BC17;H2BC9;SMC1B;H2BC11;H2AX,up in tumor,6
gs_ind_0,Lewis Blood Group Biosynthesis R-HSA-9037629,3/16,0.1432247936969972,0.7035573377176869,2.8559435626102294,5.550069074799662,B4GALNT2;FUT2;B3GALT1,up in tumor,3
gs_ind_0,"GABA Synthesis, Release, Reuptake And Degradation R-HSA-888590",3/16,0.1432247936969972,0.7035573377176869,2.8559435626102294,5.550069074799662,GAD1;SLC6A11;STX1A,up in tumor,3
gs_ind_0,Phase 0 - Rapid Depolarisation R-HSA-5576892,4/25,0.1500870394028626,0.7248884669031875,2.305972559025953,4.373368944562089,SCN4A;SCN4B;FGF13;FGF12,up in tumor,4
gs_ind_0,Basigin Interactions R-HSA-210991,4/25,0.1500870394028626,0.7248884669031875,2.305972559025953,4.373368944562089,SLC7A6;ITGA6;MMP1;SLC7A11,up in tumor,4
gs_ind_0,MET Activates PTK2 Signaling R-HSA-8874081,3/17,0.16374283597174744,0.7762081861905206,2.658850574712644,4.811078855911036,ITGA2;LAMC1;LAMA4,up in tumor,3
gs_ind_0,Role Of Second Messengers In Netrin-1 Signaling R-HSA-418890,2/9,0.16891931452780493,0.7762081861905206,3.6710180400688968,6.528296587677874,TRPC6;DCC,up in tumor,2
gs_ind_0,Integration Of Energy Metabolism R-HSA-163685,11/95,0.16599780911987327,0.7762081861905206,1.500463314094613,2.694503043682561,PRKAA2;SYT5;GNG4;GLP1R;STX1A;ADRA2C;KCNJ11;CACNA1E;ACLY;ACSL4;ADCY6,up in tumor,11
gs_ind_0,Inhibition Of DNA Recombination At Telomere R-HSA-9670095,5/35,0.1625256161204197,0.7762081861905206,1.9869468720275443,3.6101228192106123,H2BC15;H2BC17;H2BC9;H2BC11;H2AX,up in tumor,5
gs_ind_0,Regulation Of Commissural Axon Pathfinding By SLIT And ROBO R-HSA-428542,2/9,0.16891931452780493,0.7762081861905206,3.6710180400688968,6.528296587677874,ROBO1;DCC,up in tumor,2
gs_ind_0,CREB1 Phosphorylation Thru NMDA Receptor-Mediated Activation Of RAS Signaling R-HSA-442742,4/26,0.16642217004636278,0.7762081861905206,2.2033759869316634,3.9511544699331944,ACTN2;RASGRF2;MPP3;GPRIN1,up in tumor,4
gs_ind_0,Type I Hemidesmosome Assembly R-HSA-446107,2/9,0.16891931452780493,0.7762081861905206,3.6710180400688968,6.528296587677874,ITGA6;LAMA4,up in tumor,2
gs_ind_0,"Unblocking Of NMDA Receptors, Glutamate Binding And Activation R-HSA-438066",3/17,0.16374283597174744,0.7762081861905206,2.658850574712644,4.811078855911036,ACTN2;MPP3;GPRIN1,up in tumor,3
gs_ind_0,SUMOylation Of DNA Replication Proteins R-HSA-4615885,6/45,0.16842459850373967,0.7762081861905206,1.8133558276493784,3.230071105337926,CDCA8;AURKA;AURKB;TOP2A;BIRC5;INCENP,up in tumor,6
gs_ind_0,Multifunctional Anion Exchangers R-HSA-427601,2/9,0.16891931452780493,0.7762081861905206,3.6710180400688968,6.528296587677874,SLC26A2;SLC26A6,up in tumor,2
gs_ind_0,Androgen Biosynthesis R-HSA-193048,2/9,0.16891931452780493,0.7762081861905206,3.6710180400688968,6.528296587677874,CYP17A1;CHGA,up in tumor,2
gs_ind_0,Activation Of PUMA And Translocation To Mitochondria R-HSA-139915,2/9,0.16891931452780493,0.7762081861905206,3.6710180400688968,6.528296587677874,TP73;E2F1,up in tumor,2
gs_ind_0,Post-translational Modification: Synthesis Of GPI-anchored Proteins R-HSA-163125,9/75,0.1701385861660782,0.7786584487842692,1.5747045747045747,2.78902534890352,PSCA;LYPD1;THY1;PRND;LY6H;CD109;GPAA1;NTM;PIGU,up in tumor,9
gs_ind_0,Heparan Sulfate/Heparin (HS-GAG) Metabolism R-HSA-1638091,6/46,0.18100757320967592,0.8250746810963139,1.7684941232683578,3.0227391723302763,CSPG4;GPC2;BCAN;GPC3;IDUA;CSPG5,up in tumor,6
gs_ind_0,Post NMDA Receptor Activation Events R-HSA-438064,7/56,0.1821716389710661,0.8258100719590524,1.6697242399451289,2.843216395763922,KPNA2;RASGRF2;PRKAA2;ACTN2;MPP3;GPRIN1;MAPT,up in tumor,7
gs_ind_0,Striated Muscle Contraction R-HSA-390522,4/27,0.18335166355390414,0.8258100719590524,2.1095110379943347,3.5784675966932413,ACTN2;MYBPC1;TPM2;NEB,up in tumor,4
gs_ind_0,Adherens Junctions Interactions R-HSA-418990,4/27,0.18335166355390414,0.8258100719590524,2.1095110379943347,3.5784675966932413,CDH24;CDH13;NECTIN1;CDH8,up in tumor,4
gs_ind_0,Scavenging By Class A Receptors R-HSA-3000480,3/18,0.18506169869734748,0.8302175020612229,2.487188940092166,4.196051903948143,COL4A1;COLEC12;COL4A2,up in tumor,3
gs_ind_0,Regulation Of APC/C Activators Between G1/S And Early Anaphase R-HSA-176408,9/77,0.18956317187399543,0.8470637798306488,1.5285763533938717,2.542072841061052,CCNA2;CCNB1;UBE2C;UBE2S;CDC20;PLK1;MAD2L1;CDK1;BUB1B,up in tumor,9
gs_ind_0,Antimicrobial Peptides R-HSA-6803157,5/37,0.19129280589039072,0.8514405281787979,1.8644888209039667,3.0837713033650624,CHGA;BPIFB4;DEFB132;LCN2;REG3A,up in tumor,5
gs_ind_0,Activation Of AMPK Downstream Of NMDARs R-HSA-9619483,2/10,0.2000557738724231,0.8600846732304904,3.2389735878033563,5.212023765006118,MAPT;PRKAA2,up in tumor,2
gs_ind_0,Activation Of PPARGC1A (PGC-1alpha) By Phosphorylation R-HSA-2151209,2/10,0.2000557738724231,0.8600846732304904,3.2389735878033563,5.212023765006118,PRKAA2;MAPK12,up in tumor,2
gs_ind_0,MASTL Facilitates Mitotic Progression R-HSA-2465910,2/10,0.2000557738724231,0.8600846732304904,3.2389735878033563,5.212023765006118,CDK1;CCNB1,up in tumor,2
gs_ind_0,EGR2 And SOX10-mediated Initiation Of Schwann Cell Myelination R-HSA-9619665,4/28,0.20081272106262552,0.8600846732304904,2.0233085338682164,3.248184195865944,DRP2;LAMC1;POU3F2;MPZ,up in tumor,4
gs_ind_0,Platelet Adhesion To Exposed Collagen R-HSA-75892,2/10,0.2000557738724231,0.8600846732304904,3.2389735878033563,5.212023765006118,ITGA2;VWF,up in tumor,2
gs_ind_0,Reversible Hydration Of Carbon Dioxide R-HSA-1475029,2/10,0.2000557738724231,0.8600846732304904,3.2389735878033563,5.212023765006118,CA12;CA4,up in tumor,2
gs_ind_0,Presynaptic Depolarization And Calcium Channel Opening R-HSA-112308,2/10,0.2000557738724231,0.8600846732304904,3.2389735878033563,5.212023765006118,CACNB4;CACNA1E,up in tumor,2
gs_ind_0,Crosslinking Of Collagen Fibrils R-HSA-2243919,2/10,0.2000557738724231,0.8600846732304904,3.2389735878033563,5.212023765006118,LOX;LOXL2,up in tumor,2
gs_ind_0,Regulation Of TP53 Activity R-HSA-5633007,16/152,0.19763295783563684,0.8600846732304904,1.332916740699695,2.1611161826978833,BLM;CCNA2;CDKN2A;PRKAA2;CHEK1;EXO1;TPX2;AURKA;AURKB;RFC4;ARTN;TP73;EHMT2;RMI2;BRIP1;CDK1,up in tumor,16
gs_ind_0,MET Promotes Cell Motility R-HSA-8875878,4/28,0.20081272106262552,0.8600846732304904,2.0233085338682164,3.248184195865944,PIGU;ITGA2;LAMC1;LAMA4,up in tumor,4
gs_ind_0,Processive Synthesis On C-strand Of Telomere R-HSA-174414,3/19,0.2070496729925704,0.8647276329743142,2.3363347763347764,3.6792519415769243,BLM;POLD1;FEN1,up in tumor,3
gs_ind_0,RHOA GTPase Cycle R-HSA-8980692,15/142,0.2033191295817137,0.8647276329743142,1.3403848529277502,2.1352042087952867,ECT2;ARHGAP39;RASGRF2;ANLN;IQGAP3;ARHGEF11;DEPDC1B;RACGAP1;ARHGAP11B;ARHGAP11A;ARHGAP22;PKN3;MCAM;RHPN1;DIAPH3,up in tumor,15
gs_ind_0,Initiation Of Nuclear Envelope (NE) Reformation R-HSA-2995383,3/19,0.2070496729925704,0.8647276329743142,2.3363347763347764,3.6792519415769243,CDK1;CCNB1;CCNB2,up in tumor,3
gs_ind_0,Synaptic Adhesion-Like Molecules R-HSA-8849932,3/19,0.2070496729925704,0.8647276329743142,2.3363347763347764,3.6792519415769243,LRFN2;MPP3;GPRIN1,up in tumor,3
gs_ind_0,Syndecan Interactions R-HSA-3000170,3/19,0.2070496729925704,0.8647276329743142,2.3363347763347764,3.6792519415769243,ITGA2;ITGA6;FGF13,up in tumor,3
gs_ind_0,Netrin-1 Signaling R-HSA-373752,6/48,0.20722988208723653,0.8647276329743142,1.6851041315954018,2.6522301498042267,DCC;ROBO1;UNC5A;TRPC6;MAPK12;RGMA,up in tumor,6
gs_ind_0,Long-term Potentiation R-HSA-9620244,3/19,0.2070496729925704,0.8647276329743142,2.3363347763347764,3.6792519415769243,ACTN2;MPP3;GPRIN1,up in tumor,3
gs_ind_0,Negative Regulation Of NMDA Receptor-Mediated Neuronal Transmission R-HSA-9617324,3/20,0.22957944409895303,0.8887222153389187,2.202721088435374,3.241317623368155,ACTN2;MPP3;GPRIN1,up in tumor,3
gs_ind_0,DSCAM Interactions R-HSA-376172,2/11,0.2317724896390484,0.8887222153389187,2.8978858623305612,4.236706338826718,DCC;MAPK12,up in tumor,2
gs_ind_0,APC:Cdc20 Mediated Degradation Of Cell Cycle Proteins Before Cycle Checkpoint Satisfied R-HSA-179419,8/70,0.2256305137132668,0.8887222153389187,1.4985975443383357,2.23119671377927,CCNA2;UBE2C;UBE2S;CDC20;NEK2;MAD2L1;CDK1;BUB1B,up in tumor,8
gs_ind_0,ADORA2B Mediated Anti-Inflammatory Cytokine Production R-HSA-9660821,10/90,0.21497946687571795,0.8887222153389187,1.4375616070686317,2.2098380432551847,CHGA;AVPR2;CRHR2;GNG4;GLP1R;ADM2;GNAZ;HTR4;GHRHR;ADCY6,up in tumor,10
gs_ind_0,Visual Phototransduction R-HSA-2187338,9/80,0.2203796195887205,0.8887222153389187,1.4642226460408279,2.2144957124785054,STRA6;AKR1C3;AKR1B10;PPEF1;RHO;GPC2;GPC3;LPL;PDE6A,up in tumor,9
gs_ind_0,Metabolism Of Steroid Hormones R-HSA-196071,4/29,0.21874191786356834,0.8887222153389187,1.9438670104578721,2.9544109655531536,CYP19A1;CYP17A1;CHGA;AKR1B15,up in tumor,4
gs_ind_0,Transcriptional Regulation By VENTX R-HSA-8853884,5/39,0.2216911161455874,0.8887222153389187,1.7562288046932677,2.6457064195504345,CDKN2A;UBE2C;LEF1;EHMT2;UBE2S,up in tumor,5
gs_ind_0,Chondroitin Sulfate/Dermatan Sulfate Metabolism R-HSA-1793185,6/49,0.22081997636075232,0.8887222153389187,1.6462846527131638,2.4865606800460203,CSPG4;GPC2;BCAN;GPC3;IDUA;CSPG5,up in tumor,6
gs_ind_0,Conversion From APC/C:Cdc20 To APC/C:Cdh1 In Late Anaphase R-HSA-176407,3/20,0.22957944409895303,0.8887222153389187,2.202721088435374,3.241317623368155,UBE2S;CDC20;UBE2C,up in tumor,3
gs_ind_0,Deregulated CDK5 Triggers Neurodegenerative Pathways In Alzheimers Disease Models R-HSA-8862803,3/20,0.22957944409895303,0.8887222153389187,2.202721088435374,3.241317623368155,ERC2;CDC25C;CDC25A,up in tumor,3
gs_ind_0,Opsins R-HSA-419771,1/3,0.22962175464409812,0.8887222153389187,6.605871160641478,9.719362701346206,RHO,up in tumor,1
gs_ind_0,Adenylate Cyclase Inhibitory Pathway R-HSA-170670,2/11,0.2317724896390484,0.8887222153389187,2.8978858623305612,4.236706338826718,GNAL;ADCY6,up in tumor,2
gs_ind_0,Activation Of Phototransduction Cascade R-HSA-2485179,2/11,0.2317724896390484,0.8887222153389187,2.8978858623305612,4.236706338826718,RHO;PDE6A,up in tumor,2
gs_ind_0,TFAP2 (AP-2) Family Regulates Transcription Of Growth Factors And Their Receptors R-HSA-8866910,2/11,0.2317724896390484,0.8887222153389187,2.8978858623305612,4.236706338826718,CHGA;ATAD2,up in tumor,2
gs_ind_0,Establishment Of Sister Chromatid Cohesion R-HSA-2468052,2/11,0.2317724896390484,0.8887222153389187,2.8978858623305612,4.236706338826718,CDCA5;ESCO2,up in tumor,2
gs_ind_0,HS-GAG Degradation R-HSA-2024096,3/20,0.22957944409895303,0.8887222153389187,2.202721088435374,3.241317623368155,GPC2;IDUA;GPC3,up in tumor,3
gs_ind_0,Tachykinin Receptors Bind Tachykinins R-HSA-380095,1/3,0.22962175464409812,0.8887222153389187,6.605871160641478,9.719362701346206,TAC3,up in tumor,1
gs_ind_0,RHOF GTPase Cycle R-HSA-9035034,5/39,0.2216911161455874,0.8887222153389187,1.7562288046932677,2.6457064195504345,ARHGAP39;BAIAP2L2;DEPDC1B;MCAM;DIAPH3,up in tumor,5
gs_ind_0,Response To Metal Ions R-HSA-5660526,2/11,0.2317724896390484,0.8887222153389187,2.8978858623305612,4.236706338826718,MT3;PKMYT1,up in tumor,2
gs_ind_0,Pyrimidine Salvage R-HSA-73614,2/11,0.2317724896390484,0.8887222153389187,2.8978858623305612,4.236706338826718,TK1;UCK2,up in tumor,2
gs_ind_0,Chondroitin Sulfate Biosynthesis R-HSA-2022870,3/20,0.22957944409895303,0.8887222153389187,2.202721088435374,3.241317623368155,CSPG4;BCAN;CSPG5,up in tumor,3
gs_ind_0,RND3 GTPase Cycle R-HSA-9696264,5/39,0.2216911161455874,0.8887222153389187,1.7562288046932677,2.6457064195504345,SEMA4F;DLG5;SCRIB;DEPDC1B;MUC13,up in tumor,5
gs_ind_0,Blood Group Systems Biosynthesis R-HSA-9033658,3/20,0.22957944409895303,0.8887222153389187,2.202721088435374,3.241317623368155,B3GALT1;B4GALNT2;FUT2,up in tumor,3
gs_ind_0,PI-3K cascade:FGFR3 R-HSA-5654710,2/11,0.2317724896390484,0.8887222153389187,2.8978858623305612,4.236706338826718,PIGU;FGF13,up in tumor,2
gs_ind_0,Signaling By PDGF R-HSA-186797,6/50,0.234695314380855,0.8968996020951867,1.6092098695110262,2.33249682821063,COL9A1;THBS4;COL4A1;PDGFA;PDGFRB;COL4A2,up in tumor,6
gs_ind_0,G Alpha (Z) Signaling Events R-HSA-418597,5/40,0.2374073382152754,0.9011950798472829,1.7066731634700603,2.454158268588293,RGS20;GNG4;ADRA2C;GNAZ;ADCY6,up in tumor,5
gs_ind_0,RND1 GTPase Cycle R-HSA-9696273,5/40,0.2374073382152754,0.9011950798472829,1.7066731634700603,2.454158268588293,DLG5;DEPDC1B;PLXNA1;MUC13;KIF14,up in tumor,5
gs_ind_0,G Alpha (12/13) Signaling Events R-HSA-416482,8/72,0.24902257081850002,0.9390053750132809,1.4519855748384571,2.018567393566323,ECT2;RASGRF2;ARHGEF37;ARHGEF11;GNG4;FGD1;ADRA1D;ARHGEF39,up in tumor,8
gs_ind_0,AURKA Activation By TPX2 R-HSA-8854518,8/72,0.24902257081850002,0.9390053750132809,1.4519855748384571,2.018567393566323,HMMR;CEP131;PLK4;TPX2;AURKA;PLK1;NEK2;CDK1,up in tumor,8
gs_ind_0,PCNA-Dependent Long Patch Base Excision Repair R-HSA-5651801,3/21,0.25252926832050415,0.9490752302773914,2.0835521235521237,2.8674430278430125,POLD1;FEN1;RFC4,up in tumor,3
gs_ind_0,Retinoid Metabolism And Transport R-HSA-975634,5/41,0.2534168448820944,0.9492677192778124,1.6598328998481247,2.27848505117513,AKR1C3;AKR1B10;GPC2;GPC3;LPL,up in tumor,5
gs_ind_0,Organic Cation/Anion/Zwitterion Transport R-HSA-549132,2/12,0.26375706608993194,0.9640389056251717,2.6217672274240127,3.4940994570198773,SLC22A12;SLC22A15,up in tumor,2
gs_ind_0,Cytosolic Iron-Sulfur Cluster Assembly R-HSA-2564830,2/12,0.26375706608993194,0.9640389056251717,2.6217672274240127,3.4940994570198773,POLD1;BRIP1,up in tumor,2
gs_ind_0,Lysosphingolipid And LPA Receptors R-HSA-419408,2/12,0.26375706608993194,0.9640389056251717,2.6217672274240127,3.4940994570198773,PLPPR4;PLPPR2,up in tumor,2
gs_ind_0,"Transport Of Bile Salts And Organic Acids, Metal Ions And Amine Compounds R-HSA-425366",8/73,0.2610010420096369,0.9640389056251717,1.4297470397717214,1.9204803733995983,SLC22A12;SLC6A7;SLC5A11;SLC6A11;SLC22A15;SLC6A9;SLC30A3;SLC39A10,up in tumor,8
gs_ind_0,Metabolism Of Amine-Derived Hormones R-HSA-209776,2/12,0.26375706608993194,0.9640389056251717,2.6217672274240127,3.4940994570198773,CHGA;DIO2,up in tumor,2
gs_ind_0,ERBB2 Activates PTK6 Signaling R-HSA-8847993,2/12,0.26375706608993194,0.9640389056251717,2.6217672274240127,3.4940994570198773,NRG2;EGF,up in tumor,2
gs_ind_0,Stimuli-sensing Channels R-HSA-2672351,9/84,0.26415515387614835,0.9640389056251717,1.3863731280949825,1.8455657562011993,ANO4;CLCN1;WNK4;CLCNKA;BEST4;TRPC6;ANO2;ASIC3;ASIC1,up in tumor,9
gs_ind_0,Telomere C-strand Synthesis Initiation R-HSA-174430,2/12,0.26375706608993194,0.9640389056251717,2.6217672274240127,3.4940994570198773,POLA2;PRIM2,up in tumor,2
gs_ind_0,Zinc Transporters R-HSA-435354,2/15,0.35887913002680827,0.9999999999999991,2.0388501092879663,2.089351676905928,SLC30A3;SLC39A10,up in tumor,2
gs_ind_0,Zinc Influx Into Cells By SLC39 Gene Family R-HSA-442380,1/9,0.5428446569018622,0.9999999999999991,1.9423276785571526,1.186630294590514,SLC39A10,up in tumor,1
gs_ind_0,Zinc Efflux And Compartmentalization By SLC30 Family R-HSA-435368,1/6,0.4065393264449239,0.9999999999999991,3.0022239244854085,2.7022255299204825,SLC30A3,up in tumor,1
gs_ind_0,Xenobiotics R-HSA-211981,1/21,0.839087297651768,0.9999999999999991,0.8048780487804879,0.14120823008158465,CYP2W1,up in tumor,1
gs_ind_0,XBP1(S) Activates Chaperone Genes R-HSA-381038,2/45,0.8985660753823476,0.9999999999999991,0.631808789649233,0.06757513171874514,EXTL1;CUL7,up in tumor,2
gs_ind_0,WNT Ligand Biogenesis And Trafficking R-HSA-3238698,2/21,0.5317992271399721,0.9999999999999991,1.411093212833762,0.8910901995419729,WNT6;WNT3A,up in tumor,2
gs_ind_0,VxPx Cargo-Targeting To Cilium R-HSA-5620916,1/19,0.8084919101800757,0.9999999999999991,0.8919800474570793,0.1896212269276515,RHO,up in tumor,1
gs_ind_0,Vpr-mediated Nuclear Import Of PICs R-HSA-180910,1/35,0.9524432366998747,0.9999999999999991,0.4779299667915431,0.023287026643653782,HMGA1,up in tumor,1
gs_ind_0,Vitamins R-HSA-211916,1/4,0.29378797489011954,0.9999999999999991,4.718246417893061,5.779365626136818,CYP27B1,up in tumor,1
gs_ind_0,Vitamin D (Calciferol) Metabolism R-HSA-196791,1/11,0.6158482926650748,0.9999999999999991,1.5722051799790315,0.7621337307476526,CYP27B1,up in tumor,1
gs_ind_0,Vesicle-mediated Transport R-HSA-5653656,35/612,0.9947396877356601,0.9999999999999991,0.6699598748892573,0.003533499972540991,KIF5A;CENPE;AVPR2;BICD1;DNM3;KIFC1;EGF;COL4A2;KIF15;TBC1D16;VPS45;CLVS1;RAB6B;RACGAP1;MPZ;KIF20A;COLEC12;PRKAA2;CHML;KIF4A;KIF11;KIF23;COL7A1;GJA5;KIF21B;KIF18B;PAFAH1B3;KIFC2;KIF2C;AKR1B10;SORT1;COL4A1;DNAJC6;KIF18A;DYNC1I1,up in tumor,35
gs_ind_0,Vasopressin Regulates Renal Water Homeostasis Via Aquaporins R-HSA-432040,3/35,0.5667991667971974,0.9999999999999991,1.1852014652014653,0.6728984177134733,GNG4;AVPR2;ADCY6,up in tumor,3
gs_ind_0,VEGFA-VEGFR2 Pathway R-HSA-4420097,2/89,0.9960910922341343,0.9999999999999991,0.31341543960526824,0.0012275127288847998,HSPB1;MAPK12,up in tumor,2
gs_ind_0,APOBEC3G Mediated Resistance To HIV-1 R-HSA-180689,1/6,0.4065393264449239,0.9999999999999991,3.0022239244854085,2.7022255299204825,HMGA1,up in tumor,1
gs_ind_0,APC/C:Cdh1 Mediated Degradation Of Cdc20 And APC/C:Cdh1 Targets In Late Mitosis/Early G1 R-HSA-174178,7/71,0.3789427306742983,0.9999999999999991,1.2804649894407063,1.2425250572913826,UBE2C;CDC20;AURKA;PLK1;AURKB;PTTG1;UBE2S,up in tumor,7
gs_ind_0,APC/C:Cdc20 Mediated Degradation Of Securin R-HSA-174154,4/65,0.800940902140477,0.9999999999999991,0.8045593088656179,0.17858651298134987,UBE2S;CDC20;PTTG1;UBE2C,up in tumor,4
gs_ind_0,AMPK Inhibits chREBP Transcriptional Activity R-HSA-163680,1/7,0.45597647056577423,0.9999999999999991,2.5402178685679635,1.994868834158143,PRKAA2,up in tumor,1
gs_ind_0,ADP Signaling Thru P2Y Purinoceptor 12 R-HSA-392170,1/17,0.7720829762283368,0.9999999999999991,1.0001976821764809,0.2587143856868406,GNG4,up in tumor,1
gs_ind_0,ADP Signaling Thru P2Y Purinoceptor 1 R-HSA-418592,1/21,0.839087297651768,0.9999999999999991,0.8048780487804879,0.14120823008158465,GNG4,up in tumor,1
gs_ind_0,ABC-family Proteins Mediated Transport R-HSA-382556,5/100,0.9269366303139941,0.9999999999999991,0.6325351809356197,0.04799049207078343,ABCC5;ABCC10;ABCB5;KCNJ11;ABCA12,up in tumor,5
gs_ind_0,ABC Transporters In Lipid Homeostasis R-HSA-1369062,1/18,0.791078642475556,0.9999999999999991,0.9429969323962257,0.2209987756615743,ABCA12,up in tumor,1
gs_ind_0,ABC Transporter Disorders R-HSA-5619084,2/75,0.9885975673331642,0.9999999999999991,0.37337262889926165,0.004281814469512784,ABCA12;KCNJ11,up in tumor,2
gs_ind_0,mRNA 3-End Processing R-HSA-72187,2/55,0.949971669343269,0.9999999999999991,0.5134595197730779,0.026352342790450192,COLEC12;DDX39A,up in tumor,2
gs_ind_0,FRS-mediated FGFR3 Signaling R-HSA-5654706,1/12,0.647856585990088,0.9999999999999991,1.4354207783305954,0.6230959563844467,FGF13,up in tumor,1
gs_ind_0,FRS-mediated FGFR2 Signaling R-HSA-5654700,1/15,0.728756555011342,0.9999999999999991,1.138268457508131,0.36016583603262753,FGF13,up in tumor,1
gs_ind_0,FRS-mediated FGFR1 Signaling R-HSA-5654693,1/14,0.7040980600123732,0.9999999999999991,1.2226450424330284,0.42894990458726534,FGF13,up in tumor,1
gs_ind_0,FOXO-mediated Transcription R-HSA-9614085,1/59,0.9941265962000445,0.9999999999999991,0.2815215951937887,0.0016583649117875333,FBXO32,up in tumor,1
gs_ind_0,"FOXO-mediated Transcription Of Oxidative Stress, Metabolic And Neuronal Genes R-HSA-9615017",1/24,0.8760684975403318,0.9999999999999991,0.7020235609815341,0.09288543766655402,FBXO32,up in tumor,1
gs_ind_0,FLT3 Signaling In Disease R-HSA-9682385,1/26,0.8958721205461695,0.9999999999999991,0.6468989335337288,0.07113145339620591,NOX4,up in tumor,1
gs_ind_0,FGFRL1 Modulation Of FGFR1 Signaling R-HSA-5658623,1/8,0.5012973966380778,0.9999999999999991,2.2014134275618376,1.5201986960119265,FGF13,up in tumor,1
gs_ind_0,FGFR4 Ligand Binding And Activation R-HSA-190322,1/7,0.45597647056577423,0.9999999999999991,2.5402178685679635,1.994868834158143,FGF13,up in tumor,1
gs_ind_0,FGFR3 Mutant Receptor Activation R-HSA-2033514,1/5,0.3526123355149352,0.9999999999999991,3.669566005255051,3.8251043223768133,FGF13,up in tumor,1
gs_ind_0,FGFR3 Ligand Binding And Activation R-HSA-190239,1/6,0.4065393264449239,0.9999999999999991,3.0022239244854085,2.7022255299204825,FGF13,up in tumor,1
gs_ind_0,FGFR2c Ligand Binding And Activation R-HSA-190375,1/5,0.3526123355149352,0.9999999999999991,3.669566005255051,3.8251043223768133,FGF13,up in tumor,1
gs_ind_0,FGFR2b Ligand Binding And Activation R-HSA-190377,1/8,0.5012973966380778,0.9999999999999991,2.2014134275618376,1.5201986960119265,FGF13,up in tumor,1
gs_ind_0,FGFR2 Mutant Receptor Activation R-HSA-1839126,1/24,0.8760684975403318,0.9999999999999991,0.7020235609815341,0.09288543766655402,FGF13,up in tumor,1
gs_ind_0,FGFR2 Ligand Binding And Activation R-HSA-190241,1/10,0.5809323105717996,0.9999999999999991,1.7377862977639804,0.94382829083857,FGF13,up in tumor,1
gs_ind_0,FGFR1c Ligand Binding And Activation R-HSA-190373,1/5,0.3526123355149352,0.9999999999999991,3.669566005255051,3.8251043223768133,FGF13,up in tumor,1
gs_ind_0,FGFR1b Ligand Binding And Activation R-HSA-190370,1/5,0.3526123355149352,0.9999999999999991,3.669566005255051,3.8251043223768133,FGF13,up in tumor,1
gs_ind_0,Formation Of Tubulin Folding Intermediates By CCT/TriC R-HSA-389960,2/24,0.6055522033077709,0.9999999999999991,1.222766143897501,0.6133572333885875,CCT3;TUBA3C,up in tumor,2
gs_ind_0,Formation Of Senescence-Associated Heterochromatin Foci (SAHF) R-HSA-2559584,2/14,0.3275141968593042,0.9999999999999991,2.2020669023660595,2.45799965221651,HMGA1;H1-4,up in tumor,2
gs_ind_0,Formation Of RNA Pol II Elongation Complex R-HSA-112382,1/55,0.9916756813899015,0.9999999999999991,0.3022435793531848,0.002526502207455737,NELFE,up in tumor,1
gs_ind_0,Formation Of HIV-1 Elongation Complex Containing HIV-1 Tat R-HSA-167200,1/41,0.9718013369064569,0.9999999999999991,0.407004721492354,0.011641914746196887,NELFE,up in tumor,1
gs_ind_0,Formation Of HIV Elongation Complex In Absence Of HIV Tat R-HSA-167152,1/43,0.976310662078247,0.9999999999999991,0.387813184529044,0.00929760466305859,NELFE,up in tumor,1
gs_ind_0,Formation Of Fibrin Clot (Clotting Cascade) R-HSA-140877,1/35,0.9524432366998747,0.9999999999999991,0.4779299667915431,0.023287026643653782,VWF,up in tumor,1
gs_ind_0,Formation Of Editosome R-HSA-75094,1/5,0.3526123355149352,0.9999999999999991,3.669566005255051,3.8251043223768133,APOBEC3B,up in tumor,1
gs_ind_0,Formation Of Early Elongation Complex R-HSA-113418,1/32,0.9382438824095214,0.9999999999999991,0.5235247673410217,0.03337227539231317,NELFE,up in tumor,1
gs_ind_0,Formation Of Cornified Envelope R-HSA-6809371,1/25,0.8864008022311243,0.9999999999999991,0.6733362548607374,0.081194964645368,SPINK5,up in tumor,1
gs_ind_0,Folding Of Actin By CCT/TriC R-HSA-390450,1/9,0.5428446569018622,0.9999999999999991,1.9423276785571526,1.186630294590514,CCT3,up in tumor,1
gs_ind_0,Fatty acyl-CoA Biosynthesis R-HSA-75105,3/32,0.5050142131697991,0.9999999999999991,1.3059241323648103,0.8921664986129625,ACSL4;ELOVL3;ACLY,up in tumor,3
gs_ind_0,Fatty Acid Metabolism R-HSA-8978868,7/162,0.9844281820088421,0.9999999999999991,0.5287315301064417,0.008298088309716291,THEM5;PRKAA2;AKR1C3;ACLY;ACSL4;ACBD7;ELOVL3,up in tumor,7
gs_ind_0,FRS-mediated FGFR4 Signaling R-HSA-5654712,1/14,0.7040980600123732,0.9999999999999991,1.2226450424330284,0.42894990458726534,FGF13,up in tumor,1
gs_ind_0,G1/S DNA Damage Checkpoints R-HSA-69615,6/64,0.44423893936087683,0.9999999999999991,1.2232518700221071,0.992537649325739,CCNA2;CDKN2A;CHEK1;CCNE1;CDC25A;CCNE2,up in tumor,6
gs_ind_0,G-protein Mediated Events R-HSA-112040,4/48,0.5747472647228273,0.9999999999999991,1.1128551195024732,0.6163268468095736,PDE1C;KPNA2;GNAL;ADCY6,up in tumor,4
gs_ind_0,G-protein Beta:Gamma Signaling R-HSA-397795,1/28,0.9125126678546813,0.9999999999999991,0.5997924337146952,0.054912983244147735,GNG4,up in tumor,1
gs_ind_0,G-protein Activation R-HSA-202040,1/18,0.791078642475556,0.9999999999999991,0.9429969323962257,0.2209987756615743,GNG4,up in tumor,1
gs_ind_0,G Beta:Gamma Signaling Thru PLC Beta R-HSA-418217,1/16,0.7513611991881223,0.9999999999999991,1.0647791738638654,0.30438712893916414,GNG4,up in tumor,1
gs_ind_0,G Beta:Gamma Signaling Thru PI3Kgamma R-HSA-392451,1/21,0.839087297651768,0.9999999999999991,0.8048780487804879,0.14120823008158465,GNG4,up in tumor,1
gs_ind_0,G Beta:Gamma Signaling Thru CDC42 R-HSA-8964616,1/16,0.7513611991881223,0.9999999999999991,1.0647791738638654,0.30438712893916414,GNG4,up in tumor,1
gs_ind_0,G Beta:Gamma Signaling Thru BTK R-HSA-8964315,1/14,0.7040980600123732,0.9999999999999991,1.2226450424330284,0.42894990458726534,GNG4,up in tumor,1
gs_ind_0,G Alpha (S) Signaling Events R-HSA-418555,10/111,0.44612260899266376,0.9999999999999991,1.1389482805715416,0.9193151532373577,CHGA;AVPR2;CRHR2;GNG4;GLP1R;ADM2;GNAZ;HTR4;GHRHR;ADCY6,up in tumor,10
gs_ind_0,G Alpha (Q) Signaling Events R-HSA-416476,14/162,0.48330361734229166,0.9999999999999991,1.0748759609969574,0.7815532916217122,KISS1;DAGLA;BDKRB2;TRPC6;OXTR;DGKI;GNG4;GRPR;BDKRB1;RGS5;ADRA1D;NPFFR2;F2RL3;TAC3,up in tumor,14
gs_ind_0,Free Fatty Acids Regulate Insulin Secretion R-HSA-400451,1/10,0.5809323105717996,0.9999999999999991,1.7377862977639804,0.94382829083857,ACSL4,up in tumor,1
gs_ind_0,FGFR1 Mutant Receptor Activation R-HSA-1839124,1/23,0.8647969852806419,0.9999999999999991,0.7332608498686237,0.10651383672464748,FGF13,up in tumor,1
gs_ind_0,FGFR1 Ligand Binding And Activation R-HSA-190242,1/8,0.5012973966380778,0.9999999999999991,2.2014134275618376,1.5201986960119265,FGF13,up in tumor,1
gs_ind_0,FCGR3A-mediated IL10 Synthesis R-HSA-9664323,1/34,0.9481156182788939,0.9999999999999991,0.4922208744264543,0.026224949314978794,ADCY6,up in tumor,1
gs_ind_0,FBXL7 Down-Regulates AURKA During Mitotic Entry And In Early Mitosis R-HSA-8854050,2/52,0.9379805603291523,0.9999999999999991,0.5440428459489952,0.03483291706090992,FBXL18;AURKA,up in tumor,2
gs_ind_0,Extra-nuclear Estrogen Signaling R-HSA-9009391,2/65,0.975901638171391,0.9999999999999991,0.4323856104878378,0.010547388967686054,EGF;GNG4,up in tumor,2
gs_ind_0,Eukaryotic Translation Elongation R-HSA-156842,1/88,0.9995323150381369,0.9999999999999991,0.1879470352968586,8.792056320066143e-05,EEF1A2,up in tumor,1
gs_ind_0,Estrogen-dependent Nuclear Events Downstream Of ESR-membrane Signaling R-HSA-9634638,1/23,0.8647969852806419,0.9999999999999991,0.7332608498686237,0.10651383672464748,EGF,up in tumor,1
gs_ind_0,Estrogen-dependent Gene Expression R-HSA-9018519,7/103,0.7643037241974636,0.9999999999999991,0.8544983899249856,0.22968064278248584,KPNA2;DAND5;H2BC15;H2BC17;H2BC9;H2BC11;H2AX,up in tumor,7
gs_ind_0,Erythropoietin Activates Phosphoinositide-3-kinase (PI3K) R-HSA-9027276,1/11,0.6158482926650748,0.9999999999999991,1.5722051799790315,0.7621337307476526,PIGU,up in tumor,1
gs_ind_0,Erythrocytes Take Up Oxygen And Release Carbon Dioxide R-HSA-1247673,1/6,0.4065393264449239,0.9999999999999991,3.0022239244854085,2.7022255299204825,CA4,up in tumor,1
gs_ind_0,Erythrocytes Take Up Carbon Dioxide And Release Oxygen R-HSA-1237044,1/10,0.5809323105717996,0.9999999999999991,1.7377862977639804,0.94382829083857,CA4,up in tumor,1
gs_ind_0,GRB2 Events In EGFR Signaling R-HSA-179812,1/11,0.6158482926650748,0.9999999999999991,1.5722051799790315,0.7621337307476526,EGF,up in tumor,1
gs_ind_0,GPER1 Signaling R-HSA-9634597,3/36,0.5863112982383067,0.9999999999999991,1.1497654584221748,0.6138648427303114,GNG4;GNAZ;ADCY6,up in tumor,3
gs_ind_0,GP1b-IX-V Activation Signaling R-HSA-430116,1/7,0.45597647056577423,0.9999999999999991,2.5402178685679635,1.994868834158143,VWF,up in tumor,1
gs_ind_0,GAB1 Signalosome R-HSA-180292,2/16,0.3896868923596385,0.9999999999999991,1.898145977324093,1.788834981913919,PIGU;EGF,up in tumor,2
gs_ind_0,Glucagon Signaling In Metabolic Regulation R-HSA-163359,2/25,0.6280931849613132,0.9999999999999991,1.1706756780215137,0.5444423209702984,GNG4;ADCY6,up in tumor,2
gs_ind_0,Global Genome Nucleotide Excision Repair (GG-NER) R-HSA-5696399,2/81,0.9927723569888056,0.9999999999999991,0.3450909358360572,0.0025032513309195216,POLD1;RFC4,up in tumor,2
gs_ind_0,Generic Transcription Pathway R-HSA-212436,77/1113,0.9668902880632411,0.9999999999999991,0.8148476551435408,0.027436120960218184,CDKN2A;LEF1;CTSV;H2BC9;FBXO32;NOTCH3;CCNE1;FANCD2;RBL1;CDK1;ZNF300;ZNF730;H2BC17;ZNF775;PRKAA2;EZH2;ZNF605;ZNF681;CCNE2;CDC25C;ZNF607;ZNF492;NR2C2AP;CHEK1;EXO1;EHMT2;BLM;DAND5;H2BC15;MPZ;RMI2;ZNF692;MSH2;CCNB1;ZNF696;ARTN;E2F1;TPX2;ATAD2;AURKB;ZNF517;CHGA;CBX2;CBX8;AURKA;ZNF71;RRM2;ZNF716;ZNF99;UBE2C;NKX3-2;RFC4;E2F7;MYBL2;DLX5;H2BC11;CCNA2;HEY1;GAD1;BIRC5;ARID3A;E2F8;HDAC11;PRDM7;NELFE;GPRIN1;ZNF724;TP53I3;TP73;CDC7;FANCI;IRAK1;RAD51;CDKN2B;BRIP1;UBE2S;H2AX,up in tumor,77
gs_ind_0,Generation Of Second Messenger Molecules R-HSA-202433,1/29,0.9198079044697174,0.9999999999999991,0.5787184732693381,0.048375326162711965,ENAH,up in tumor,1
gs_ind_0,Gene Silencing By RNA R-HSA-211000,7/89,0.6186850090996003,0.9999999999999991,1.0001983290775218,0.48025423590731453,H2BC15;TDRKH;H2BC17;H2BC9;MAEL;H2BC11;H2AX,up in tumor,7
gs_ind_0,Gene Expression (Transcription) R-HSA-74160,83/1360,0.9994018283391485,0.9999999999999991,0.7057798142152865,0.00042230380134354026,CDKN2A;LEF1;CTSV;FBXO32;H2BC9;NOTCH3;CCNE1;FANCD2;RBL1;CDK1;ZNF300;DDX39A;ZNF730;H2BC17;ZNF775;PRKAA2;EZH2;ZNF605;PHF19;ZNF681;CCNE2;UHRF1;CDC25C;ZNF607;ZNF492;NR2C2AP;CHEK1;EXO1;EHMT2;BLM;DAND5;H2BC15;MPZ;RMI2;COLEC12;ZNF692;MSH2;CCNB1;ZNF696;ARTN;MAEL;E2F1;TPX2;ATAD2;AURKB;ZNF517;CHGA;CBX2;TDRKH;CBX8;AURKA;ZNF71;RRM2;ZNF716;ZNF99;UBE2C;NKX3-2;RFC4;E2F7;DLX5;MYBL2;H2BC11;CCNA2;HEY1;GAD1;BIRC5;ARID3A;E2F8;PRDM7;HDAC11;NELFE;GPRIN1;ZNF724;TP53I3;TP73;CDC7;FANCI;IRAK1;RAD51;CDKN2B;BRIP1;UBE2S;H2AX,up in tumor,83
gs_ind_0,Gene And Protein Expression By JAK-STAT Signaling After Interleukin-12 Stimulation R-HSA-8950505,1/34,0.9481156182788939,0.9999999999999991,0.4922208744264543,0.026224949314978794,BOLA2B,up in tumor,1
gs_ind_0,Gastrulation R-HSA-9758941,1/12,0.647856585990088,0.9999999999999991,1.4354207783305954,0.6230959563844467,LEF1,up in tumor,1
gs_ind_0,Gap-filling DNA Repair Synthesis And Ligation In TC-NER R-HSA-6782210,2/63,0.97206688478275,0.9999999999999991,0.44649115242852183,0.012649391436464581,POLD1;RFC4,up in tumor,2
gs_ind_0,Gap-filling DNA Repair Synthesis And Ligation In GG-NER R-HSA-5696397,2/25,0.6280931849613132,0.9999999999999991,1.1706756780215137,0.5444423209702984,POLD1;RFC4,up in tumor,2
gs_ind_0,Gap Junction Trafficking R-HSA-190828,1/20,0.8244545323893016,0.9999999999999991,0.8461956635373324,0.16334392799155045,GJA5,up in tumor,1
gs_ind_0,Gap Junction Trafficking And Regulation R-HSA-157858,1/22,0.8525009420281894,0.9999999999999991,0.7674039330707915,0.12246306003587147,GJA5,up in tumor,1
gs_ind_0,Gap Junction Assembly R-HSA-190861,1/11,0.6158482926650748,0.9999999999999991,1.5722051799790315,0.7621337307476526,GJA5,up in tumor,1
gs_ind_0,GRB7 Events In ERBB2 Signaling R-HSA-1306955,1/5,0.3526123355149352,0.9999999999999991,3.669566005255051,3.8251043223768133,NRG2,up in tumor,1
gs_ind_0,GRB2:SOS Provides Linkage To MAPK Signaling For Integrins R-HSA-354194,1/15,0.728756555011342,0.9999999999999991,1.138268457508131,0.36016583603262753,VWF,up in tumor,1
gs_ind_0,GRB2 Events In ERBB2 Signaling R-HSA-1963640,2/14,0.3275141968593042,0.9999999999999991,2.2020669023660595,2.45799965221651,NRG2;EGF,up in tumor,2
gs_ind_0,Golgi Associated Vesicle Biogenesis R-HSA-432722,2/54,0.9462441683461962,0.9999999999999991,0.523265602134245,0.02891285098407857,DNAJC6;SORT1,up in tumor,2
gs_ind_0,Glyoxylate Metabolism And Glycine Degradation R-HSA-389661,1/30,0.9264951220439627,0.9999999999999991,0.5590732559050221,0.04268328532497639,AMT,up in tumor,1
gs_ind_0,Glycosphingolipid Metabolism R-HSA-1660662,2/42,0.8753379467202286,0.9999999999999991,0.6787101669705241,0.09036702967824593,B4GALNT1;ESYT3,up in tumor,2
gs_ind_0,Glycolysis R-HSA-70171,1/64,0.9962022540161367,0.9999999999999991,0.2592903326605783,0.0009865934231714302,PFKFB4,up in tumor,1
gs_ind_0,Glycogen Metabolism R-HSA-8982491,1/24,0.8760684975403318,0.9999999999999991,0.7020235609815341,0.09288543766655402,PYGB,up in tumor,1
gs_ind_0,Glycogen Breakdown (Glycogenolysis) R-HSA-70221,1/14,0.7040980600123732,0.9999999999999991,1.2226450424330284,0.42894990458726534,PYGB,up in tumor,1
gs_ind_0,Glycerophospholipid Biosynthesis R-HSA-1483206,2/114,0.9994493539274771,0.9999999999999991,0.24346538542894267,0.00013410018254045485,PLA2G4C;CPNE7,up in tumor,2
gs_ind_0,Glutamate Neurotransmitter Release Cycle R-HSA-210500,1/21,0.839087297651768,0.9999999999999991,0.8048780487804879,0.14120823008158465,STX1A,up in tumor,1
gs_ind_0,Glucuronidation R-HSA-156588,2/23,0.5819879904742342,0.9999999999999991,1.2797022345061382,0.6927098148865969,UGT2B11;UGT1A10,up in tumor,2
gs_ind_0,Glucose Metabolism R-HSA-70326,1/82,0.9992103335745117,0.9999999999999991,0.2018436591698531,0.00015945212612848112,PFKFB4,up in tumor,1
gs_ind_0,Glucocorticoid Biosynthesis R-HSA-194002,1/8,0.5012973966380778,0.9999999999999991,2.2014134275618376,1.5201986960119265,CYP17A1,up in tumor,1
gs_ind_0,Glucagon-type Ligand Receptors R-HSA-420092,3/27,0.39310297332252325,0.9999999999999991,1.5728279883381924,1.468523828564702,GLP1R;GHRHR;GNG4,up in tumor,3
gs_ind_0,Glucagon-like Peptide-1 (GLP1) Regulates Insulin Secretion R-HSA-381676,3/36,0.5863112982383067,0.9999999999999991,1.1497654584221748,0.6138648427303114,GLP1R;GNG4;ADCY6,up in tumor,3
gs_ind_0,Epigenetic Regulation Of Gene Expression R-HSA-212165,9/101,0.46722177995877534,0.9999999999999991,1.1306269414377523,0.8603519623147587,EZH2;H2BC15;H2BC17;H2BC9;PHF19;EHMT2;UHRF1;H2BC11;H2AX,up in tumor,9
gs_ind_0,Energy Dependent Regulation Of mTOR By LKB1-AMPK R-HSA-380972,1/29,0.9198079044697174,0.9999999999999991,0.5787184732693381,0.048375326162711965,PRKAA2,up in tumor,1
gs_ind_0,Endosomal/Vacuolar Pathway R-HSA-1236977,1/11,0.6158482926650748,0.9999999999999991,1.5722051799790315,0.7621337307476526,CTSV,up in tumor,1
gs_ind_0,Endogenous Sterols R-HSA-211976,1/23,0.8647969852806419,0.9999999999999991,0.7332608498686237,0.10651383672464748,CYP19A1,up in tumor,1
gs_ind_0,Elevation Of Cytosolic Ca2+ Levels R-HSA-139853,1/13,0.6771992126442967,0.9999999999999991,1.3205218809459092,0.5147259484962772,TRPC6,up in tumor,1
gs_ind_0,Elastic Fibre Formation R-HSA-1566948,2/38,0.836726818008118,0.9999999999999991,0.7532383829879182,0.1342704995783357,LOX;LOXL2,up in tumor,2
gs_ind_0,Effects Of PIP2 Hydrolysis R-HSA-114508,3/26,0.36979727223712083,0.9999999999999991,1.6398378926038502,1.6313112871638034,TRPC6;DAGLA;DGKI,up in tumor,3
gs_ind_0,Early SARS-CoV-2 Infection Events R-HSA-9772572,3/35,0.5667991667971974,0.9999999999999991,1.1852014652014653,0.6728984177134733,HAVCR1;GPC2;GPC3,up in tumor,3
gs_ind_0,Early Phase Of HIV Life Cycle R-HSA-162594,2/15,0.35887913002680827,0.9999999999999991,2.0388501092879663,2.089351676905928,HMGA1;FEN1,up in tumor,2
gs_ind_0,ESR-mediated Signaling R-HSA-8939211,9/164,0.9357945622193218,0.9999999999999991,0.6704579469852782,0.0444911276867982,KPNA2;DAND5;H2BC15;H2BC17;H2BC9;GNG4;EGF;H2BC11;H2AX,up in tumor,9
gs_ind_0,ERBB2 Regulates Cell Motility R-HSA-6785631,2/14,0.3275141968593042,0.9999999999999991,2.2020669023660595,2.45799965221651,NRG2;EGF,up in tumor,2
gs_ind_0,ER To Golgi Anterograde Transport R-HSA-199977,2/129,0.999833775164967,0.9999999999999991,0.21466242194457333,3.568519164024933e-05,COL7A1;DYNC1I1,up in tumor,2
gs_ind_0,EPHB-mediated Forward Signaling R-HSA-3928662,1/32,0.9382438824095214,0.9999999999999991,0.5235247673410217,0.03337227539231317,GPRIN1,up in tumor,1
gs_ind_0,EPH-ephrin Mediated Repulsion Of Cells R-HSA-3928665,3/45,0.73535456385902,0.9999999999999991,0.9058823529411765,0.2784704966287509,EFNA3;EPHA10;EFNA4,up in tumor,3
gs_ind_0,HSP90 Chaperone Cycle For Steroid Hormone Receptors (SHR) In Presence Of Ligand R-HSA-3371497,1/38,0.9633791459630354,0.9999999999999991,0.439630334329981,0.016401830204745706,DYNC1I1,up in tumor,1
gs_ind_0,HS-GAG Biosynthesis R-HSA-2022928,2/24,0.6055522033077709,0.9999999999999991,1.222766143897501,0.6133572333885875,GPC2;GPC3,up in tumor,2
gs_ind_0,HIV Life Cycle R-HSA-162587,3/144,0.9996493100172039,0.9999999999999991,0.27075214538112063,9.496671811752757e-05,HMGA1;FEN1;NELFE,up in tumor,3
gs_ind_0,HIV Infection R-HSA-162906,3/222,0.9999991474457787,0.9999999999999991,0.1738626749105109,1.4822742061284277e-07,HMGA1;FEN1;NELFE,up in tumor,3
gs_ind_0,HIV Elongation Arrest And Recovery R-HSA-167287,1/31,0.9326249704594407,0.9999999999999991,0.5407162495154154,0.037716104649205044,NELFE,up in tumor,1
gs_ind_0,HDACs Deacetylate Histones R-HSA-3214815,5/44,0.3028197589233267,0.9999999999999991,1.5335420624877159,1.8319961932802806,H2BC15;H2BC17;H2BC9;H2BC11;H2BC18,up in tumor,5
gs_ind_0,HCMV Late Events R-HSA-9610379,6/72,0.5609557910110055,0.9999999999999991,1.0756675007223702,0.6218575599671493,TARBP1;H2BC15;H2BC17;H2BC9;H2BC11;H2BC18,up in tumor,6
gs_ind_0,HCMV Infection R-HSA-9609646,8/102,0.6226210676574411,0.9999999999999991,0.989565242498394,0.4688730159481507,TARBP1;EZH2;H2BC15;H2BC17;H2BC9;DYNC1I1;H2BC11;H2BC18,up in tumor,8
gs_ind_0,HCMV Early Events R-HSA-9609690,7/78,0.47632284487364446,0.9999999999999991,1.154704308508508,0.8563973151595135,EZH2;H2BC15;H2BC17;H2BC9;DYNC1I1;H2BC11;H2BC18,up in tumor,7
gs_ind_0,HATs Acetylate Histones R-HSA-3214847,5/88,0.866668599033584,0.9999999999999991,0.7238690692708835,0.103584660522188,H2BC15;H2BC17;H2BC9;H2BC11;H2BC18,up in tumor,5
gs_ind_0,EPH-Ephrin Signaling R-HSA-2682334,4/85,0.9311478317968908,0.9999999999999991,0.6065201378321995,0.04326746422443156,EFNA3;EFNA4;EPHA10;GPRIN1,up in tumor,4
gs_ind_0,EGFR Interacts With Phospholipase C-gamma R-HSA-212718,1/8,0.5012973966380778,0.9999999999999991,2.2014134275618376,1.5201986960119265,EGF,up in tumor,1
gs_ind_0,EGFR Downregulation R-HSA-182971,1/28,0.9125126678546813,0.9999999999999991,0.5997924337146952,0.054912983244147735,EGF,up in tumor,1
gs_ind_0,E3 Ubiquitin Ligases Ubiquitinate Target Proteins R-HSA-8866654,4/51,0.6234915814624269,0.9999999999999991,1.0424147763910183,0.4924576053603291,H2BC17;H2BC9;H2BC11;H2BC15,up in tumor,4
gs_ind_0,Dual Incision In TC-NER R-HSA-6782135,2/64,0.974052654340056,0.9999999999999991,0.4393255371226543,0.01154983186449506,POLD1;RFC4,up in tumor,2
gs_ind_0,Dual Incision In GG-NER R-HSA-5696400,2/41,0.8665620401924522,0.9999999999999991,0.6959271282656816,0.0996717785485827,POLD1;RFC4,up in tumor,2
gs_ind_0,Drug ADME R-HSA-9748784,3/88,0.9808829694313937,0.9999999999999991,0.4493344472291841,0.008673109105087095,UGT2B11;UGT1A10;ABCC5,up in tumor,3
gs_ind_0,Downstream Signaling Of Activated FGFR4 R-HSA-5654716,2/19,0.47763982379420106,0.9999999999999991,1.5725164147791288,1.1619297641412656,PIGU;FGF13,up in tumor,2
gs_ind_0,Downstream Signaling Of Activated FGFR3 R-HSA-5654708,2/17,0.41981276654469085,0.9999999999999991,1.7755972172265257,1.541123320927068,PIGU;FGF13,up in tumor,2
gs_ind_0,Downstream Signaling Of Activated FGFR2 R-HSA-5654696,2/20,0.5052020882047851,0.9999999999999991,1.4874420245646789,1.0156205877607762,PIGU;FGF13,up in tumor,2
gs_ind_0,Downstream Signaling Of Activated FGFR1 R-HSA-5654687,2/22,0.5574007657469213,0.9999999999999991,1.3421930656619594,0.7844726416236258,PIGU;FGF13,up in tumor,2
gs_ind_0,Hydrolysis Of LPC R-HSA-1483115,1/7,0.45597647056577423,0.9999999999999991,2.5402178685679635,1.994868834158143,PLA2G4C,up in tumor,1
gs_ind_0,Hyaluronan Uptake And Degradation R-HSA-2160916,1/11,0.6158482926650748,0.9999999999999991,1.5722051799790315,0.7621337307476526,HMMR,up in tumor,1
gs_ind_0,Host Interactions Of HIV Factors R-HSA-162909,1/128,0.9999858194436733,0.9999999999999991,0.12872743552435925,1.8254395931546835e-06,HMGA1,up in tumor,1
gs_ind_0,Hormone Ligand-Binding Receptors R-HSA-375281,1/4,0.29378797489011954,0.9999999999999991,4.718246417893061,5.779365626136818,CHGA,up in tumor,1
gs_ind_0,Hemostasis R-HSA-109582,34/517,0.9421057102516148,0.9999999999999991,0.7809518712016329,0.0465742450623475,KIF5A;CENPE;ACTN2;KIFC1;EGF;SLC7A6;DAGLA;F2RL3;KIF15;VPS45;DGKI;RACGAP1;KIF20A;GNG4;ITGA6;DOCK3;MMP1;NANOS1;ITGA2;CD109;KIF4A;KIF11;KIF23;KIF21B;KIF18B;MAFG;KIFC2;TRPC6;KIF2C;SLC7A11;PDGFA;ADRA2C;VWF;KIF18A,up in tumor,34
gs_ind_0,Heme Signaling R-HSA-9707616,2/43,0.8835786011060969,0.9999999999999991,0.6623229387498321,0.08197903868683659,LIN9;BRIP1,up in tumor,2
gs_ind_0,Heme Biosynthesis R-HSA-189451,1/14,0.7040980600123732,0.9999999999999991,1.2226450424330284,0.42894990458726534,FLVCR1,up in tumor,1
gs_ind_0,Hedgehog On State R-HSA-5632684,1/83,0.9992763423980124,0.9999999999999991,0.19938718525290963,0.0001443402851207644,IQCE,up in tumor,1
gs_ind_0,Hedgehog Off State R-HSA-5610787,1/94,0.9997230519473129,0.9999999999999991,0.17583393534339284,4.870361048604061e-05,ADCY6,up in tumor,1
gs_ind_0,Influenza Infection R-HSA-168255,2/156,0.9999813210859647,0.9999999999999991,0.17691096495049696,3.3045355688738345e-06,KPNA2;KPNA7,up in tumor,2
gs_ind_0,Infectious Disease R-HSA-5663205,30/859,0.9999999982410036,0.9999999999999991,0.39450919132733026,6.9394024515511e-10,ATP1A2;AVPR2;H2BC9;KPNA7;GPC2;CRHR2;ADCY6;TARBP1;CHGA;H2BC15;H2BC17;VPS45;GNG4;HMGA1;ADM2;FEN1;NELFE;GNAZ;HTR4;EZH2;HAVCR1;STX1A;GLP1R;H2BC18;KPNA2;IRAK1;GPC3;DYNC1I1;H2BC11;GHRHR,up in tumor,30
gs_ind_0,"Incretin Synthesis, Secretion, And Inactivation R-HSA-400508",1/16,0.7513611991881223,0.9999999999999991,1.0647791738638654,0.30438712893916414,PAX6,up in tumor,1
gs_ind_0,"Inactivation, Recovery And Regulation Of Phototransduction Cascade R-HSA-2514859",3/24,0.32278164930533304,0.9999999999999991,1.7925581395348837,2.0269874458888655,RHO;PDE6A;PPEF1,up in tumor,3
gs_ind_0,Immunoregulatory Interactions Between A Lymphoid And A non-Lymphoid Cell R-HSA-198933,3/107,0.994837380264986,0.9999999999999991,0.3672909546593757,0.0019010950798745085,COLEC12;TREM2;CD200,up in tumor,3
gs_ind_0,Immune System R-HSA-168256,66/1734,0.9999999999999982,0.9999999999999991,0.4174620934723284,7.415616449299179e-16,ENAH;CENPE;FBXL18;KIF5A;KCTD7;GBP2;UBE2S;CTSV;KPNA7;DNM3;FBXO32;TRIM31;TNFRSF4;SPSB2;BIRC5;ASB16;TRIM17;CRLF2;TRIM71;DSN1;KIF15;CHGA;PYGB;DEFB132;CCL20;CDC20;RACGAP1;KIF20A;TREM2;ATP6V0D2;REG3A;COLEC12;MMP1;NANOS1;FGF13;FBXW10;LRRC14;BPIFB4;MMP12;KIF4A;KIF11;STX1A;KIF23;CCNF;MUC13;ACLY;CHRNB4;CUL7;IL3RA;KPNA2;UBE2C;BOLA2B;KIF2C;LCN2;S100P;IRAK1;MAPK12;TRIM45;KIF18A;PTPN14;DYNC1I1;CD200;TNFSF4;PTPN5;SLC2A5;TRAIP,up in tumor,66
gs_ind_0,ISG15 Antiviral Mechanism R-HSA-1169408,2/74,0.9877031616817108,0.9999999999999991,0.37854135211426104,0.00468371865460567,KPNA2;KPNA7,up in tumor,2
gs_ind_0,IRS-related Events Triggered By IGF1R R-HSA-2428928,2/38,0.836726818008118,0.9999999999999991,0.7532383829879182,0.1342704995783357,PIGU;FGF13,up in tumor,2
gs_ind_0,IRS-mediated Signaling R-HSA-112399,2/35,0.8009765919655488,0.9999999999999991,0.8208143400484659,0.18215803703989147,PIGU;FGF13,up in tumor,2
gs_ind_0,IRE1alpha Activates Chaperones R-HSA-381070,2/47,0.9117382659538333,0.9999999999999991,0.6039772031069284,0.05580889430059896,EXTL1;CUL7,up in tumor,2
gs_ind_0,IRAK1 Recruits IKK Complex R-HSA-937039,1/10,0.5809323105717996,0.9999999999999991,1.7377862977639804,0.94382829083857,IRAK1,up in tumor,1
gs_ind_0,IGF1R Signaling Cascade R-HSA-2428924,2/39,0.8472869209782437,0.9999999999999991,0.7331157646632218,0.12148893289043265,PIGU;FGF13,up in tumor,2
gs_ind_0,Integrin Signaling R-HSA-354192,1/27,0.9045541623349609,0.9999999999999991,0.622456881740834,0.06244057629419185,VWF,up in tumor,1
gs_ind_0,Integrin Cell Surface Interactions R-HSA-216083,6/64,0.44423893936087683,0.9999999999999991,1.2232518700221071,0.992537649325739,COL9A1;ITGA2;IBSP;COL4A1;ITGA6;COL4A2,up in tumor,6
gs_ind_0,Integration Of Provirus R-HSA-162592,1/10,0.5809323105717996,0.9999999999999991,1.7377862977639804,0.94382829083857,HMGA1,up in tumor,1
gs_ind_0,Insulin Receptor Signaling Cascade R-HSA-74751,2/40,0.8572217137429041,0.9999999999999991,0.7140384771605875,0.1100038286109952,PIGU;FGF13,up in tumor,2
gs_ind_0,Insulin Receptor Recycling R-HSA-77387,1/21,0.839087297651768,0.9999999999999991,0.8048780487804879,0.14120823008158465,ATP6V0D2,up in tumor,1
gs_ind_0,Insulin Processing R-HSA-264876,2/24,0.6055522033077709,0.9999999999999991,1.222766143897501,0.6133572333885875,KIF5A;STX1A,up in tumor,2
gs_ind_0,Insertion Of Tail-Anchored Proteins Into Endoplasmic Reticulum Membrane R-HSA-9609523,1/22,0.8525009420281894,0.9999999999999991,0.7674039330707915,0.12246306003587147,STX1A,up in tumor,1
gs_ind_0,Inositol Phosphate Metabolism R-HSA-1483249,2/48,0.9177059358214343,0.9999999999999991,0.590959202950044,0.05075055459737124,ITPKA;INPP5J,up in tumor,2
gs_ind_0,Innate Immune System R-HSA-168249,21/904,0.9999999999999976,0.9999999999999991,0.2590854935208759,6.328138965571469e-16,CTSV;DNM3;DSN1;CHGA;PYGB;DEFB132;TREM2;ATP6V0D2;REG3A;NANOS1;LRRC14;BPIFB4;MMP12;MUC13;ACLY;CHRNB4;LCN2;S100P;IRAK1;MAPK12;SLC2A5,up in tumor,21
gs_ind_0,Inhibition Of Signaling By Overexpressed EGFR R-HSA-5638303,1/7,0.45597647056577423,0.9999999999999991,2.5402178685679635,1.994868834158143,EGF,up in tumor,1
gs_ind_0,Interleukin-37 Signaling R-HSA-9008059,2/20,0.5052020882047851,0.9999999999999991,1.4874420245646789,1.0156205877607762,PTPN5;PTPN14,up in tumor,2
gs_ind_0,"Interleukin-3, Interleukin-5 And GM-CSF Signaling R-HSA-512988",1/38,0.9633791459630354,0.9999999999999991,0.439630334329981,0.016401830204745706,IL3RA,up in tumor,1
gs_ind_0,Interleukin-2 Family Signaling R-HSA-451927,1/35,0.9524432366998747,0.9999999999999991,0.4779299667915431,0.023287026643653782,IL3RA,up in tumor,1
gs_ind_0,Interleukin-17 Signaling R-HSA-448424,1/66,0.9968101683707582,0.9999999999999991,0.2513481716945154,0.0008030398109182327,IRAK1,up in tumor,1
gs_ind_0,Interleukin-12 Signaling R-HSA-9020591,1/42,0.9741541025207552,0.9999999999999991,0.39717772967379167,0.01040040535914247,BOLA2B,up in tumor,1
gs_ind_0,Interleukin-12 Family Signaling R-HSA-447115,1/51,0.9882028036151593,0.9999999999999991,0.32624825407248526,0.00387169748138303,BOLA2B,up in tumor,1
gs_ind_0,Interleukin-10 Signaling R-HSA-6783783,1/40,0.9692345247914812,0.9999999999999991,0.4173292825169195,0.013040984499343405,CCL20,up in tumor,1
gs_ind_0,Interleukin-1 Signaling R-HSA-9020702,2/110,0.999244006392647,0.9999999999999991,0.2524911988710492,0.00019095392132936206,LRRC14;IRAK1,up in tumor,2
gs_ind_0,Interleukin-1 Family Signaling R-HSA-446652,4/140,0.9978309060629559,0.9999999999999991,0.3611474286671673,0.0007842135221080263,LRRC14;PTPN5;PTPN14;IRAK1,up in tumor,4
gs_ind_0,Interleukin Receptor SHC Signaling R-HSA-912526,1/21,0.839087297651768,0.9999999999999991,0.8048780487804879,0.14120823008158465,IL3RA,up in tumor,1
gs_ind_0,Interferon Signaling R-HSA-913531,6/181,0.9981156067618108,0.9999999999999991,0.4053884901527311,0.0007646319898360535,KPNA2;GBP2;KPNA7;TRIM31;TRIM45;TRIM17,up in tumor,6
gs_ind_0,Interferon Gamma Signaling R-HSA-877300,4/85,0.9311478317968908,0.9999999999999991,0.6065201378321995,0.04326746422443156,TRIM17;TRIM45;GBP2;TRIM31,up in tumor,4
gs_ind_0,Interferon Alpha/Beta Signaling R-HSA-909733,1/58,0.9935914871194386,0.9999999999999991,0.28643180448373257,0.001841508897875679,GBP2,up in tumor,1
gs_ind_0,Interconversion Of Nucleotide Di- And Triphosphates R-HSA-499943,3/28,0.41617780359371087,0.9999999999999991,1.5110737628384687,1.3246717796527863,TYMS;RRM2;DTYMK,up in tumor,3
gs_ind_0,Interactions Of Vpr With Host Cellular Proteins R-HSA-176033,1/38,0.9633791459630354,0.9999999999999991,0.439630334329981,0.016401830204745706,HMGA1,up in tumor,1
gs_ind_0,Downstream Signal Transduction R-HSA-186763,2/27,0.6701390340375935,0.9999999999999991,1.078751326475654,0.4317918739622297,PDGFA;PDGFRB,up in tumor,2
gs_ind_0,Downregulation Of ERBB2:ERBB3 Signaling R-HSA-1358803,1/13,0.6771992126442967,0.9999999999999991,1.3205218809459092,0.5147259484962772,NRG2,up in tumor,1
gs_ind_0,Downregulation Of ERBB2 Signaling R-HSA-8863795,2/28,0.6896745133025075,0.9999999999999991,1.0379924158845655,0.3856510442452748,NRG2;EGF,up in tumor,2
gs_ind_0,Dopamine Neurotransmitter Release Cycle R-HSA-212676,2/22,0.5574007657469213,0.9999999999999991,1.3421930656619594,0.7844726416236258,SYN3;STX1A,up in tumor,2
gs_ind_0,Disorders Of Transmembrane Transporters R-HSA-5619115,6/164,0.994740934893779,0.9999999999999991,0.4492486714075557,0.0023688624870307757,SLC22A12;AVPR2;KCNJ11;ABCA12;SLC26A2;SLC34A3,up in tumor,6
gs_ind_0,Diseases Of Signal Transduction By Growth Factor Receptors And Second Messengers R-HSA-5663202,19/403,0.9983793730860273,0.9999999999999991,0.5532454960204778,0.0008973318575221923,HES5;HEY1;DKK1;DLL4;EGF;WNT3A;HDAC11;DKK4;FGF13;NRG2;SPRED3;DUSP9;PDGFRB;KREMEN2;PDGFA;NOX4;VWF;PIGU;JAG2,up in tumor,19
gs_ind_0,Diseases Of Mismatch Repair (MMR) R-HSA-5423599,1/5,0.3526123355149352,0.9999999999999991,3.669566005255051,3.8251043223768133,MSH2,up in tumor,1
gs_ind_0,Diseases Of Metabolism R-HSA-5668914,17/220,0.6625167606720502,0.9999999999999991,0.9456158304526827,0.3893189472867933,CSPG4;CYP19A1;ACAN;ADAMTS16;CHST6;SEMA5B;GPC2;NOTCH3;MUC13;BCAN;CYP17A1;ADAMTS18;GPC3;CYP27B1;IDUA;SLC26A2;CSPG5,up in tumor,17
gs_ind_0,Diseases Of Glycosylation R-HSA-3781865,13/131,0.2957541816619956,0.9999999999999991,1.2552840741831028,1.5292204962285454,CSPG4;ACAN;ADAMTS16;CHST6;SEMA5B;GPC2;NOTCH3;MUC13;BCAN;GPC3;ADAMTS18;SLC26A2;CSPG5,up in tumor,13
gs_ind_0,Diseases Of Carbohydrate Metabolism R-HSA-5663084,1/30,0.9264951220439627,0.9999999999999991,0.5590732559050221,0.04268328532497639,IDUA,up in tumor,1
gs_ind_0,Diseases Of Base Excision Repair R-HSA-9605308,1/5,0.3526123355149352,0.9999999999999991,3.669566005255051,3.8251043223768133,NEIL3,up in tumor,1
gs_ind_0,Diseases Associated With Visual Transduction R-HSA-2474795,1/9,0.5428446569018622,0.9999999999999991,1.9423276785571526,1.186630294590514,STRA6,up in tumor,1
gs_ind_0,Diseases Associated With O-glycosylation Of Proteins R-HSA-3906995,5/58,0.5359813715181176,0.9999999999999991,1.1314572158137663,0.7056399378553018,ADAMTS16;SEMA5B;NOTCH3;MUC13;ADAMTS18,up in tumor,5
gs_ind_0,Keratan Sulfate Biosynthesis R-HSA-2022854,3/26,0.36979727223712083,0.9999999999999991,1.6398378926038502,1.6313112871638034,B3GNT4;ACAN;CHST6,up in tumor,3
gs_ind_0,KEAP1-NFE2L2 Pathway R-HSA-9755511,5/96,0.9102494784408135,0.9999999999999991,0.660317984855454,0.06209403504496415,MAFG;CDKN2A;NQO1;SLC7A11;BRIP1,up in tumor,5
gs_ind_0,JNK (c-Jun Kinases) Phosphorylation And Activation Mediated By Activated Human TAK1 R-HSA-450321,1/18,0.791078642475556,0.9999999999999991,0.9429969323962257,0.2209987756615743,IRAK1,up in tumor,1
gs_ind_0,Iron Uptake And Transport R-HSA-917937,3/54,0.8384783910790733,0.9999999999999991,0.7472399445214979,0.1316386225044167,FLVCR1;ATP6V0D2;LCN2,up in tumor,3
gs_ind_0,Ion Transport By P-type ATPases R-HSA-936837,2/41,0.8665620401924522,0.9999999999999991,0.6959271282656816,0.0996717785485827,ATP8A2;ATP1A2,up in tumor,2
gs_ind_0,Ion Homeostasis R-HSA-5578775,3/40,0.6585258584496959,0.9999999999999991,1.026920634920635,0.4289976251993753,ATP1A2;NANOS1;KCNJ11,up in tumor,3
gs_ind_0,Ion Channel Transport R-HSA-983712,12/143,0.532870083142081,0.9999999999999991,1.0461472398889156,0.6585262862188371,ATP1A2;ANO4;CLCN1;WNK4;CLCNKA;BEST4;TRPC6;ANO2;ATP8A2;ASIC3;ATP6V0D2;ASIC1,up in tumor,12
gs_ind_0,Intrinsic Pathway Of Fibrin Clot Formation R-HSA-140837,1/20,0.8244545323893016,0.9999999999999991,0.8461956635373324,0.16334392799155045,VWF,up in tumor,1
gs_ind_0,Intrinsic Pathway For Apoptosis R-HSA-109606,3/55,0.8474653919237634,0.9999999999999991,0.7329705215419501,0.12131048850395215,TP73;CDKN2A;E2F1,up in tumor,3
gs_ind_0,Intracellular Signaling By Second Messengers R-HSA-9006925,13/284,0.9952669606624954,0.9999999999999991,0.5437234999357574,0.0025795741538864048,KPNA2;FGF13;CBX2;PDGFRB;EZH2;PDE1C;NRG2;CBX8;IRAK1;PDGFA;EGF;PIGU;ADCY6,up in tumor,13
gs_ind_0,Intra-Golgi Traffic R-HSA-6811438,1/40,0.9692345247914812,0.9999999999999991,0.4173292825169195,0.013040984499343405,VPS45,up in tumor,1
gs_ind_0,Intestinal Absorption R-HSA-8963676,1/4,0.29378797489011954,0.9999999999999991,4.718246417893061,5.779365626136818,SLC2A5,up in tumor,1
gs_ind_0,Interleukin-7 Signaling R-HSA-1266695,1/21,0.839087297651768,0.9999999999999991,0.8048780487804879,0.14120823008158465,CRLF2,up in tumor,1
gs_ind_0,Interleukin-4 And Interleukin-13 Signaling R-HSA-6785807,4/97,0.9657845210759493,0.9999999999999991,0.5283635024190109,0.018394728443158398,FGF13;MMP1;BIRC5;LCN2,up in tumor,4
gs_ind_0,Loss Of Nlp From Mitotic Centrosomes R-HSA-380259,5/69,0.6909923725986125,0.9999999999999991,0.937984496124031,0.34670392024364655,CEP131;PLK4;PLK1;NEK2;CDK1,up in tumor,5
gs_ind_0,Lipophagy R-HSA-9613354,1/9,0.5428446569018622,0.9999999999999991,1.9423276785571526,1.186630294590514,PRKAA2,up in tumor,1
gs_ind_0,Linoleic Acid (LA) Metabolism R-HSA-2046105,1/8,0.5012973966380778,0.9999999999999991,2.2014134275618376,1.5201986960119265,ELOVL3,up in tumor,1
gs_ind_0,Leishmania Infection R-HSA-9658195,10/199,0.9731077248394885,0.9999999999999991,0.6073797908352967,0.016557469987683083,CHGA;AVPR2;CRHR2;GNG4;GLP1R;ADM2;GNAZ;HTR4;GHRHR;ADCY6,up in tumor,10
gs_ind_0,Late Phase Of HIV Life Cycle R-HSA-162599,1/131,0.9999890929497642,0.9999999999999991,0.12574943840936287,1.3715629217165285e-06,NELFE,up in tumor,1
gs_ind_0,Keratinization R-HSA-6805567,4/49,0.5913903042622153,0.9999999999999991,1.0883429121926262,0.5716837486760209,SPINK5;KRTAP5-1;KRT86;KRT20,up in tumor,4
gs_ind_0,Keratan Sulfate/Keratin Metabolism R-HSA-1638074,3/31,0.48342301075292643,0.9999999999999991,1.351812865497076,0.9825830386765582,B3GNT4;ACAN;CHST6,up in tumor,3
gs_ind_0,Keratan Sulfate Degradation R-HSA-2022857,1/11,0.6158482926650748,0.9999999999999991,1.5722051799790315,0.7621337307476526,ACAN,up in tumor,1
gs_ind_0,Disease R-HSA-1643685,94/1570,0.9998832626469624,0.9999999999999991,0.6881619656515876,8.033889569759632e-05,CDKN2A;H2BC9;NOTCH3;CCNE1;TARBP1;CSPG4;ADAMTS16;H2BC17;ADM2;POLA2;DKK4;GNAZ;EZH2;HAVCR1;MUC13;CCNE2;CYP27B1;IDUA;CSPG5;CDC25C;VWF;DYNC1I1;PIGU;JAG2;SLC22A12;AVPR2;EXO1;DKK1;BLM;H2BC15;VPS45;GNG4;RMI2;ERC2;MSH2;PRIM2;SEMA5B;ARTN;DUSP9;CDC25A;PDGFRB;ATP1A2;HES5;E2F1;BCAN;EGF;ADCY6;CHGA;CYP19A1;ACAN;WNT3A;HMGA1;HTR4;FGF13;GLP1R;SLC26A2;H2BC18;UBE2C;PDGFA;RFC4;NOX4;ADAMTS18;H2BC11;RAD51AP1;NEIL3;SLC34A3;HEY1;KPNA7;GPC2;DLL4;CRHR2;E2F2;CHST6;CYP17A1;HDAC11;FEN1;NELFE;STRA6;NRG2;SPRED3;STX1A;BRCA2;KCNJ11;XRCC2;KPNA2;KREMEN2;RAD51;IRAK1;GPC3;BRIP1;UBE2S;ABCA12;H2AX;GHRHR,up in tumor,94
gs_ind_0,Disassembly Of Destruction Complex And Recruitment Of AXIN To Membrane R-HSA-4641262,1/26,0.8958721205461695,0.9999999999999991,0.6468989335337288,0.07113145339620591,WNT3A,up in tumor,1
gs_ind_0,Digestion R-HSA-8935690,1/10,0.5809323105717996,0.9999999999999991,1.7377862977639804,0.94382829083857,CEL,up in tumor,1
gs_ind_0,Digestion And Absorption R-HSA-8963743,2/14,0.3275141968593042,0.9999999999999991,2.2020669023660595,2.45799965221651,CEL;SLC2A5,up in tumor,2
gs_ind_0,Developmental Biology R-HSA-1266738,67/828,0.6178814092780567,0.9999999999999991,0.9742995338277971,0.4690850203961423,ENAH;PAX6;EBF1;DCC;EPHA10;CTNNA2;CACNB4;H2BC9;DKK1;LEF1;E2F1;DNM3;KRTAP5-1;RGMA;LHX4;LPL;COL4A2;SPINK5;DAND5;GAP43;H2BC15;H2BC17;CERS1;LIN9;MPZ;PLXNA1;EFNA3;TREM2;DCX;GPRIN1;HOXD4;FGF13;LGI3;EZH2;ITGA2;STX1A;PLXNC1;SCN4B;ADAM11;ARTN;KIF4A;HOXD3;EFNA4;LAMC1;FABP4;KRT86;SEMA7A;SCN4A;ARHGAP39;KCNQ3;DRP2;HOXA3;COL9A1;ROBO1;UNC5A;MPP3;TRPC6;ARHGEF11;KRT20;NRCAM;MAPK12;COL4A1;MAFA;POU3F2;PIGU;H2BC11;H2AX,up in tumor,67
gs_ind_0,Deubiquitination R-HSA-5688426,12/241,0.983548773887006,0.9999999999999991,0.5965072505470453,0.009894892231691111,OTUB2;CCNA2;H2BC15;CLSPN;H2BC17;H2BC9;CDC20;CDC25A;CDK1;H2BC11;FOXK1;H2BC18,up in tumor,12
gs_ind_0,Detoxification Of Reactive Oxygen Species R-HSA-3299685,2/32,0.758438700006941,0.9999999999999991,0.9016839280061704,0.2493095655805873,NOX4;AQP8,up in tumor,2
gs_ind_0,Depolymerisation Of Nuclear Lamina R-HSA-4419969,2/15,0.35887913002680827,0.9999999999999991,2.0388501092879663,2.089351676905928,CDK1;CCNB1,up in tumor,2
gs_ind_0,Degradation Of Beta-Catenin By Destruction Complex R-HSA-195253,1/82,0.9992103335745117,0.9999999999999991,0.2018436591698531,0.00015945212612848112,LEF1,up in tumor,1
gs_ind_0,Defensins R-HSA-1461973,1/8,0.5012973966380778,0.9999999999999991,2.2014134275618376,1.5201986960119265,DEFB132,up in tumor,1
gs_ind_0,MET Activates RAP1 And RAC1 R-HSA-8875555,1/11,0.6158482926650748,0.9999999999999991,1.5722051799790315,0.7621337307476526,PIGU,up in tumor,1
gs_ind_0,MET Activates PTPN11 R-HSA-8865999,1/5,0.3526123355149352,0.9999999999999991,3.669566005255051,3.8251043223768133,PIGU,up in tumor,1
gs_ind_0,MET Activates PI3K/AKT Signaling R-HSA-8851907,1/6,0.4065393264449239,0.9999999999999991,3.0022239244854085,2.7022255299204825,PIGU,up in tumor,1
gs_ind_0,MECP2 Regulates Neuronal Receptors And Channels R-HSA-9022699,1/15,0.728756555011342,0.9999999999999991,1.138268457508131,0.36016583603262753,GPRIN1,up in tumor,1
gs_ind_0,MAPK6/MAPK4 Signaling R-HSA-5687128,5/85,0.8462323271793579,0.9999999999999991,0.7509572255939198,0.12538082366256076,IGF2BP1;ETV4;MMP10;CDK1;HSPB1,up in tumor,5
gs_ind_0,MAPK3 (ERK1) Activation R-HSA-110056,1/10,0.5809323105717996,0.9999999999999991,1.7377862977639804,0.94382829083857,CDK1,up in tumor,1
gs_ind_0,MAPK1/MAPK3 Signaling R-HSA-5684996,17/250,0.8402698590446965,0.9999999999999991,0.8228904223881762,0.14320941243925647,DUSP9;RASGRF2;FGF13;NRG2;ACTN2;MPP3;SPRED3;MAPK12;PDGFA;PEA15;ARTN;VWF;EGF;GPRIN1;CDK1;PDGFRB;IL3RA,up in tumor,17
gs_ind_0,MAPK Family Signaling Cascades R-HSA-5683057,21/288,0.7689113836424302,0.9999999999999991,0.8829194628287015,0.23201318085204173,IGF2BP1;ACTN2;MMP10;PEA15;EGF;CDK1;HSPB1;GPRIN1;FGF13;NRG2;ETV4;SPRED3;ARTN;IL3RA;DUSP9;RASGRF2;MPP3;MAPK12;PDGFA;VWF;PDGFRB,up in tumor,21
gs_ind_0,MAP2K And MAPK Activation R-HSA-5674135,1/36,0.9564100731145911,0.9999999999999991,0.4644441807135282,0.020699585637170816,VWF,up in tumor,1
gs_ind_0,MAP Kinase Activation R-HSA-450294,1/62,0.9954785588745558,0.9999999999999991,0.2677490569415072,0.001213356729647175,IRAK1,up in tumor,1
gs_ind_0,Lysosome Vesicle Biogenesis R-HSA-432720,2/33,0.7734265402044909,0.9999999999999991,0.873015873015873,0.22429924011007363,DNAJC6;CLVS1,up in tumor,2
gs_ind_0,Defects Of Contact Activation System (CAS) And Kallikrein/Kinin System (KKS) R-HSA-9651496,1/14,0.7040980600123732,0.9999999999999991,1.2226450424330284,0.42894990458726534,VWF,up in tumor,1
gs_ind_0,Defective ST3GAL3 Causes MCT12 And EIEE15 R-HSA-3656243,1/7,0.45597647056577423,0.9999999999999991,2.5402178685679635,1.994868834158143,ACAN,up in tumor,1
gs_ind_0,Defective LFNG Causes SCDO3 R-HSA-5083630,1/5,0.3526123355149352,0.9999999999999991,3.669566005255051,3.8251043223768133,NOTCH3,up in tumor,1
gs_ind_0,Defective GALNT3 Causes HFTC R-HSA-5083625,1/9,0.5428446569018622,0.9999999999999991,1.9423276785571526,1.186630294590514,MUC13,up in tumor,1
gs_ind_0,Defective GALNT12 Causes CRCS1 R-HSA-5083636,1/9,0.5428446569018622,0.9999999999999991,1.9423276785571526,1.186630294590514,MUC13,up in tumor,1
gs_ind_0,Defective Factor VIII Causes Hemophilia A R-HSA-9662001,1/7,0.45597647056577423,0.9999999999999991,2.5402178685679635,1.994868834158143,VWF,up in tumor,1
gs_ind_0,"Defective EXT1 Causes Exostoses 1, TRPS2 And CHDS R-HSA-3656253",2/13,0.2957450661395827,0.9999999999999991,2.393669224675125,2.916105386860802,GPC2;GPC3,up in tumor,2
gs_ind_0,Defective C1GALT1C1 Causes TNPS R-HSA-5083632,1/10,0.5809323105717996,0.9999999999999991,1.7377862977639804,0.94382829083857,MUC13,up in tumor,1
gs_ind_0,Metabolism Of Fat-Soluble Vitamins R-HSA-6806667,5/45,0.31961915397577506,0.9999999999999991,1.4956028397415848,1.705922192179605,AKR1C3;AKR1B10;GPC2;GPC3;LPL,up in tumor,5
gs_ind_0,Metabolism Of Carbohydrates R-HSA-71387,18/263,0.8386801091952499,0.9999999999999991,0.8273493528226876,0.1455521973028598,HMMR;CSPG4;B4GALNT2;ACAN;B3GNT4;PYGB;FUT2;ABCC5;B3GALT1;CHST6;GPC2;BCAN;GPC3;PFKFB4;IDUA;SLC26A2;CEMIP;CSPG5,up in tumor,18
gs_ind_0,Metabolism Of Angiotensinogen To Angiotensins R-HSA-2022377,1/18,0.791078642475556,0.9999999999999991,0.9429969323962257,0.2209987756615743,MMP12,up in tumor,1
gs_ind_0,Metabolism Of Amino Acids And Derivatives R-HSA-71291,13/347,0.9998089262508125,0.9999999999999991,0.4399268769975401,8.406650946362071e-05,CHGA;SLC6A7;NQO1;AMT;BCAT1;TYRP1;SLC6A11;OAZ3;CKMT1A;SLC6A8;PSPH;DIO2;BCAT2,up in tumor,13
gs_ind_0,Metabolic Disorders Of Biological Oxidation Enzymes R-HSA-5579029,3/29,0.4389588673318041,0.9999999999999991,1.453980233602875,1.1971339951522952,CYP27B1;CYP17A1;CYP19A1,up in tumor,3
gs_ind_0,Membrane Trafficking R-HSA-199991,32/575,0.9957777761214747,0.9999999999999991,0.6517559037754608,0.0027576852275826218,KIF5A;CENPE;AVPR2;BICD1;DNM3;KIFC1;EGF;KIF15;TBC1D16;VPS45;CLVS1;RAB6B;RACGAP1;MPZ;KIF20A;PRKAA2;CHML;KIF4A;KIF11;KIF23;COL7A1;GJA5;KIF21B;KIF18B;PAFAH1B3;KIFC2;KIF2C;AKR1B10;SORT1;DNAJC6;KIF18A;DYNC1I1,up in tumor,32
gs_ind_0,Melanin Biosynthesis R-HSA-5662702,1/4,0.29378797489011954,0.9999999999999991,4.718246417893061,5.779365626136818,TYRP1,up in tumor,1
gs_ind_0,Major Pathway Of rRNA Processing In Nucleolus And Cytosol R-HSA-6791226,1/177,0.999999805964023,0.9999999999999991,0.09276369132824153,1.799949521887554e-08,BOP1,up in tumor,1
gs_ind_0,Macroautophagy R-HSA-1632852,2/111,0.9993015220124067,0.9999999999999991,0.25017292487050813,0.0001748013356656534,PRKAA2;DYNC1I1,up in tumor,2
gs_ind_0,MTOR Signaling R-HSA-165159,1/41,0.9718013369064569,0.9999999999999991,0.407004721492354,0.011641914746196887,PRKAA2,up in tumor,1
gs_ind_0,MET Receptor Recycling R-HSA-8875656,1/9,0.5428446569018622,0.9999999999999991,1.9423276785571526,1.186630294590514,PIGU,up in tumor,1
gs_ind_0,Mineralocorticoid Biosynthesis R-HSA-193993,1/4,0.29378797489011954,0.9999999999999991,4.718246417893061,5.779365626136818,CHGA,up in tumor,1
gs_ind_0,Metallothioneins Bind Metals R-HSA-5661231,1/9,0.5428446569018622,0.9999999999999991,1.9423276785571526,1.186630294590514,MT3,up in tumor,1
gs_ind_0,Metal Sequestration By Antimicrobial Proteins R-HSA-6799990,1/4,0.29378797489011954,0.9999999999999991,4.718246417893061,5.779365626136818,LCN2,up in tumor,1
gs_ind_0,Metal Ion SLC Transporters R-HSA-425410,2/24,0.6055522033077709,0.9999999999999991,1.222766143897501,0.6133572333885875,SLC30A3;SLC39A10,up in tumor,2
gs_ind_0,Metabolism Of Water-Soluble Vitamins And Cofactors R-HSA-196849,1/113,0.9999473523328731,0.9999999999999991,0.14599981879133822,7.686752206871071e-06,MTHFD1L,up in tumor,1
gs_ind_0,Metabolism Of Vitamins And Cofactors R-HSA-196854,6/173,0.9969293783512111,0.9999999999999991,0.4249195559406565,0.0013067745208788718,AKR1C3;MTHFD1L;AKR1B10;GPC2;GPC3;LPL,up in tumor,6
gs_ind_0,Metabolism Of Steroids R-HSA-8957322,13/144,0.42301844650729964,0.9999999999999991,1.1304572620453257,0.9725770266941451,FABP6;AKR1B15;DAND5;CHGA;CYP19A1;AKR1C3;LIN9;PKMYT1;SQLE;CYP17A1;OSBPL3;CYP27B1;SLC51B,up in tumor,13
gs_ind_0,Metabolism Of RNA R-HSA-8953854,9/645,0.9999999999999991,0.9999999999999991,0.1598762942046524,1.4199867433420054e-16,APOBEC3B;BOP1;IGF2BP1;LIN9;IGF2BP3;COLEC12;DDX39A;HSPB1;SMG5,up in tumor,9
gs_ind_0,Metabolism Of Proteins R-HSA-392499,85/1735,0.9999999967979992,0.9999999999999991,0.5489941984386113,1.7578798520351554e-09,SCG2;FBXL18;CDKN2A;PAX6;B3GNT4;H2BC9;FBXO32;GPAA1;B3GNT5;SPARCL1;CCNE1;ASB16;CDK1;ADAMTS16;H2BC17;LY6H;CD109;GCNT3;MUC13;COL7A1;CCNE2;UBD;CUL7;PSCA;CLSPN;DYNC1I1;PIGU;KIF5A;INHA;BLM;H2BC15;THY1;CDCA8;RAB6B;GNG4;MPZ;TUBA3C;ODAM;MMP1;FBXW10;LYPD1;SEMA5B;CCNF;TOP2A;LAMC1;PRND;CDC25A;KCTD7;B3GNTL1;AURKB;SPSB2;FOXK1;INCENP;B4GALNT2;CHGA;CBX2;EEF1A2;CDC20;CBX8;AURKA;CCT3;VASH2;CHML;MMP12;TMEM132A;H2BC18;DTL;OTUB2;STC2;UBE2C;ADRA2C;ADAMTS18;H2BC11;CCNA2;MATN3;BIRC5;CRHR2;NSMCE2;RAB3B;STX1A;UBE2T;GPC3;NTM;UBE2S;H2AX,up in tumor,85
gs_ind_0,Metabolism Of Porphyrins R-HSA-189445,1/28,0.9125126678546813,0.9999999999999991,0.5997924337146952,0.054912983244147735,FLVCR1,up in tumor,1
gs_ind_0,Metabolism Of Polyamines R-HSA-351202,2/55,0.949971669343269,0.9999999999999991,0.5134595197730779,0.026352342790450192,OAZ3;NQO1,up in tumor,2
gs_ind_0,Metabolism Of Nucleotides R-HSA-15869,7/91,0.6422154223321324,0.9999999999999991,0.9764281783958317,0.4323931380595268,NUDT1;RRM2;UCK2;TK1;TYMS;DTYMK;NT5M,up in tumor,7
gs_ind_0,Metabolism Of Non-Coding RNA R-HSA-194441,1/52,0.9891875534835124,0.9999999999999991,0.31989750275111695,0.0034777099815757233,LIN9,up in tumor,1
gs_ind_0,Metabolism Of Lipids R-HSA-556833,26/681,0.9999994014255001,0.9999999999999991,0.4366778844627954,2.6138432451901615e-07,FABP6;PLA2G4C;AKR1C3;B4GALNT1;CHGA;CYP19A1;DAND5;CERS1;LIN9;CYP17A1;CPNE7;SLC51B;AKR1B15;PRKAA2;SQLE;ACLY;ESYT3;OSBPL3;ACBD7;FABP4;CYP27B1;THEM5;PKMYT1;ACSL4;ELOVL3;INPP5J,up in tumor,26
gs_ind_0,Metabolism Of Folate And Pterines R-HSA-196757,1/15,0.728756555011342,0.9999999999999991,1.138268457508131,0.36016583603262753,MTHFD1L,up in tumor,1
gs_ind_0,Defective B4GALT1 Causes B4GALT1-CDG (CDG-2d) R-HSA-3656244,1/7,0.45597647056577423,0.9999999999999991,2.5402178685679635,1.994868834158143,ACAN,up in tumor,1
gs_ind_0,Defective B3GALTL Causes PpS R-HSA-5083635,3/35,0.5667991667971974,0.9999999999999991,1.1852014652014653,0.6728984177134733,SEMA5B;ADAMTS16;ADAMTS18,up in tumor,3
gs_ind_0,Dectin-2 Family R-HSA-5621480,1/15,0.728756555011342,0.9999999999999991,1.138268457508131,0.36016583603262753,MUC13,up in tumor,1
gs_ind_0,Death Receptor Signaling R-HSA-73887,8/136,0.8879328638571921,0.9999999999999991,0.7265074503267315,0.08635205264742801,ECT2;RASGRF2;ARHGEF37;LINGO1;ARHGEF11;IRAK1;FGD1;ARHGEF39,up in tumor,8
gs_ind_0,Deactivation Of Beta-Catenin Transactivating Complex R-HSA-3769402,2/40,0.8572217137429041,0.9999999999999991,0.7140384771605875,0.1100038286109952,BCL9;LEF1,up in tumor,2
gs_ind_0,Mucopolysaccharidoses R-HSA-2206281,1/10,0.5809323105717996,0.9999999999999991,1.7377862977639804,0.94382829083857,IDUA,up in tumor,1
gs_ind_0,Mitotic Prophase R-HSA-68875,9/97,0.41876454330690255,0.9999999999999991,1.1819631650140126,1.028835660118685,CCNB1;H2BC15;H2BC17;H2BC9;CCNB2;PLK1;CDK1;H2BC11;H2AX,up in tumor,9
gs_ind_0,Mitochondrial Fatty Acid Beta-Oxidation R-HSA-77289,2/35,0.8009765919655488,0.9999999999999991,0.8208143400484659,0.18215803703989147,ACBD7;THEM5,up in tumor,2
gs_ind_0,Mitochondrial Biogenesis R-HSA-1592230,3/89,0.9821269831065021,0.9999999999999991,0.4441178089733003,0.00800951736584588,PRKAA2;LIN9;MAPK12,up in tumor,3
gs_ind_0,Miscellaneous Substrates R-HSA-211958,1/11,0.6158482926650748,0.9999999999999991,1.5722051799790315,0.7621337307476526,CYP2W1,up in tumor,1
gs_ind_0,DNA Damage Bypass R-HSA-73893,4/48,0.5747472647228273,0.9999999999999991,1.1128551195024732,0.6163268468095736,DTL;POLD1;PCLAF;RFC4,up in tumor,4
gs_ind_0,DCC Mediated Attractive Signaling R-HSA-418885,1/14,0.7040980600123732,0.9999999999999991,1.2226450424330284,0.42894990458726534,DCC,up in tumor,1
gs_ind_0,DAP12 Signaling R-HSA-2424491,1/26,0.8958721205461695,0.9999999999999991,0.6468989335337288,0.07113145339620591,TREM2,up in tumor,1
gs_ind_0,DAP12 Interactions R-HSA-2172127,1/36,0.9564100731145911,0.9999999999999991,0.4644441807135282,0.020699585637170816,TREM2,up in tumor,1
gs_ind_0,DAG And IP3 Signaling R-HSA-1489509,3/36,0.5863112982383067,0.9999999999999991,1.1497654584221748,0.6138648427303114,KPNA2;PDE1C;ADCY6,up in tumor,3
gs_ind_0,Cytosolic Sulfonation Of Small Molecules R-HSA-156584,1/20,0.8244545323893016,0.9999999999999991,0.8461956635373324,0.16334392799155045,SLC26A2,up in tumor,1
gs_ind_0,Cytoprotection By HMOX1 R-HSA-9707564,2/57,0.9566992490620331,0.9999999999999991,0.4949074720627617,0.021907673745370063,LIN9;BRIP1,up in tumor,2
gs_ind_0,Cytokine Signaling In Immune System R-HSA-1280215,21/631,0.9999999266521223,0.9999999999999991,0.38022591278980394,2.7888764757428703e-08,PTPN5;GBP2;KPNA7;TRIM31;TNFRSF4;BIRC5;TRIM17;CRLF2;CCL20;MMP1;FGF13;LRRC14;STX1A;IL3RA;KPNA2;BOLA2B;LCN2;IRAK1;TRIM45;PTPN14;TNFSF4,up in tumor,21
gs_ind_0,Cytochrome P450 - Arranged By Substrate Type R-HSA-211897,3/56,0.8560141708110565,0.9999999999999991,0.7192345349354695,0.11181820518070074,CYP27B1;CYP19A1;CYP2W1,up in tumor,3
gs_ind_0,Cyclin E Associated Events During G1/S Transition R-HSA-69202,6/81,0.6765070039411817,0.9999999999999991,0.9470198675496688,0.3701071813633574,CCNA2;E2F1;LIN9;CCNE1;CDC25A;CCNE2,up in tumor,6
gs_ind_0,Cyclin A:Cdk2-associated Events At S Phase Entry R-HSA-69656,6/83,0.6993261469472253,0.9999999999999991,0.9224892077475624,0.32991724583226734,CCNA2;E2F1;LIN9;CCNE1;CDC25A;CCNE2,up in tumor,6
gs_ind_0,NOTCH2 Intracellular Domain Regulates Transcription R-HSA-2197563,1/11,0.6158482926650748,0.9999999999999991,1.5722051799790315,0.7621337307476526,HES5,up in tumor,1
gs_ind_0,NOTCH2 Activation And Transmission Of Signal To Nucleus R-HSA-2979096,2/21,0.5317992271399721,0.9999999999999991,1.411093212833762,0.8910901995419729,JAG2;DLL4,up in tumor,2
gs_ind_0,NOTCH1 Intracellular Domain Regulates Transcription R-HSA-2122947,3/47,0.7619984468567498,0.9999999999999991,0.8650829320492242,0.23513885055841321,HEY1;HDAC11;HES5,up in tumor,3
gs_ind_0,NOD1/2 Signaling Pathway R-HSA-168638,2/32,0.758438700006941,0.9999999999999991,0.9016839280061704,0.2493095655805873,IRAK1;MAPK12,up in tumor,2
gs_ind_0,NF-kB Is Activated And Signals Survival R-HSA-209560,1/13,0.6771992126442967,0.9999999999999991,1.3205218809459092,0.5147259484962772,IRAK1,up in tumor,1
gs_ind_0,NCAM Signaling For Neurite Out-Growth R-HSA-375165,5/52,0.4382442259841908,0.9999999999999991,1.274756627335159,1.0516473589800772,COL9A1;CACNB4;COL4A1;ARTN;COL4A2,up in tumor,5
gs_ind_0,N-glycan Antennae Elongation In medial/trans-Golgi R-HSA-975576,1/24,0.8760684975403318,0.9999999999999991,0.7020235609815341,0.09288543766655402,CHGA,up in tumor,1
gs_ind_0,Myogenesis R-HSA-525793,2/24,0.6055522033077709,0.9999999999999991,1.222766143897501,0.6133572333885875,CTNNA2;MAPK12,up in tumor,2
gs_ind_0,MyD88:MAL(TIRAP) Cascade Initiated On Plasma Membrane R-HSA-166058,2/111,0.9993015220124067,0.9999999999999991,0.25017292487050813,0.0001748013356656534,LRRC14;IRAK1,up in tumor,2
gs_ind_0,MyD88-independent TLR4 Cascade R-HSA-166166,2/105,0.9988783351742638,0.9999999999999991,0.2647545323521722,0.0002971325191114391,LRRC14;IRAK1,up in tumor,2
gs_ind_0,MyD88 Dependent Cascade Initiated On Endosome R-HSA-975155,2/99,0.998203838385027,0.9999999999999991,0.28113079921619494,0.0005054103857077202,LRRC14;IRAK1,up in tumor,2
gs_ind_0,MyD88 Cascade Initiated On Plasma Membrane R-HSA-975871,2/95,0.9975457367112783,0.9999999999999991,0.2932159587201261,0.0007205136904106753,LRRC14;IRAK1,up in tumor,2
gs_ind_0,Muscle Contraction R-HSA-397014,15/160,0.3549100711288557,0.9999999999999991,1.1735136351100908,1.2156320279970532,SCN4A;ATP1A2;ACTG2;FGF13;KCNK9;ACTN2;NEB;MMP12;MYBPC1;KCNE5;SCN4B;KCNJ11;NANOS1;TPM2;FGF12,up in tumor,15
gs_ind_0,Negative Regulation Of MAPK Pathway R-HSA-5675221,2/40,0.8572217137429041,0.9999999999999991,0.7140384771605875,0.1100038286109952,DUSP9;MAPK12,up in tumor,2
gs_ind_0,Negative Regulation Of FGFR4 Signaling R-HSA-5654733,1/24,0.8760684975403318,0.9999999999999991,0.7020235609815341,0.09288543766655402,FGF13,up in tumor,1
gs_ind_0,Negative Regulation Of FGFR3 Signaling R-HSA-5654732,1/22,0.8525009420281894,0.9999999999999991,0.7674039330707915,0.12246306003587147,FGF13,up in tumor,1
gs_ind_0,Negative Regulation Of FGFR2 Signaling R-HSA-5654727,1/25,0.8864008022311243,0.9999999999999991,0.6733362548607374,0.081194964645368,FGF13,up in tumor,1
gs_ind_0,Negative Regulation Of FGFR1 Signaling R-HSA-5654726,1/25,0.8864008022311243,0.9999999999999991,0.6733362548607374,0.081194964645368,FGF13,up in tumor,1
gs_ind_0,Negative Epigenetic Regulation Of rRNA Expression R-HSA-5250941,5/63,0.6110146018504665,0.9999999999999991,1.0344953632886076,0.5096280251627732,H2BC15;H2BC17;H2BC9;H2BC11;H2AX,up in tumor,5
gs_ind_0,Neddylation R-HSA-8951664,11/225,0.983241879607858,0.9999999999999991,0.5872819901242967,0.009925139883233515,DTL;FBXL18;FBXW10;KCTD7;FBXO32;CCNF;SPSB2;BIRC5;ASB16;UBD;CUL7,up in tumor,11
gs_ind_0,Nectin/Necl Trans Heterodimerization R-HSA-420597,1/7,0.45597647056577423,0.9999999999999991,2.5402178685679635,1.994868834158143,NECTIN1,up in tumor,1
gs_ind_0,NS1 Mediated Effects On Host Pathways R-HSA-168276,2/42,0.8753379467202286,0.9999999999999991,0.6787101669705241,0.09036702967824593,KPNA2;KPNA7,up in tumor,2
gs_ind_0,NRAGE Signals Death Thru JNK R-HSA-193648,6/55,0.30742554797356214,0.9999999999999991,1.4463055190773915,1.7059496723324794,ECT2;RASGRF2;ARHGEF37;ARHGEF11;FGD1;ARHGEF39,up in tumor,6
gs_ind_0,NR1H2 And NR1H3-mediated Signaling R-HSA-9024446,1/46,0.9817599475831408,0.9999999999999991,0.3621893192428664,0.006667345087208834,FABP6,up in tumor,1
gs_ind_0,NR1H2 And NR1H3 Regulate Gene Expression To Control Bile Acid Homeostasis R-HSA-9623433,1/9,0.5428446569018622,0.9999999999999991,1.9423276785571526,1.186630294590514,FABP6,up in tumor,1
gs_ind_0,NOTCH4 Intracellular Domain Regulates Transcription R-HSA-9013695,2/19,0.47763982379420106,0.9999999999999991,1.5725164147791288,1.1619297641412656,HEY1;HES5,up in tumor,2
gs_ind_0,NOTCH4 Activation And Transmission Of Signal To Nucleus R-HSA-9013700,1/11,0.6158482926650748,0.9999999999999991,1.5722051799790315,0.7621337307476526,DLL4,up in tumor,1
gs_ind_0,Cooperation Of Prefoldin And TriC/CCT In Actin And Tubulin Folding R-HSA-389958,2/30,0.7258785948166073,0.9999999999999991,0.9650554179847225,0.3091772197080454,CCT3;TUBA3C,up in tumor,2
gs_ind_0,Cooperation Of PDCL (PhLP1) And TRiC/CCT In G-protein Beta Folding R-HSA-6814122,2/31,0.7425996695796196,0.9999999999999991,0.9322955799449625,0.2774494698553401,CCT3;GNG4,up in tumor,2
gs_ind_0,Constitutive Signaling By NOTCH1 HD+PEST Domain Mutants R-HSA-2894862,5/57,0.5201891617652027,0.9999999999999991,1.153065857233659,0.753600905188317,HES5;HEY1;HDAC11;DLL4;JAG2,up in tumor,5
gs_ind_0,Constitutive Signaling By NOTCH1 HD Domain Mutants R-HSA-2691232,2/15,0.35887913002680827,0.9999999999999991,2.0388501092879663,2.089351676905928,JAG2;DLL4,up in tumor,2
gs_ind_0,Constitutive Signaling By Ligand-Responsive EGFR Cancer Variants R-HSA-1236382,2/18,0.4491566500256084,0.9999999999999991,1.6679028522923003,1.3349620320176863,PIGU;EGF,up in tumor,2
gs_ind_0,Constitutive Signaling By EGFRvIII R-HSA-5637810,2/14,0.3275141968593042,0.9999999999999991,2.2020669023660595,2.45799965221651,PIGU;EGF,up in tumor,2
gs_ind_0,Constitutive Signaling By Aberrant PI3K In Cancer R-HSA-2219530,6/65,0.4593078621724339,0.9999999999999991,1.202633465487585,0.9356904112711951,FGF13;NRG2;PDGFA;PIGU;EGF;PDGFRB,up in tumor,6
gs_ind_0,NoRC Negatively Regulates rRNA Expression R-HSA-427413,5/60,0.5668222172101409,0.9999999999999991,1.0905760023166724,0.6191304380337476,H2BC15;H2BC17;H2BC9;H2BC11;H2AX,up in tumor,5
gs_ind_0,Nitric Oxide Stimulates Guanylate Cyclase R-HSA-392154,1/18,0.791078642475556,0.9999999999999991,0.9429969323962257,0.2209987756615743,NANOS1,up in tumor,1
gs_ind_0,Neutrophil Degranulation R-HSA-6798695,8/431,0.9999999986689795,0.9999999999999991,0.217208637821313,2.8910915339076976e-10,PYGB;MMP12;LCN2;S100P;ACLY;CHRNB4;SLC2A5;DSN1,up in tumor,8
gs_ind_0,Neurotransmitter Release Cycle R-HSA-112310,4/44,0.5045771995042019,0.9999999999999991,1.2230087424751188,0.8365800869225124,GAD1;SLC6A11;SYN3;STX1A,up in tumor,4
gs_ind_0,Neurotoxicity Of Clostridium Toxins R-HSA-168799,1/10,0.5809323105717996,0.9999999999999991,1.7377862977639804,0.94382829083857,STX1A,up in tumor,1
gs_ind_0,Neurexins And Neuroligins R-HSA-6794361,3/53,0.8290373455357063,0.9999999999999991,0.7620744931636021,0.14288140461377585,STX1A;MPP3;GPRIN1,up in tumor,3
gs_ind_0,Nervous System Development R-HSA-9675108,38/516,0.8099977258168201,0.9999999999999991,0.8827809396272738,0.18602298855292762,ENAH;DCC;EPHA10;CACNB4;DNM3;RGMA;LHX4;COL4A2;GAP43;MPZ;PLXNA1;EFNA3;TREM2;DCX;GPRIN1;ITGA2;SCN4B;PLXNC1;KIF4A;ARTN;EFNA4;LAMC1;SCN4A;SEMA7A;DRP2;ARHGAP39;KCNQ3;COL9A1;ROBO1;UNC5A;MPP3;TRPC6;ARHGEF11;NRCAM;MAPK12;COL4A1;POU3F2;PIGU,up in tumor,38
gs_ind_0,Nephrin Family Interactions R-HSA-373753,2/19,0.47763982379420106,0.9999999999999991,1.5725164147791288,1.1619297641412656,ACTN2;NPHS1,up in tumor,2
gs_ind_0,Negative Regulation Of PI3K/AKT Network R-HSA-199418,7/99,0.7273704941388817,0.9999999999999991,0.8916265597476396,0.2838219519117371,FGF13;PDGFRB;NRG2;IRAK1;PDGFA;EGF;PIGU,up in tumor,7
gs_ind_0,Negative Regulation Of NOTCH4 Signaling R-HSA-9604323,1/53,0.9900901440646909,0.9999999999999991,0.3137886848134198,0.0031251110635575636,TACC3,up in tumor,1
gs_ind_0,Nucleotide Salvage R-HSA-8956321,2/22,0.5574007657469213,0.9999999999999991,1.3421930656619594,0.7844726416236258,TK1;UCK2,up in tumor,2
gs_ind_0,Nucleotide Excision Repair R-HSA-5696398,2/106,0.9989632833048319,0.9999999999999991,0.26220798367714476,0.00027197639989393725,POLD1;RFC4,up in tumor,2
gs_ind_0,Nucleotide Catabolism R-HSA-8956319,2/32,0.758438700006941,0.9999999999999991,0.9016839280061704,0.2493095655805873,NUDT1;NT5M,up in tumor,2
gs_ind_0,Nuclear Signaling By ERBB4 R-HSA-1251985,2/31,0.7425996695796196,0.9999999999999991,0.9322955799449625,0.2774494698553401,NRG2;STMN1,up in tumor,2
gs_ind_0,Nuclear Receptor Transcription Pathway R-HSA-383280,1/51,0.9882028036151593,0.9999999999999991,0.32624825407248526,0.00387169748138303,NR2C2AP,up in tumor,1
gs_ind_0,Nuclear Pore Complex (NPC) Disassembly R-HSA-3301854,3/36,0.5863112982383067,0.9999999999999991,1.1497654584221748,0.6138648427303114,CDK1;CCNB1;CCNB2,up in tumor,3
gs_ind_0,Nuclear Events Mediated By NFE2L2 R-HSA-9759194,5/76,0.7691123680137062,0.9999999999999991,0.8458604865578442,0.2220537706032887,MAFG;CDKN2A;NQO1;SLC7A11;BRIP1,up in tumor,5
gs_ind_0,Nuclear Envelope Breakdown R-HSA-2980766,4/53,0.6539466980419961,0.9999999999999991,1.0001980050986312,0.42481353090433727,CDK1;CCNB1;CCNB2;PLK1,up in tumor,4
gs_ind_0,Nuclear Envelope (NE) Reassembly R-HSA-2995410,4/71,0.8528909110161602,0.9999999999999991,0.7328251202468463,0.11660979202718073,CDK1;CCNB1;CCNB2;TUBA3C,up in tumor,4
gs_ind_0,Notch-HLH Transcription Pathway R-HSA-350054,2/28,0.6896745133025075,0.9999999999999991,1.0379924158845655,0.3856510442452748,NOTCH3;HDAC11,up in tumor,2
gs_ind_0,Norepinephrine Neurotransmitter Release Cycle R-HSA-181430,1/17,0.7720829762283368,0.9999999999999991,1.0001976821764809,0.2587143856868406,STX1A,up in tumor,1
gs_ind_0,Nonsense Mediated Decay (NMD) Enhanced By Exon Junction Complex (EJC) R-HSA-975957,1/111,0.999937294367771,0.9999999999999991,0.1486571085247196,9.321930247195219e-06,SMG5,up in tumor,1
gs_ind_0,Noncanonical Activation Of NOTCH3 R-HSA-9017802,1/8,0.5012973966380778,0.9999999999999991,2.2014134275618376,1.5201986960119265,NOTCH3,up in tumor,1
gs_ind_0,Clathrin-mediated Endocytosis R-HSA-8856828,4/134,0.9967532372665958,0.9999999999999991,0.3778645662194767,0.001228832536949558,DNAJC6;AVPR2;EGF;DNM3,up in tumor,4
gs_ind_0,Class I MHC Mediated Antigen Processing And Presentation R-HSA-983169,14/364,0.9998047412988594,0.9999999999999991,0.45082872108321265,8.803682577343182e-05,FBXL18;FBXW10;KCTD7;UBE2C;CTSV;CDC20;FBXO32;TRAIP;SPSB2;CCNF;ASB16;UBE2S;TRIM71;CUL7,up in tumor,14
gs_ind_0,Class B/2 (Secretin Family Receptors) R-HSA-373080,8/76,0.29788439017558793,0.9999999999999991,1.3669272363350295,1.6554169837635824,WNT6;FZD10;WNT3A;GNG4;GLP1R;ADM2;CRHR2;GHRHR,up in tumor,8
gs_ind_0,Circadian Clock R-HSA-400253,2/65,0.975901638171391,0.9999999999999991,0.4323856104878378,0.010547388967686054,LIN9;ELOVL3,up in tumor,2
gs_ind_0,Cilium Assembly R-HSA-5617833,9/181,0.9699204260115989,0.9999999999999991,0.6038726473509082,0.018443023008599978,CEP131;PLK4;KIF24;PLK1;RHO;CCT3;NEK2;CDK1;UNC119B,up in tumor,9
gs_ind_0,Chylomicron Remodeling R-HSA-8963901,1/9,0.5428446569018622,0.9999999999999991,1.9423276785571526,1.186630294590514,LPL,up in tumor,1
gs_ind_0,Chromatin Modifying Enzymes R-HSA-3247509,10/218,0.9889783052966984,0.9999999999999991,0.5515083153362588,0.006112302462926802,PRDM9;EZH2;H2BC15;H2BC17;H2BC9;PADI3;EHMT2;H2BC11;H2AX;H2BC18,up in tumor,10
gs_ind_0,Cholesterol Biosynthesis R-HSA-191273,1/25,0.8864008022311243,0.9999999999999991,0.6733362548607374,0.081194964645368,SQLE,up in tumor,1
gs_ind_0,Other Interleukin Signaling R-HSA-449836,1/21,0.839087297651768,0.9999999999999991,0.8048780487804879,0.14120823008158465,STX1A,up in tumor,1
gs_ind_0,Organic Cation Transport R-HSA-549127,1/8,0.5012973966380778,0.9999999999999991,2.2014134275618376,1.5201986960119265,SLC22A15,up in tumor,1
gs_ind_0,Organic Anion Transport R-HSA-561048,1/4,0.29378797489011954,0.9999999999999991,4.718246417893061,5.779365626136818,SLC22A12,up in tumor,1
gs_ind_0,Organelle Biogenesis And Maintenance R-HSA-1852241,12/270,0.9957388228881939,0.9999999999999991,0.5288207507501314,0.002258213627740535,CEP131;PRKAA2;PLK4;KIF24;LIN9;PLK1;RHO;MAPK12;CCT3;NEK2;CDK1;UNC119B,up in tumor,12
gs_ind_0,Orexin And Neuropeptides FF And QRFP Bind To Their Respective Receptors R-HSA-389397,1/4,0.29378797489011954,0.9999999999999991,4.718246417893061,5.779365626136818,NPFFR2,up in tumor,1
gs_ind_0,Opioid Signaling R-HSA-111885,5/77,0.77893682800378,0.9999999999999991,0.8341521148986933,0.20839232746209405,KPNA2;PDE1C;GNAL;GNG4;ADCY6,up in tumor,5
gs_ind_0,Oncogenic MAPK Signaling R-HSA-6802957,3/76,0.9578570697197735,0.9999999999999991,0.5230061548428895,0.02251892364528018,DUSP9;VWF;SPRED3,up in tumor,3
gs_ind_0,O-linked Glycosylation R-HSA-5173105,8/91,0.49064311604703403,0.9999999999999991,1.1205381869276454,0.797866068391209,ADAMTS16;B3GNT4;B3GNT5;B3GNTL1;SEMA5B;GCNT3;MUC13;ADAMTS18,up in tumor,8
gs_ind_0,O-linked Glycosylation Of Mucins R-HSA-913709,5/45,0.31961915397577506,0.9999999999999991,1.4956028397415848,1.705922192179605,B3GNT4;B3GNT5;B3GNTL1;GCNT3;MUC13,up in tumor,5
gs_ind_0,O-glycosylation Of TSR Domain-Containing Proteins R-HSA-5173214,3/36,0.5863112982383067,0.9999999999999991,1.1497654584221748,0.6138648427303114,SEMA5B;ADAMTS16;ADAMTS18,up in tumor,3
gs_ind_0,"Nucleotide-binding Domain, Leucine Rich Repeat Containing NLR Signaling Pathways R-HSA-168643",2/52,0.9379805603291523,0.9999999999999991,0.5440428459489952,0.03483291706090992,IRAK1;MAPK12,up in tumor,2
gs_ind_0,"PI5P, PP2A And IER3 Regulate PI3K/AKT Signaling R-HSA-6811558",7/92,0.6536579763819238,0.9999999999999991,0.9649601232423847,0.4102730955056186,FGF13;PDGFRB;NRG2;IRAK1;PDGFA;EGF;PIGU,up in tumor,7
gs_ind_0,PI3K/AKT Signaling In Cancer R-HSA-2219528,6/92,0.7882741938376233,0.9999999999999991,0.8261390150566298,0.19654614480003146,FGF13;PDGFRB;NRG2;PDGFA;EGF;PIGU,up in tumor,6
gs_ind_0,PI3K Events In ERBB4 Signaling R-HSA-1250342,1/9,0.5428446569018622,0.9999999999999991,1.9423276785571526,1.186630294590514,NRG2,up in tumor,1
gs_ind_0,PI3K Cascade R-HSA-109704,2/32,0.758438700006941,0.9999999999999991,0.9016839280061704,0.2493095655805873,PIGU;FGF13,up in tumor,2
gs_ind_0,PI-3K cascade:FGFR4 R-HSA-5654720,2/13,0.2957450661395827,0.9999999999999991,2.393669224675125,2.916105386860802,PIGU;FGF13,up in tumor,2
gs_ind_0,PI-3K cascade:FGFR2 R-HSA-5654695,2/14,0.3275141968593042,0.9999999999999991,2.2020669023660595,2.45799965221651,PIGU;FGF13,up in tumor,2
gs_ind_0,PI-3K cascade:FGFR1 R-HSA-5654689,2/13,0.2957450661395827,0.9999999999999991,2.393669224675125,2.916105386860802,PIGU;FGF13,up in tumor,2
gs_ind_0,PI Metabolism R-HSA-1483255,1/79,0.9989739594838541,0.9999999999999991,0.20958859285703155,0.00021515678666891435,INPP5J,up in tumor,1
gs_ind_0,PCP/CE Pathway R-HSA-4086400,1/84,0.9993368362414388,0.9999999999999991,0.19698954903457558,0.00013067966553498173,SCRIB,up in tumor,1
gs_ind_0,P75 NTR Receptor-Mediated Signaling R-HSA-193704,8/92,0.5032701231560909,0.9999999999999991,1.1072224868216054,0.7602502150814938,ECT2;RASGRF2;ARHGEF37;LINGO1;ARHGEF11;IRAK1;FGD1;ARHGEF39,up in tumor,8
gs_ind_0,Ovarian Tumor Domain Proteases R-HSA-5689896,2/38,0.836726818008118,0.9999999999999991,0.7532383829879182,0.1342704995783357,CDK1;OTUB2,up in tumor,2
gs_ind_0,Paracetamol ADME R-HSA-9753281,2/26,0.6496178443549958,0.9999999999999991,1.1228374950741786,0.48435955639061923,UGT1A10;ABCC5,up in tumor,2
gs_ind_0,PTK6 Regulates Cell Cycle R-HSA-8849470,1/6,0.4065393264449239,0.9999999999999991,3.0022239244854085,2.7022255299204825,CCNE1,up in tumor,1
gs_ind_0,PTEN Regulation R-HSA-6807070,3/135,0.9993163493185419,0.9999999999999991,0.2892722371967655,0.00019782879268866643,CBX8;CBX2;EZH2,up in tumor,3
gs_ind_0,PPARA Activates Gene Expression R-HSA-1989781,3/114,0.996857670537107,0.9999999999999991,0.3441127482383088,0.0010830181197871557,DAND5;LIN9;PKMYT1,up in tumor,3
gs_ind_0,"POU5F1 (OCT4), SOX2, NANOG Repress Genes Related To Differentiation R-HSA-2892245",1/7,0.45597647056577423,0.9999999999999991,2.5402178685679635,1.994868834158143,DKK1,up in tumor,1
gs_ind_0,"POU5F1 (OCT4), SOX2, NANOG Activate Genes Related To Proliferation R-HSA-2892247",1/9,0.5428446569018622,0.9999999999999991,1.9423276785571526,1.186630294590514,FGF13,up in tumor,1
gs_ind_0,POLB-Dependent Long Patch Base Excision Repair R-HSA-110362,1/8,0.5012973966380778,0.9999999999999991,2.2014134275618376,1.5201986960119265,FEN1,up in tumor,1
gs_ind_0,PLC Beta Mediated Events R-HSA-112043,3/44,0.7211723853932741,0.9999999999999991,0.9277567412507172,0.3032624128512592,KPNA2;PDE1C;ADCY6,up in tumor,3
gs_ind_0,PKMTs Methylate Histone Lysines R-HSA-3214841,3/44,0.7211723853932741,0.9999999999999991,0.9277567412507172,0.3032624128512592,PRDM9;EZH2;EHMT2,up in tumor,3
gs_ind_0,PKA-mediated Phosphorylation Of CREB R-HSA-111931,1/17,0.7720829762283368,0.9999999999999991,1.0001976821764809,0.2587143856868406,ADCY6,up in tumor,1
gs_ind_0,PKA Activation R-HSA-163615,1/15,0.728756555011342,0.9999999999999991,1.138268457508131,0.36016583603262753,ADCY6,up in tumor,1
gs_ind_0,PKA Activation In Glucagon Signaling R-HSA-164378,1/14,0.7040980600123732,0.9999999999999991,1.2226450424330284,0.42894990458726534,ADCY6,up in tumor,1
gs_ind_0,PIWI-interacting RNA (piRNA) Biogenesis R-HSA-5601884,2/24,0.6055522033077709,0.9999999999999991,1.222766143897501,0.6133572333885875,MAEL;TDRKH,up in tumor,2
gs_ind_0,PIP3 Activates AKT Signaling R-HSA-1257604,10/249,0.997728976503039,0.9999999999999991,0.47938064083475374,0.0010899227884318837,FGF13;CBX2;PDGFRB;EZH2;NRG2;CBX8;IRAK1;PDGFA;EGF;PIGU,up in tumor,10
gs_ind_0,Phospholipase C-mediated Cascade; FGFR3 R-HSA-5654227,1/6,0.4065393264449239,0.9999999999999991,3.0022239244854085,2.7022255299204825,FGF13,up in tumor,1
gs_ind_0,Phospholipase C-mediated Cascade; FGFR2 R-HSA-5654221,1/9,0.5428446569018622,0.9999999999999991,1.9423276785571526,1.186630294590514,FGF13,up in tumor,1
gs_ind_0,Phospholipase C-mediated Cascade: FGFR1 R-HSA-5654219,1/8,0.5012973966380778,0.9999999999999991,2.2014134275618376,1.5201986960119265,FGF13,up in tumor,1
gs_ind_0,Phosphate Bond Hydrolysis By NUDT Proteins R-HSA-2393930,1/7,0.45597647056577423,0.9999999999999991,2.5402178685679635,1.994868834158143,NUDT1,up in tumor,1
gs_ind_0,Phase II - Conjugation Of Compounds R-HSA-156580,3/97,0.9896378984537273,0.9999999999999991,0.4063592844545226,0.004232704095365094,UGT2B11;UGT1A10;SLC26A2,up in tumor,3
gs_ind_0,Phase I - Functionalization Of Compounds R-HSA-211945,4/95,0.9614521031411339,0.9999999999999991,0.5399659901898212,0.021226349213089187,CYP27B1;CYP2W1;CYP19A1;CBR3,up in tumor,4
gs_ind_0,Phase 4 - Resting Membrane Potential R-HSA-5576886,1/16,0.7513611991881223,0.9999999999999991,1.0647791738638654,0.30438712893916414,KCNK9,up in tumor,1
gs_ind_0,Phase 3 - Rapid Repolarisation R-HSA-5576890,1/8,0.5012973966380778,0.9999999999999991,2.2014134275618376,1.5201986960119265,KCNE5,up in tumor,1
gs_ind_0,Phase 2 - Plateau Phase R-HSA-5576893,1/12,0.647856585990088,0.9999999999999991,1.4354207783305954,0.6230959563844467,KCNE5,up in tumor,1
gs_ind_0,Peptide Hormone Metabolism R-HSA-2980736,7/73,0.4069270360423015,0.9999999999999991,1.2418317405184627,1.1165574710371848,CHGA;KIF5A;PAX6;MMP12;STX1A;INHA;CRHR2,up in tumor,7
gs_ind_0,Pausing And Recovery Of Tat-mediated HIV Elongation R-HSA-167238,1/29,0.9198079044697174,0.9999999999999991,0.5787184732693381,0.048375326162711965,NELFE,up in tumor,1
gs_ind_0,Passive Transport By Aquaporins R-HSA-432047,1/10,0.5809323105717996,0.9999999999999991,1.7377862977639804,0.94382829083857,AQP8,up in tumor,1
gs_ind_0,Paradoxical Activation Of RAF Signaling By Kinase Inactive BRAF R-HSA-6802955,1/39,0.9664342045152667,0.9999999999999991,0.42819018437392997,0.014619294402305744,VWF,up in tumor,1
gs_ind_0,Chemokine Receptors Bind Chemokines R-HSA-380108,4/49,0.5913903042622153,0.9999999999999991,1.0883429121926262,0.5716837486760209,CCL20;CCL25;CCR8;CCR3,up in tumor,4
gs_ind_0,Chaperonin-mediated Protein Folding R-HSA-390466,6/79,0.6526009970625126,0.9999999999999991,0.9728855292457675,0.41521719918352956,FBXW10;GNG4;CCT3;CCNE1;CCNE2;TUBA3C,up in tumor,6
gs_ind_0,ChREBP Activates Metabolic Gene Expression R-HSA-163765,1/7,0.45597647056577423,0.9999999999999991,2.5402178685679635,1.994868834158143,ACLY,up in tumor,1
gs_ind_0,Centrosome Maturation R-HSA-380287,5/81,0.8150262595627102,0.9999999999999991,0.7903796404605609,0.1616602570320919,CEP131;PLK4;PLK1;NEK2;CDK1,up in tumor,5
gs_ind_0,Cellular Responses To Stress R-HSA-2262752,35/681,0.9995630314260103,0.9999999999999991,0.5963575249040324,0.0002606464485470525,CCNA2;CDKN2A;E2F1;NQO1;H2BC9;CCNE1;EHMT2;AQP8;E2F2;DAND5;CBX2;H2BC15;CASTOR2;H2BC17;EXTL1;LIN9;CBX8;HMGA1;ATP6V0D2;CDKN2C;EZH2;ARTN;CCNE2;CUL7;MAFG;H1-4;UBE2C;SLC7A11;CDKN2B;NOX4;DYNC1I1;BRIP1;UBE2S;H2BC11;H2AX,up in tumor,35
gs_ind_0,Cellular Responses To Stimuli R-HSA-8953897,37/692,0.9991092055195926,0.9999999999999991,0.6217093764413082,0.0005540620953339798,CCNA2;CDKN2A;E2F1;NQO1;H2BC9;CCNE1;EHMT2;AQP8;E2F2;DAND5;CBX2;H2BC15;CASTOR2;H2BC17;EXTL1;LIN9;CBX8;HMGA1;ATP6V0D2;CDKN2C;MT3;EZH2;ARTN;CCNE2;CUL7;MAFG;H1-4;UBE2C;PKMYT1;SLC7A11;CDKN2B;NOX4;DYNC1I1;BRIP1;UBE2S;H2BC11;H2AX,up in tumor,37
gs_ind_0,Cellular Response To Starvation R-HSA-9711097,2/148,0.9999641780195831,0.9999999999999991,0.18664588749731983,6.686145083008733e-06,ATP6V0D2;CASTOR2,up in tumor,2
gs_ind_0,Cellular Response To Chemical Stress R-HSA-9711123,8/176,0.9822903347384763,0.9999999999999991,0.5529416527339781,0.009880159276413473,MAFG;CDKN2A;NQO1;LIN9;SLC7A11;NOX4;AQP8;BRIP1,up in tumor,8
gs_ind_0,Cellular Hexose Transport R-HSA-189200,1/20,0.8244545323893016,0.9999999999999991,0.8461956635373324,0.16334392799155045,SLC5A4,up in tumor,1
gs_ind_0,Cell-cell Junction Organization R-HSA-421270,5/54,0.4715357823360698,0.9999999999999991,1.223130240019371,0.9195007431640208,CDH24;NECTIN1;CDH8;CDH13;CLDN15,up in tumor,5
gs_ind_0,Cell-Cell Communication R-HSA-1500931,9/110,0.5722759955614096,0.9999999999999991,1.029914374741961,0.5748301207187635,LAMA4;CDH24;ACTN2;NECTIN1;CDH8;ITGA6;NPHS1;CDH13;CLDN15,up in tumor,9
gs_ind_0,Cell Surface Interactions At Vascular Wall R-HSA-202733,4/118,0.9907287826915145,0.9999999999999991,0.43100900350367427,0.004014617218334994,SLC7A6;ITGA6;MMP1;SLC7A11,up in tumor,4
gs_ind_0,Cell Junction Organization R-HSA-446728,7/79,0.4899784705152437,0.9999999999999991,1.1387209313259923,0.8123564825902999,LAMA4;CDH24;NECTIN1;CDH8;ITGA6;CDH13;CLDN15,up in tumor,7
gs_ind_0,"Cell Death Signaling Via NRAGE, NRIF And NADE R-HSA-204998",6/72,0.5609557910110055,0.9999999999999991,1.0756675007223702,0.6218575599671493,ECT2;RASGRF2;ARHGEF37;ARHGEF11;FGD1;ARHGEF39,up in tumor,6
gs_ind_0,Platelet Homeostasis R-HSA-418346,3/73,0.9489282313096776,0.9999999999999991,0.5453427895981088,0.028588019064698274,TRPC6;NANOS1;GNG4,up in tumor,3
gs_ind_0,Platelet Degranulation R-HSA-114608,5/121,0.9769153972424861,0.9999999999999991,0.5179758295794786,0.012097442105645286,ACTN2;CD109;PDGFA;VWF;EGF,up in tumor,5
gs_ind_0,Platelet Calcium Homeostasis R-HSA-418360,1/23,0.8647969852806419,0.9999999999999991,0.7332608498686237,0.10651383672464748,TRPC6,up in tumor,1
gs_ind_0,Platelet Aggregation (Plug Formation) R-HSA-76009,2/35,0.8009765919655488,0.9999999999999991,0.8208143400484659,0.18215803703989147,ADRA2C;VWF,up in tumor,2
gs_ind_0,"Platelet Activation, Signaling And Aggregation R-HSA-76002",11/239,0.9912923870194801,0.9999999999999991,0.5509145938523936,0.0048181589774435865,TRPC6;ACTN2;DGKI;CD109;GNG4;PDGFA;ADRA2C;VWF;EGF;DAGLA;F2RL3,up in tumor,11
gs_ind_0,Plasma Lipoprotein Remodeling R-HSA-8963899,1/33,0.9433944243534286,0.9999999999999991,0.5073912225312063,0.029566101740796262,LPL,up in tumor,1
gs_ind_0,"Plasma Lipoprotein Assembly, Remodeling, And Clearance R-HSA-174824",1/69,0.9975446293878654,0.9999999999999991,0.2403045099132381,0.0005907621988413603,LPL,up in tumor,1
gs_ind_0,Physiological Factors R-HSA-5578768,1/10,0.5809323105717996,0.9999999999999991,1.7377862977639804,0.94382829083857,MMP12,up in tumor,1
gs_ind_0,Phototransduction Cascade R-HSA-2514856,3/25,0.34633091429203355,0.9999999999999991,1.7128042328042328,1.816190057685157,RHO;PDE6A;PPEF1,up in tumor,3
gs_ind_0,Phospholipid Metabolism R-HSA-1483257,3/192,0.999991008139005,0.9999999999999991,0.201688654353562,1.8135644978902566e-06,CPNE7;PLA2G4C;INPP5J,up in tumor,3
gs_ind_0,Phospholipase C-mediated Cascade; FGFR4 R-HSA-5654228,1/8,0.5012973966380778,0.9999999999999991,2.2014134275618376,1.5201986960119265,FGF13,up in tumor,1
gs_ind_0,Presynaptic Function Of Kainate Receptors R-HSA-500657,1/16,0.7513611991881223,0.9999999999999991,1.0647791738638654,0.30438712893916414,GNG4,up in tumor,1
gs_ind_0,Prefoldin Mediated Transfer Of Substrate To CCT/TriC R-HSA-389957,2/26,0.6496178443549958,0.9999999999999991,1.1228374950741786,0.48435955639061923,CCT3;TUBA3C,up in tumor,2
gs_ind_0,Pre-NOTCH Processing In Golgi R-HSA-1912420,1/18,0.791078642475556,0.9999999999999991,0.9429969323962257,0.2209987756615743,NOTCH3,up in tumor,1
gs_ind_0,Pre-NOTCH Processing In Endoplasmic Reticulum R-HSA-1912399,1/6,0.4065393264449239,0.9999999999999991,3.0022239244854085,2.7022255299204825,NOTCH3,up in tumor,1
gs_ind_0,Pre-NOTCH Expression And Processing R-HSA-1912422,7/64,0.2826051686242845,0.9999999999999991,1.4368456622520482,1.8157483570078072,H2BC15;E2F1;H2BC17;H2BC9;NOTCH3;H2BC11;H2AX,up in tumor,7
gs_ind_0,Potential Therapeutics For SARS R-HSA-9679191,1/89,0.9995714198427278,0.9999999999999991,0.1858141259830186,7.965331747235901e-05,ATP1A2,up in tumor,1
gs_ind_0,Post-translational Protein Phosphorylation R-HSA-8957275,7/98,0.7175423866394692,0.9999999999999991,0.9014158176380389,0.29920087467642514,SCG2;STC2;TMEM132A;SPARCL1;MATN3;GPC3;LAMC1,up in tumor,7
gs_ind_0,Post-translational Protein Modification R-HSA-597592,70/1270,0.9999682198492263,0.9999999999999991,0.6320167359430041,2.0085906327996768e-05,CCNA2;SCG2;FBXL18;CDKN2A;KCTD7;B3GNT4;H2BC9;FBXO32;B3GNTL1;GPAA1;B3GNT5;AURKB;SPARCL1;SPSB2;BIRC5;ASB16;MATN3;CDK1;FOXK1;INCENP;BLM;B4GALNT2;CHGA;CBX2;H2BC15;ADAMTS16;H2BC17;CDCA8;CDC20;THY1;RAB6B;CBX8;MPZ;AURKA;TUBA3C;NSMCE2;FBXW10;VASH2;RAB3B;CHML;LYPD1;LY6H;CD109;TMEM132A;SEMA5B;CCNF;GCNT3;TOP2A;MUC13;COL7A1;UBE2T;LAMC1;UBD;H2BC18;CUL7;DTL;PSCA;OTUB2;CLSPN;PRND;STC2;UBE2C;GPC3;CDC25A;NTM;DYNC1I1;ADAMTS18;UBE2S;PIGU;H2BC11,up in tumor,70
gs_ind_0,Post-chaperonin Tubulin Folding Pathway R-HSA-389977,1/21,0.839087297651768,0.9999999999999991,0.8048780487804879,0.14120823008158465,TUBA3C,up in tumor,1
gs_ind_0,Positive Epigenetic Regulation Of rRNA Expression R-HSA-5250913,6/59,0.36804645688133536,0.9999999999999991,1.3379056148636084,1.3372983492123687,H2BC15;H2BC17;H2BC9;EHMT2;H2BC11;H2AX,up in tumor,6
gs_ind_0,Cdc20:Phospho-APC/C Mediated Degradation Of Cyclin A R-HSA-174184,7/69,0.35103677208629036,0.9999999999999991,1.3215707662939733,1.3835052514894552,CCNA2;UBE2C;UBE2S;CDC20;MAD2L1;CDK1;BUB1B,up in tumor,7
gs_ind_0,Cation-coupled Chloride Cotransporters R-HSA-426117,1/6,0.4065393264449239,0.9999999999999991,3.0022239244854085,2.7022255299204825,SLC12A5,up in tumor,1
gs_ind_0,Caspase-mediated Cleavage Of Cytoskeletal Proteins R-HSA-264870,1/12,0.647856585990088,0.9999999999999991,1.4354207783305954,0.6230959563844467,MAPT,up in tumor,1
gs_ind_0,Caspase Activation Via Extrinsic Apoptotic Signaling Pathway R-HSA-5357769,3/25,0.34633091429203355,0.9999999999999991,1.7128042328042328,1.816190057685157,UNC5A;DAPK2;DCC,up in tumor,3
gs_ind_0,Carnitine Metabolism R-HSA-200425,1/11,0.6158482926650748,0.9999999999999991,1.5722051799790315,0.7621337307476526,PRKAA2,up in tumor,1
gs_ind_0,Cargo Trafficking To Periciliary Membrane R-HSA-5620920,3/48,0.7744818589990115,0.9999999999999991,0.8460282574568289,0.21621186325222538,CCT3;UNC119B;RHO,up in tumor,3
gs_ind_0,Cargo Recognition For Clathrin-Mediated Endocytosis R-HSA-8856825,2/97,0.99790003844461,0.9999999999999991,0.2870468327953445,0.0006034211160216607,AVPR2;EGF,up in tumor,2
gs_ind_0,Cargo Concentration In ER R-HSA-5694530,1/29,0.9198079044697174,0.9999999999999991,0.5787184732693381,0.048375326162711965,COL7A1,up in tumor,1
gs_ind_0,Cardiac Conduction R-HSA-5576891,10/100,0.3206767799075719,0.9999999999999991,1.2780811932856555,1.4535893212322066,SCN4A;ATP1A2;FGF13;KCNK9;MMP12;KCNE5;SCN4B;KCNJ11;NANOS1;FGF12,up in tumor,10
gs_ind_0,Carboxyterminal Post-Translational Modifications Of Tubulin R-HSA-8955332,2/33,0.7734265402044909,0.9999999999999991,0.873015873015873,0.22429924011007363,TUBA3C;VASH2,up in tumor,2
gs_ind_0,Canonical Retinoid Cycle In Rods (Twilight Vision) R-HSA-2453902,2/19,0.47763982379420106,0.9999999999999991,1.5725164147791288,1.1619297641412656,RHO;STRA6,up in tumor,2
gs_ind_0,Calcitonin-like Ligand Receptors R-HSA-419812,1/10,0.5809323105717996,0.9999999999999991,1.7377862977639804,0.94382829083857,ADM2,up in tumor,1
gs_ind_0,Pyrimidine Catabolism R-HSA-73621,1/11,0.6158482926650748,0.9999999999999991,1.5722051799790315,0.7621337307476526,NT5M,up in tumor,1
gs_ind_0,Purine Catabolism R-HSA-74259,1/14,0.7040980600123732,0.9999999999999991,1.2226450424330284,0.42894990458726534,NUDT1,up in tumor,1
gs_ind_0,Protein-protein Interactions At Synapses R-HSA-6794362,4/80,0.908998715113263,0.9999999999999991,0.646322128088916,0.06166662727211108,LRFN2;STX1A;MPP3;GPRIN1,up in tumor,4
gs_ind_0,Protein Ubiquitination R-HSA-8852135,7/71,0.3789427306742983,0.9999999999999991,1.2804649894407063,1.2425250572913826,H2BC15;UBE2C;H2BC17;H2BC9;UBE2T;UBE2S;H2BC11,up in tumor,7
gs_ind_0,Protein Localization R-HSA-9609507,1/159,0.9999990601617866,0.9999999999999991,0.10339097426522603,9.717083419395461e-08,STX1A,up in tumor,1
gs_ind_0,Protein Folding R-HSA-391251,6/85,0.7210385710110125,0.9999999999999991,0.8991927949795242,0.29409237531185906,FBXW10;GNG4;CCT3;CCNE1;CCNE2;TUBA3C,up in tumor,6
gs_ind_0,Prostacyclin Signaling Thru Prostacyclin Receptor R-HSA-392851,1/15,0.728756555011342,0.9999999999999991,1.138268457508131,0.36016583603262753,GNG4,up in tumor,1
gs_ind_0,Programmed Cell Death R-HSA-5357801,9/197,0.9860358528360866,0.9999999999999991,0.5521752763132074,0.007764999686316906,CDKN2A;H1-4;DCC;CLSPN;E2F1;UNC5A;TP73;DAPK2;MAPT,up in tumor,9
gs_ind_0,Processing Of Intronless Pre-mRNAs R-HSA-77595,1/20,0.8244545323893016,0.9999999999999991,0.8461956635373324,0.16334392799155045,COLEC12,up in tumor,1
gs_ind_0,Processing Of Capped Intronless Pre-mRNA R-HSA-75067,1/29,0.9198079044697174,0.9999999999999991,0.5787184732693381,0.048375326162711965,COLEC12,up in tumor,1
gs_ind_0,Processing Of Capped Intron-Containing Pre-mRNA R-HSA-72203,2/236,0.9999999752385896,0.9999999999999991,0.1160936449884692,2.8746424200991235e-09,COLEC12;DDX39A,up in tumor,2
gs_ind_0,RHO GTPases Activate KTN1 R-HSA-5625970,1/10,0.5809323105717996,0.9999999999999991,1.7377862977639804,0.94382829083857,KIF5A,up in tumor,1
gs_ind_0,RHO GTPases Activate IQGAPs R-HSA-5626467,1/11,0.6158482926650748,0.9999999999999991,1.5722051799790315,0.7621337307476526,IQGAP3,up in tumor,1
gs_ind_0,RHO GTPases Activate CIT R-HSA-5625900,2/19,0.47763982379420106,0.9999999999999991,1.5725164147791288,1.1619297641412656,PRC1;KIF14,up in tumor,2
gs_ind_0,RHO GTPase Cycle R-HSA-9012999,30/426,0.8559665604762473,0.9999999999999991,0.8437320757121917,0.13122056073820249,DEPDC1B;ARHGAP11B;ARHGAP22;LRRC1;RHPN1;IQGAP3;RACGAP1;CCDC187;MPZ;PLXNA1;PKN3;MCAM;ARHGAP33;DOCK3;ECT2;ANLN;SCRIB;ARHGAP11A;MUC13;FGD1;ARHGEF39;DBN1;SEMA4F;ARHGAP39;DLG5;BAIAP2L2;RASGRF2;ARHGEF11;DIAPH3;KIF14,up in tumor,30
gs_ind_0,RET Signaling R-HSA-8853659,2/37,0.8255098665278887,0.9999999999999991,0.7744946699506257,0.14851250012939254,PIGU;ARTN,up in tumor,2
gs_ind_0,RAS Signaling Downstream Of NF1 Loss-Of-Function Variants R-HSA-6802953,1/6,0.4065393264449239,0.9999999999999991,3.0022239244854085,2.7022255299204825,SPRED3,up in tumor,1
gs_ind_0,RAF/MAP Kinase Cascade R-HSA-5673001,16/244,0.8716157898111769,0.9999999999999991,0.7926088679911705,0.10890965812207701,DUSP9;RASGRF2;FGF13;NRG2;ACTN2;MPP3;SPRED3;MAPK12;PDGFA;PEA15;ARTN;VWF;EGF;GPRIN1;PDGFRB;IL3RA,up in tumor,16
gs_ind_0,RAF-independent MAPK1/3 Activation R-HSA-112409,3/23,0.2992349061101351,0.9999999999999991,1.8800929152148664,2.2683816894318074,CDK1;PEA15;DUSP9,up in tumor,3
gs_ind_0,RAC3 GTPase Cycle R-HSA-9013423,5/89,0.8729513935260098,0.9999999999999991,0.7152671103596234,0.09718720630875298,ARHGAP39;DEPDC1B;RACGAP1;MCAM;DIAPH3,up in tumor,5
gs_ind_0,RAC2 GTPase Cycle R-HSA-9013404,6/85,0.7210385710110125,0.9999999999999991,0.8991927949795242,0.29409237531185906,ARHGAP39;DEPDC1B;RACGAP1;MCAM;DOCK3;DIAPH3,up in tumor,6
gs_ind_0,RAC1 GTPase Cycle R-HSA-9013149,14/172,0.5760019619613795,0.9999999999999991,1.0065595798276512,0.5552627663548876,ECT2;ARHGAP39;RASGRF2;IQGAP3;ARHGEF11;DEPDC1B;RACGAP1;MPZ;ARHGAP22;MCAM;ARHGAP33;DOCK3;ARHGEF39;DIAPH3,up in tumor,14
gs_ind_0,RAB Geranylgeranylation R-HSA-8873719,4/61,0.758662934244931,0.9999999999999991,0.8606991086542217,0.23772310742729488,CHML;RAB6B;RAB3B;MPZ,up in tumor,4
gs_ind_0,RAB GEFs Exchange GTP For GDP On RABs R-HSA-8876198,3/88,0.9808829694313937,0.9999999999999991,0.4493344472291841,0.008673109105087095,RAB6B;CHML;MPZ,up in tumor,3
gs_ind_0,RA Biosynthesis Pathway R-HSA-5365859,1/19,0.8084919101800757,0.9999999999999991,0.8919800474570793,0.1896212269276515,AKR1C3,up in tumor,1
gs_ind_0,RHOU GTPase Cycle R-HSA-9013420,2/38,0.836726818008118,0.9999999999999991,0.7532383829879182,0.1342704995783357,DLG5;DEPDC1B,up in tumor,2
gs_ind_0,RHOQ GTPase Cycle R-HSA-9013406,5/58,0.5359813715181176,0.9999999999999991,1.1314572158137663,0.7056399378553018,SCRIB;IQGAP3;DEPDC1B;ARHGAP33;DIAPH3,up in tumor,5
gs_ind_0,RHOJ GTPase Cycle R-HSA-9013409,4/53,0.6539466980419961,0.9999999999999991,1.0001980050986312,0.42481353090433727,IQGAP3;DIAPH3;DEPDC1B;SCRIB,up in tumor,4
gs_ind_0,RHOH GTPase Cycle R-HSA-9013407,1/34,0.9481156182788939,0.9999999999999991,0.4922208744264543,0.026224949314978794,DBN1,up in tumor,1
gs_ind_0,RHOG GTPase Cycle R-HSA-9013408,5/72,0.72649426310442,0.9999999999999991,0.8961631203527145,0.2863462455721684,ARHGAP39;DEPDC1B;MCAM;DOCK3;DIAPH3,up in tumor,5
gs_ind_0,RHOBTB3 ATPase Cycle R-HSA-9706019,1/10,0.5809323105717996,0.9999999999999991,1.7377862977639804,0.94382829083857,CCNE1,up in tumor,1
gs_ind_0,RHOBTB2 GTPase Cycle R-HSA-9013418,1/23,0.8647969852806419,0.9999999999999991,0.7332608498686237,0.10651383672464748,DBN1,up in tumor,1
gs_ind_0,RHOBTB1 GTPase Cycle R-HSA-9013422,1/23,0.8647969852806419,0.9999999999999991,0.7332608498686237,0.10651383672464748,DBN1,up in tumor,1
gs_ind_0,RHOBTB GTPase Cycle R-HSA-9706574,1/35,0.9524432366998747,0.9999999999999991,0.4779299667915431,0.023287026643653782,DBN1,up in tumor,1
gs_ind_0,RHO GTPases Activate Rhotekin And Rhophilins R-HSA-5666185,1/7,0.45597647056577423,0.9999999999999991,2.5402178685679635,1.994868834158143,RHPN1,up in tumor,1
gs_ind_0,CaMK IV-mediated Phosphorylation Of CREB R-HSA-111932,1/10,0.5809323105717996,0.9999999999999991,1.7377862977639804,0.94382829083857,KPNA2,up in tumor,1
gs_ind_0,CaM Pathway R-HSA-111997,3/30,0.4613903120725625,0.9999999999999991,1.401038961038961,1.083718950099737,KPNA2;PDE1C;ADCY6,up in tumor,3
gs_ind_0,Ca2+ Pathway R-HSA-4086398,3/56,0.8560141708110565,0.9999999999999991,0.7192345349354695,0.11181820518070074,GNG4;PDE6A;LEF1,up in tumor,3
gs_ind_0,Ca-dependent Events R-HSA-111996,3/32,0.5050142131697991,0.9999999999999991,1.3059241323648103,0.8921664986129625,KPNA2;PDE1C;ADCY6,up in tumor,3
gs_ind_0,CRMPs In Sema3A Signaling R-HSA-399956,1/15,0.728756555011342,0.9999999999999991,1.138268457508131,0.36016583603262753,PLXNA1,up in tumor,1
gs_ind_0,CREB1 Phosphorylation Thru Activation Of CaMKII/CaMKK/CaMKIV Cascasde R-HSA-442729,1/8,0.5012973966380778,0.9999999999999991,2.2014134275618376,1.5201986960119265,KPNA2,up in tumor,1
gs_ind_0,COPII-mediated Vesicle Transport R-HSA-204005,1/64,0.9962022540161367,0.9999999999999991,0.2592903326605783,0.0009865934231714302,COL7A1,up in tumor,1
gs_ind_0,COPI-mediated Anterograde Transport R-HSA-6807878,1/79,0.9989739594838541,0.9999999999999991,0.20958859285703155,0.00021515678666891435,DYNC1I1,up in tumor,1
gs_ind_0,COPI-independent Golgi-to-ER Retrograde Traffic R-HSA-6811436,4/34,0.31322321188132224,0.9999999999999991,1.6247985967605878,1.8861299123273219,BICD1;RAB6B;DYNC1I1;PAFAH1B3,up in tumor,4
gs_ind_0,CHL1 Interactions R-HSA-447041,1/8,0.5012973966380778,0.9999999999999991,2.2014134275618376,1.5201986960119265,ITGA2,up in tumor,1
gs_ind_0,CDK-mediated Phosphorylation And Removal Of Cdc6 R-HSA-69017,6/69,0.5183742760645921,0.9999999999999991,1.1266538330296612,0.7402766404056497,CCNA2;UBE2C;UBE2S;CCNE1;CCNE2;CDC6,up in tumor,6
gs_ind_0,ROS And RNS Production In Phagocytes R-HSA-1222556,2/29,0.7082460426336707,0.9999999999999991,1.0001977897001013,0.3450319580868597,NANOS1;ATP6V0D2,up in tumor,2
gs_ind_0,RORA Activates Gene Expression R-HSA-1368082,1/18,0.791078642475556,0.9999999999999991,0.9429969323962257,0.2209987756615743,LIN9,up in tumor,1
gs_ind_0,RNA Polymerase II Transcription Termination R-HSA-73856,2/64,0.974052654340056,0.9999999999999991,0.4393255371226543,0.01154983186449506,COLEC12;DDX39A,up in tumor,2
gs_ind_0,RNA Polymerase II Transcription R-HSA-73857,79/1230,0.9956351234967666,0.9999999999999991,0.7487442177938931,0.0032753294590304625,CDKN2A;LEF1;CTSV;FBXO32;H2BC9;NOTCH3;CCNE1;FANCD2;RBL1;CDK1;ZNF300;DDX39A;ZNF730;H2BC17;ZNF775;PRKAA2;EZH2;ZNF605;ZNF681;CCNE2;CDC25C;ZNF607;ZNF492;NR2C2AP;CHEK1;EXO1;EHMT2;BLM;DAND5;H2BC15;MPZ;RMI2;COLEC12;ZNF692;MSH2;CCNB1;ZNF696;ARTN;E2F1;TPX2;ATAD2;AURKB;ZNF517;CHGA;CBX2;CBX8;AURKA;ZNF71;RRM2;ZNF716;ZNF99;UBE2C;NKX3-2;RFC4;E2F7;DLX5;MYBL2;H2BC11;CCNA2;HEY1;GAD1;BIRC5;ARID3A;E2F8;PRDM7;HDAC11;NELFE;GPRIN1;ZNF724;TP53I3;TP73;CDC7;FANCI;IRAK1;RAD51;CDKN2B;BRIP1;UBE2S;H2AX,up in tumor,79
gs_ind_0,RNA Polymerase II Transcribes snRNA Genes R-HSA-6807505,1/72,0.9981100506266449,0.9999999999999991,0.2301875889807393,0.0004354545127796485,DAND5,up in tumor,1
gs_ind_0,RNA Polymerase II Pre-transcription Events R-HSA-674695,1/76,0.9986668802701858,0.9999999999999991,0.21794901796305863,0.00029074597862882524,NELFE,up in tumor,1
gs_ind_0,RNA Polymerase I Transcription R-HSA-73864,6/65,0.4593078621724339,0.9999999999999991,1.202633465487585,0.9356904112711951,H2BC15;H2BC17;H2BC9;EHMT2;H2BC11;H2AX,up in tumor,6
gs_ind_0,RNA Polymerase I Transcription Initiation R-HSA-73762,1/46,0.9817599475831408,0.9999999999999991,0.3621893192428664,0.006667345087208834,EHMT2,up in tumor,1
gs_ind_0,RNA Polymerase I Promoter Escape R-HSA-73772,5/45,0.31961915397577506,0.9999999999999991,1.4956028397415848,1.705922192179605,H2BC15;H2BC17;H2BC9;H2BC11;H2AX,up in tumor,5
gs_ind_0,RNA Polymerase I Promoter Clearance R-HSA-73854,6/64,0.44423893936087683,0.9999999999999991,1.2232518700221071,0.992537649325739,H2BC15;H2BC17;H2BC9;EHMT2;H2BC11;H2AX,up in tumor,6
gs_ind_0,RMTs Methylate Histone Arginines R-HSA-3214858,1/37,0.9600461899642218,0.9999999999999991,0.4516973418178704,0.018417453722767943,H2AX,up in tumor,1
gs_ind_0,RHOV GTPase Cycle R-HSA-9013424,2/36,0.8136039621847982,0.9999999999999991,0.7969832054329105,0.16440294235160446,DLG5;DEPDC1B,up in tumor,2
gs_ind_0,Recycling Pathway Of L1 R-HSA-437239,2/26,0.6496178443549958,0.9999999999999991,1.1228374950741786,0.48435955639061923,DNM3;KIF4A,up in tumor,2
gs_ind_0,Recycling Of Bile Acids And Salts R-HSA-159418,2/17,0.41981276654469085,0.9999999999999991,1.7755972172265257,1.541123320927068,FABP6;SLC51B,up in tumor,2
gs_ind_0,Recruitment Of NuMA To Mitotic Centrosomes R-HSA-380320,5/80,0.8064756882280479,0.9999999999999991,0.8008879331650794,0.17225619934853315,CEP131;PLK4;PLK1;NEK2;CDK1,up in tumor,5
gs_ind_0,Recognition Of DNA Damage By PCNA-containing Replication Complex R-HSA-110314,3/30,0.4613903120725625,0.9999999999999991,1.401038961038961,1.083718950099737,DTL;POLD1;RFC4,up in tumor,3
gs_ind_0,Reactions Specific To Complex N-glycan Synthesis Pathway R-HSA-975578,1/9,0.5428446569018622,0.9999999999999991,1.9423276785571526,1.186630294590514,CHGA,up in tumor,1
gs_ind_0,Rab Regulation Of Trafficking R-HSA-9007101,4/119,0.9913065595777802,0.9999999999999991,0.4272561089876636,0.0037305648478974792,TBC1D16;RAB6B;CHML;MPZ,up in tumor,4
gs_ind_0,RUNX3 Regulates p14-ARF R-HSA-8951936,1/10,0.5809323105717996,0.9999999999999991,1.7377862977639804,0.94382829083857,CDKN2A,up in tumor,1
gs_ind_0,RUNX3 Regulates WNT Signaling R-HSA-8951430,1/8,0.5012973966380778,0.9999999999999991,2.2014134275618376,1.5201986960119265,LEF1,up in tumor,1
gs_ind_0,RUNX2 Regulates Osteoblast Differentiation R-HSA-8940973,1/21,0.839087297651768,0.9999999999999991,0.8048780487804879,0.14120823008158465,HEY1,up in tumor,1
gs_ind_0,RUNX2 Regulates Bone Development R-HSA-8941326,1/28,0.9125126678546813,0.9999999999999991,0.5997924337146952,0.054912983244147735,HEY1,up in tumor,1
gs_ind_0,RUNX1 Regulates Transcription Of Genes Involved In Differentiation Of Keratinocytes R-HSA-8939242,1/7,0.45597647056577423,0.9999999999999991,2.5402178685679635,1.994868834158143,CTSV,up in tumor,1
gs_ind_0,RUNX1 Regulates Transcription Of Genes Involved In Differentiation Of HSCs R-HSA-8939236,6/80,0.6646881558482929,0.9999999999999991,0.9597791033527779,0.39200957298362954,H2BC15;H2BC17;H2BC9;TP73;H2BC11;H2AX,up in tumor,6
gs_ind_0,RUNX1 Regulates Genes Involved In Megakaryocyte Differentiation And Platelet Function R-HSA-8936459,5/51,0.42141272478866304,0.9999999999999991,1.3022351883258203,1.1253168774992974,H2BC15;H2BC17;H2BC9;H2BC11;H2AX,up in tumor,5
gs_ind_0,RUNX1 Interacts With Co-Factors Whose Precise Effect On RUNX1 Targets Is Not Known R-HSA-8939243,2/34,0.7875950248130715,0.9999999999999991,0.8461120060249786,0.20202722058472466,CBX2;CBX8,up in tumor,2
gs_ind_0,Regulation Of Ornithine Decarboxylase (ODC) R-HSA-350562,2/48,0.9177059358214343,0.9999999999999991,0.590959202950044,0.05075055459737124,OAZ3;NQO1,up in tumor,2
gs_ind_0,Regulation Of NF-kappa B Signaling R-HSA-9758274,1/18,0.791078642475556,0.9999999999999991,0.9429969323962257,0.2209987756615743,LRRC14,up in tumor,1
gs_ind_0,Regulation Of MECP2 Expression And Activity R-HSA-9022692,1/30,0.9264951220439627,0.9999999999999991,0.5590732559050221,0.04268328532497639,AURKB,up in tumor,1
gs_ind_0,Regulation Of Lipid Metabolism By PPARalpha R-HSA-400206,3/116,0.9972765130327929,0.9999999999999991,0.3380155233899727,0.000921836748429896,DAND5;LIN9;PKMYT1,up in tumor,3
gs_ind_0,Regulation Of IGF Transport And Uptake By IGFBPs R-HSA-381426,8/113,0.7337621639242085,0.9999999999999991,0.8859041916941996,0.2742496531722935,SCG2;STC2;TMEM132A;SPARCL1;MATN3;GPC3;LAMC1;MMP1,up in tumor,8
gs_ind_0,Regulation Of HMOX1 Expression And Activity R-HSA-9707587,1/5,0.3526123355149352,0.9999999999999991,3.669566005255051,3.8251043223768133,BRIP1,up in tumor,1
gs_ind_0,"Regulation Of Glycolysis By Fructose 2,6-Bisphosphate Metabolism R-HSA-9634600",1/11,0.6158482926650748,0.9999999999999991,1.5722051799790315,0.7621337307476526,PFKFB4,up in tumor,1
gs_ind_0,Regulation Of Gene Expression In Beta Cells R-HSA-210745,2/16,0.3896868923596385,0.9999999999999991,1.898145977324093,1.788834981913919,MAFA;PAX6,up in tumor,2
gs_ind_0,Regulation Of FZD By Ubiquitination R-HSA-4641263,1/19,0.8084919101800757,0.9999999999999991,0.8919800474570793,0.1896212269276515,WNT3A,up in tumor,1
gs_ind_0,Regulation Of Expression Of SLITs And ROBOs R-HSA-9010553,2/163,0.9999894564514471,0.9999999999999991,0.16918405854820065,1.7838097395383348e-06,ROBO1;LHX4,up in tumor,2
gs_ind_0,Regulation Of Cholesterol Biosynthesis By SREBP (SREBF) R-HSA-1655829,4/55,0.6827037097711097,0.9999999999999991,0.9612602063338083,0.3669075613792565,SQLE;DAND5;LIN9;PKMYT1,up in tumor,4
gs_ind_0,Regulation Of Beta-Cell Development R-HSA-186712,2/31,0.7425996695796196,0.9999999999999991,0.9322955799449625,0.2774494698553401,MAFA;PAX6,up in tumor,2
gs_ind_0,Regulation Of BACH1 Activity R-HSA-9708530,1/11,0.6158482926650748,0.9999999999999991,1.5722051799790315,0.7621337307476526,BRIP1,up in tumor,1
gs_ind_0,Repression Of WNT Target Genes R-HSA-4641265,1/14,0.7040980600123732,0.9999999999999991,1.2226450424330284,0.42894990458726534,LEF1,up in tumor,1
gs_ind_0,Removal Of Flap Intermediate From C-strand R-HSA-174437,2/17,0.41981276654469085,0.9999999999999991,1.7755972172265257,1.541123320927068,POLD1;FEN1,up in tumor,2
gs_ind_0,Regulation Of mRNA Stability By Proteins That Bind AU-rich Elements R-HSA-450531,1/86,0.9994430827172406,0.9999999999999991,0.19236253177112392,0.00010715986085843012,HSPB1,up in tumor,1
gs_ind_0,Regulation Of TP53 Expression And Degradation R-HSA-6806003,3/36,0.5863112982383067,0.9999999999999991,1.1497654584221748,0.6138648427303114,CDK1;CCNA2;CDKN2A,up in tumor,3
gs_ind_0,Regulation Of TP53 Degradation R-HSA-6804757,3/35,0.5667991667971974,0.9999999999999991,1.1852014652014653,0.6728984177134733,CDK1;CCNA2;CDKN2A,up in tumor,3
gs_ind_0,Regulation Of TP53 Activity Thru Methylation R-HSA-6804760,1/19,0.8084919101800757,0.9999999999999991,0.8919800474570793,0.1896212269276515,EHMT2,up in tumor,1
gs_ind_0,Regulation Of TP53 Activity Thru Association With Co-factors R-HSA-6804759,1/12,0.647856585990088,0.9999999999999991,1.4354207783305954,0.6230959563844467,TP73,up in tumor,1
gs_ind_0,Regulation Of Signaling By NODAL R-HSA-1433617,1/8,0.5012973966380778,0.9999999999999991,2.2014134275618376,1.5201986960119265,DAND5,up in tumor,1
gs_ind_0,Regulation Of RUNX3 Expression And Activity R-HSA-8941858,1/54,0.9909174266254173,0.9999999999999991,0.30790823390143096,0.002809376713186791,CDKN2A,up in tumor,1
gs_ind_0,Regulation Of RUNX2 Expression And Activity R-HSA-8939902,2/69,0.982101557312337,0.9999999999999991,0.40668217850703575,0.007344906715980831,NKX3-2;DLX5,up in tumor,2
gs_ind_0,Regulation Of RAS By GAPs R-HSA-5658442,1/63,0.9958561665211979,0.9999999999999991,0.2634520250067953,0.0010939695036719982,SPRED3,up in tumor,1
gs_ind_0,Regulation Of PTEN Gene Transcription R-HSA-8943724,3/59,0.8791895001833623,0.9999999999999991,0.6809439528023599,0.0876748150045106,EZH2;CBX2;CBX8,up in tumor,3
gs_ind_0,Regulation Of PLK1 Activity At G2/M Transition R-HSA-2565942,8/87,0.4393775172233821,0.9999999999999991,1.1771508490137026,0.9680844878603001,CEP131;CCNB1;PLK4;CCNB2;PLK1;AURKA;NEK2;CDK1,up in tumor,8
gs_ind_0,CDC42 GTPase Cycle R-HSA-9013148,13/143,0.4130393781890379,0.9999999999999991,1.1391763762441625,1.0072738137106378,ECT2;ARHGAP39;RASGRF2;SCRIB;IQGAP3;ARHGEF11;DEPDC1B;RACGAP1;ARHGAP11B;ARHGAP22;FGD1;ARHGAP33;DIAPH3,up in tumor,13
gs_ind_0,C-type Lectin Receptors (CLRs) R-HSA-5621481,1/123,0.9999780399302547,0.9999999999999991,0.13401489978976097,2.9430088607518307e-06,MUC13,up in tumor,1
gs_ind_0,Branched-chain Amino Acid Catabolism R-HSA-70895,2/21,0.5317992271399721,0.9999999999999991,1.411093212833762,0.8910901995419729,BCAT1;BCAT2,up in tumor,2
gs_ind_0,Biological Oxidations R-HSA-211859,7/199,0.9980605169898091,0.9999999999999991,0.42631897690528725,0.0008276412704104617,UGT1A10;CYP19A1;UGT2B11;CYP27B1;CYP2W1;SLC26A2;CBR3,up in tumor,7
gs_ind_0,Binding Of TCF/LEF:CTNNB1 To Target Gene Promoters R-HSA-4411364,1/8,0.5012973966380778,0.9999999999999991,2.2014134275618376,1.5201986960119265,LEF1,up in tumor,1
gs_ind_0,Binding And Uptake Of Ligands By Scavenger Receptors R-HSA-2173782,3/40,0.6585258584496959,0.9999999999999991,1.026920634920635,0.4289976251993753,COLEC12;COL4A1;COL4A2,up in tumor,3
gs_ind_0,Bile Acid And Bile Salt Metabolism R-HSA-194068,4/44,0.5045771995042019,0.9999999999999991,1.2230087424751188,0.8365800869225124,FABP6;AKR1C3;OSBPL3;SLC51B,up in tumor,4
gs_ind_0,Beta-catenin Independent WNT Signaling R-HSA-3858494,4/133,0.9965291706393091,0.9999999999999991,0.3808013606543419,0.001323995555929595,GNG4;SCRIB;PDE6A;LEF1,up in tumor,4
gs_ind_0,Beta Defensins R-HSA-1461957,1/5,0.3526123355149352,0.9999999999999991,3.669566005255051,3.8251043223768133,DEFB132,up in tumor,1
gs_ind_0,"BMAL1:CLOCK,NPAS2 Activates Circadian Gene Expression R-HSA-1368108",1/25,0.8864008022311243,0.9999999999999991,0.6733362548607374,0.081194964645368,LIN9,up in tumor,1
gs_ind_0,BBSome-mediated Cargo-Targeting To Cilium R-HSA-5620922,1/23,0.8647969852806419,0.9999999999999991,0.7332608498686237,0.10651383672464748,CCT3,up in tumor,1
gs_ind_0,B-WICH Complex Positively Regulates rRNA Expression R-HSA-5250924,5/44,0.3028197589233267,0.9999999999999991,1.5335420624877159,1.8319961932802806,H2BC15;H2BC17;H2BC9;H2BC11;H2AX,up in tumor,5
gs_ind_0,Role Of GTSE1 In G2/M Progression After G2 Checkpoint R-HSA-8852276,5/57,0.5201891617652027,0.9999999999999991,1.153065857233659,0.753600905188317,GTSE1;CCNB1;CCNB2;PLK1;CDK1,up in tumor,5
gs_ind_0,Role Of ABL In ROBO-SLIT Signaling R-HSA-428890,1/8,0.5012973966380778,0.9999999999999991,2.2014134275618376,1.5201986960119265,ROBO1,up in tumor,1
gs_ind_0,Retrograde Transport At Trans-Golgi-Network R-HSA-6811440,2/47,0.9117382659538333,0.9999999999999991,0.6039772031069284,0.05580889430059896,AKR1B10;RAB6B,up in tumor,2
gs_ind_0,Retrograde Neurotrophin Signaling R-HSA-177504,1/13,0.6771992126442967,0.9999999999999991,1.3205218809459092,0.5147259484962772,DNM3,up in tumor,1
gs_ind_0,Response To Elevated Platelet Cytosolic Ca2+ R-HSA-76005,5/125,0.9816841907143768,0.9999999999999991,0.5006821436604721,0.009255420049740462,ACTN2;CD109;PDGFA;VWF;EGF,up in tumor,5
gs_ind_0,Resolution Of Abasic Sites (AP Sites) R-HSA-73933,3/38,0.6236047398837621,0.9999999999999991,1.0848826291079812,0.5123233899126374,POLD1;FEN1;RFC4,up in tumor,3
gs_ind_0,Resolution Of AP Sites Via Multiple-Nucleotide Patch Replacement Pathway R-HSA-110373,3/25,0.34633091429203355,0.9999999999999991,1.7128042328042328,1.816190057685157,POLD1;FEN1;RFC4,up in tumor,3
gs_ind_0,SHC1 Events In ERBB4 Signaling R-HSA-1250347,1/12,0.647856585990088,0.9999999999999991,1.4354207783305954,0.6230959563844467,NRG2,up in tumor,1
gs_ind_0,SHC1 Events In ERBB2 Signaling R-HSA-1250196,2/20,0.5052020882047851,0.9999999999999991,1.4874420245646789,1.0156205877607762,NRG2;EGF,up in tumor,2
gs_ind_0,SHC1 Events In EGFR Signaling R-HSA-180336,1/12,0.647856585990088,0.9999999999999991,1.4354207783305954,0.6230959563844467,EGF,up in tumor,1
gs_ind_0,SHC-mediated cascade:FGFR4 R-HSA-5654719,1/12,0.647856585990088,0.9999999999999991,1.4354207783305954,0.6230959563844467,FGF13,up in tumor,1
gs_ind_0,SHC-mediated cascade:FGFR3 R-HSA-5654704,1/10,0.5809323105717996,0.9999999999999991,1.7377862977639804,0.94382829083857,FGF13,up in tumor,1
gs_ind_0,SHC-mediated cascade:FGFR2 R-HSA-5654699,1/13,0.6771992126442967,0.9999999999999991,1.3205218809459092,0.5147259484962772,FGF13,up in tumor,1
gs_ind_0,SHC-mediated cascade:FGFR1 R-HSA-5654688,1/12,0.647856585990088,0.9999999999999991,1.4354207783305954,0.6230959563844467,FGF13,up in tumor,1
gs_ind_0,SEMA3A-Plexin Repulsion Signaling By Inhibiting Integrin Adhesion R-HSA-399955,1/14,0.7040980600123732,0.9999999999999991,1.2226450424330284,0.42894990458726534,PLXNA1,up in tumor,1
gs_ind_0,SCF-beta-TrCP Mediated Degradation Of Emi1 R-HSA-174113,1/52,0.9891875534835124,0.9999999999999991,0.31989750275111695,0.0034777099815757233,CDC20,up in tumor,1
gs_ind_0,SCF(Skp2)-mediated Degradation Of P27/P21 R-HSA-187577,3/58,0.8718604587420241,0.9999999999999991,0.6932475332475333,0.09506218655141935,CCNE2;CCNA2;CCNE1,up in tumor,3
gs_ind_0,SARS-CoV-2-host Interactions R-HSA-9705683,3/178,0.9999734185532523,0.9999999999999991,0.21792972459639126,5.792964362132189e-06,KPNA2;VPS45;IRAK1,up in tumor,3
gs_ind_0,SARS-CoV-2 Modulates Autophagy R-HSA-9754560,1/11,0.6158482926650748,0.9999999999999991,1.5722051799790315,0.7621337307476526,VPS45,up in tumor,1
gs_ind_0,SARS-CoV-2 Infection R-HSA-9694516,6/264,0.9999921632462212,0.9999999999999991,0.2740874059570672,2.1479639308988767e-06,KPNA2;HAVCR1;VPS45;IRAK1;GPC2;GPC3,up in tumor,6
gs_ind_0,SARS-CoV-2 Activates/Modulates Innate And Adaptive Immune Responses R-HSA-9705671,2/105,0.9988783351742638,0.9999999999999991,0.2647545323521722,0.0002971325191114391,KPNA2;IRAK1,up in tumor,2
gs_ind_0,SARS-CoV Infections R-HSA-9679506,7/342,0.9999998462137135,0.9999999999999991,0.24286574137481878,3.7349423351913984e-08,KPNA2;ATP1A2;HAVCR1;VPS45;IRAK1;GPC3;GPC2,up in tumor,7
gs_ind_0,Sealing Of Nuclear Envelope (NE) By ESCRT-III R-HSA-9668328,1/27,0.9045541623349609,0.9999999999999991,0.622456881740834,0.06244057629419185,TUBA3C,up in tumor,1
gs_ind_0,SUMOylation R-HSA-2990846,11/169,0.8415839084962634,0.9999999999999991,0.7969968178373537,0.1374576883532748,BLM;CDKN2A;CBX2;CDCA8;CBX8;AURKA;NSMCE2;AURKB;TOP2A;BIRC5;INCENP,up in tumor,11
gs_ind_0,SUMOylation Of Transcription Factors R-HSA-3232118,1/17,0.7720829762283368,0.9999999999999991,1.0001976821764809,0.2587143856868406,CDKN2A,up in tumor,1
gs_ind_0,SUMOylation Of Transcription Cofactors R-HSA-3899300,2/42,0.8753379467202286,0.9999999999999991,0.6787101669705241,0.09036702967824593,CBX2;CBX8,up in tumor,2
gs_ind_0,SUMOylation Of RNA Binding Proteins R-HSA-4570464,2/46,0.9053663587582128,0.9999999999999991,0.6175802819225492,0.06139711482564502,CBX2;CBX8,up in tumor,2
gs_ind_0,SUMOylation Of DNA Methylation Proteins R-HSA-4655427,2/15,0.35887913002680827,0.9999999999999991,2.0388501092879663,2.089351676905928,CBX2;CBX8,up in tumor,2
gs_ind_0,SUMOylation Of DNA Damage Response And Repair Proteins R-HSA-3108214,5/75,0.758958775279055,0.9999999999999991,0.8579010106044886,0.2366158054361676,BLM;CDKN2A;CBX2;CBX8;NSMCE2,up in tumor,5
gs_ind_0,SUMOylation Of Chromatin Organization Proteins R-HSA-4551638,2/55,0.949971669343269,0.9999999999999991,0.5134595197730779,0.026352342790450192,CBX2;CBX8,up in tumor,2
gs_ind_0,SUMO E3 Ligases SUMOylate Target Proteins R-HSA-3108232,11/163,0.806900826340458,0.9999999999999991,0.828601382622682,0.17778016366328792,BLM;CDKN2A;CBX2;CDCA8;CBX8;AURKA;NSMCE2;AURKB;TOP2A;BIRC5;INCENP,up in tumor,11
gs_ind_0,STAT5 Activation Downstream Of FLT3 ITD Mutants R-HSA-9702518,1/10,0.5809323105717996,0.9999999999999991,1.7377862977639804,0.94382829083857,NOX4,up in tumor,1
gs_ind_0,SMAD2/SMAD3:SMAD4 Heterotrimer Regulates Transcription R-HSA-2173796,3/35,0.5667991667971974,0.9999999999999991,1.1852014652014653,0.6728984177134733,CDKN2B;DAND5;RBL1,up in tumor,3
gs_ind_0,SLC-mediated Transmembrane Transport R-HSA-425407,16/218,0.7371230492530383,0.9999999999999991,0.8955370827116511,0.2731392052406133,SLC22A12;SLC5A4;SLC6A7;SLC5A11;SLC7A11;SLC6A11;SLCO1C1;SLC22A15;SLC12A5;SLC7A6;SLC30A3;SLC6A9;SLC26A2;SLC26A6;SLC39A10;SLC34A3,up in tumor,16
gs_ind_0,SLC Transporter Disorders R-HSA-5619102,4/89,0.9452212440782869,0.9999999999999991,0.5780302921747603,0.0325640637715458,SLC22A12;AVPR2;SLC34A3;SLC26A2,up in tumor,4
gs_ind_0,Azathioprine ADME R-HSA-9748787,1/21,0.839087297651768,0.9999999999999991,0.8048780487804879,0.14120823008158465,ABCC5,up in tumor,1
gs_ind_0,Axonal Growth Inhibition (RHOA Activation) R-HSA-193634,1/7,0.45597647056577423,0.9999999999999991,2.5402178685679635,1.994868834158143,LINGO1,up in tumor,1
gs_ind_0,Axon Guidance R-HSA-422475,35/491,0.8552135466277915,0.9999999999999991,0.8527512532443917,0.133373774459073,ENAH;DCC;EPHA10;CACNB4;DNM3;RGMA;LHX4;COL4A2;GAP43;PLXNA1;EFNA3;TREM2;DCX;GPRIN1;ITGA2;SCN4B;PLXNC1;KIF4A;ARTN;EFNA4;LAMC1;SCN4A;SEMA7A;ARHGAP39;KCNQ3;COL9A1;ROBO1;UNC5A;MPP3;TRPC6;ARHGEF11;NRCAM;MAPK12;COL4A1;PIGU,up in tumor,35
gs_ind_0,Autophagy R-HSA-9612973,2/125,0.9997709211648735,0.9999999999999991,0.22165909323632296,5.078322377674318e-05,PRKAA2;DYNC1I1,up in tumor,2
gs_ind_0,Autodegradation Of Cdh1 By Cdh1:APC/C R-HSA-174084,2/63,0.97206688478275,0.9999999999999991,0.44649115242852183,0.012649391436464581,UBE2S;UBE2C,up in tumor,2
gs_ind_0,Asymmetric Localization Of PCP Proteins R-HSA-4608870,1/60,0.9946170460748763,0.9999999999999991,0.27677643495560766,0.001493899209266973,SCRIB,up in tumor,1
gs_ind_0,Association Of TriC/CCT With Target Proteins During Biosynthesis R-HSA-390471,4/36,0.352165720944995,0.9999999999999991,1.5246602023079017,1.591216828432051,CCT3;CCNE1;FBXW10;CCNE2,up in tumor,4
gs_ind_0,Assembly Of Active LPL And LIPC Lipase Complexes R-HSA-8963889,1/19,0.8084919101800757,0.9999999999999991,0.8919800474570793,0.1896212269276515,LPL,up in tumor,1
gs_ind_0,Assembly And Cell Surface Presentation Of NMDA Receptors R-HSA-9609736,3/24,0.32278164930533304,0.9999999999999991,1.7925581395348837,2.0269874458888655,ACTN2;MPP3;GPRIN1,up in tumor,3
gs_ind_0,Aspirin ADME R-HSA-9749641,1/39,0.9664342045152667,0.9999999999999991,0.42819018437392997,0.014619294402305744,UGT2B11,up in tumor,1
gs_ind_0,Asparagine N-linked Glycosylation R-HSA-446203,4/274,0.9999998850275852,0.9999999999999991,0.1810287691617856,2.0813315937243832e-08,CHGA;B4GALNT2;COL7A1;DYNC1I1,up in tumor,4
gs_ind_0,Arachidonic Acid Metabolism R-HSA-2142753,1/55,0.9916756813899015,0.9999999999999991,0.3022435793531848,0.002526502207455737,AKR1C3,up in tumor,1
gs_ind_0,Serotonin Neurotransmitter Release Cycle R-HSA-181429,2/17,0.41981276654469085,0.9999999999999991,1.7755972172265257,1.541123320927068,STX1A;SYN3,up in tumor,2
gs_ind_0,Serine Biosynthesis R-HSA-977347,1/8,0.5012973966380778,0.9999999999999991,2.2014134275618376,1.5201986960119265,PSPH,up in tumor,1
gs_ind_0,Sensory Processing Of Sound R-HSA-9659379,4/66,0.8105198169753993,0.9999999999999991,0.7916471549142391,0.1663088288198337,WHRN;CLIC5;CABP1;STX1A,up in tumor,4
gs_ind_0,Sensory Processing Of Sound By Outer Hair Cells Of Cochlea R-HSA-9662361,2/45,0.8985660753823476,0.9999999999999991,0.631808789649233,0.06757513171874514,WHRN;CLIC5,up in tumor,2
gs_ind_0,Sensory Processing Of Sound By Inner Hair Cells Of Cochlea R-HSA-9662360,4/60,0.7470680757389689,0.9999999999999991,0.8759760895701472,0.2554337218025114,WHRN;CLIC5;CABP1;STX1A,up in tumor,4
gs_ind_0,Sensory Perception Of Taste R-HSA-9717189,1/20,0.8244545323893016,0.9999999999999991,0.8461956635373324,0.16334392799155045,SCN4B,up in tumor,1
gs_ind_0,"Sensory Perception Of Sweet, Bitter, And Umami (Glutamate) Taste R-HSA-9717207",1/16,0.7513611991881223,0.9999999999999991,1.0647791738638654,0.30438712893916414,SCN4B,up in tumor,1
gs_ind_0,Semaphorin Interactions R-HSA-373755,5/63,0.6110146018504665,0.9999999999999991,1.0344953632886076,0.5096280251627732,SEMA7A;ARHGEF11;PLXNA1;PLXNC1;TREM2,up in tumor,5
gs_ind_0,Sema4D Induced Cell Migration And Growth-Cone Collapse R-HSA-416572,1/20,0.8244545323893016,0.9999999999999991,0.8461956635373324,0.16334392799155045,ARHGEF11,up in tumor,1
gs_ind_0,Sema4D In Semaphorin Signaling R-HSA-400685,1/24,0.8760684975403318,0.9999999999999991,0.7020235609815341,0.09288543766655402,ARHGEF11,up in tumor,1
gs_ind_0,Sema3A PAK Dependent Axon Repulsion R-HSA-399954,1/16,0.7513611991881223,0.9999999999999991,1.0647791738638654,0.30438712893916414,PLXNA1,up in tumor,1
gs_ind_0,Selective Autophagy R-HSA-9663891,2/59,0.9625551604442926,0.9999999999999991,0.47764600158446746,0.018228836585023278,PRKAA2;DYNC1I1,up in tumor,2
gs_ind_0,Signaling By FGFR R-HSA-190236,2/76,0.9894283915929856,0.9999999999999991,0.36834266335446353,0.003914703404886403,PIGU;FGF13,up in tumor,2
gs_ind_0,Signaling By FGFR In Disease R-HSA-1226099,2/52,0.9379805603291523,0.9999999999999991,0.5440428459489952,0.03483291706090992,PIGU;FGF13,up in tumor,2
gs_ind_0,Signaling By Erythropoietin R-HSA-9006335,1/23,0.8647969852806419,0.9999999999999991,0.7332608498686237,0.10651383672464748,PIGU,up in tumor,1
gs_ind_0,Signaling By ERBB4 R-HSA-1236394,4/53,0.6539466980419961,0.9999999999999991,1.0001980050986312,0.42481353090433727,NRG2;STMN1;EGF;GABRQ,up in tumor,4
gs_ind_0,Signaling By ERBB2 TMD/JMD Mutants R-HSA-9665686,2/20,0.5052020882047851,0.9999999999999991,1.4874420245646789,1.0156205877607762,NRG2;EGF,up in tumor,2
gs_ind_0,Signaling By ERBB2 R-HSA-1227986,3/48,0.7744818589990115,0.9999999999999991,0.8460282574568289,0.21621186325222538,NRG2;PIGU;EGF,up in tumor,3
gs_ind_0,Signaling By ERBB2 KD Mutants R-HSA-9664565,3/23,0.2992349061101351,0.9999999999999991,1.8800929152148664,2.2683816894318074,NRG2;PIGU;EGF,up in tumor,3
gs_ind_0,Signaling By ERBB2 In Cancer R-HSA-1227990,3/24,0.32278164930533304,0.9999999999999991,1.7925581395348837,2.0269874458888655,NRG2;PIGU;EGF,up in tumor,3
gs_ind_0,Signaling By ERBB2 ECD Mutants R-HSA-9665348,2/15,0.35887913002680827,0.9999999999999991,2.0388501092879663,2.089351676905928,PIGU;EGF,up in tumor,2
gs_ind_0,Signaling By EGFR R-HSA-177929,2/46,0.9053663587582128,0.9999999999999991,0.6175802819225492,0.06139711482564502,PIGU;EGF,up in tumor,2
gs_ind_0,Signaling By EGFR In Cancer R-HSA-1643713,2/23,0.5819879904742342,0.9999999999999991,1.2797022345061382,0.6927098148865969,PIGU;EGF,up in tumor,2
gs_ind_0,Signaling By BRAF And RAF1 Fusions R-HSA-6802952,1/61,0.9950665620602729,0.9999999999999991,0.2721881395186888,0.0013461465966479165,VWF,up in tumor,1
gs_ind_0,Signaling By Activated Point Mutants Of FGFR1 R-HSA-1839122,1/4,0.29378797489011954,0.9999999999999991,4.718246417893061,5.779365626136818,FGF13,up in tumor,1
gs_ind_0,Signaling By ALK R-HSA-201556,1/24,0.8760684975403318,0.9999999999999991,0.7020235609815341,0.09288543766655402,MYCN,up in tumor,1
gs_ind_0,Signal Amplification R-HSA-392518,1/28,0.9125126678546813,0.9999999999999991,0.5997924337146952,0.054912983244147735,GNG4,up in tumor,1
gs_ind_0,Signaling By Interleukins R-HSA-449147,13/406,0.9999933367290219,0.9999999999999991,0.37285819324627106,2.484463455337196e-06,FGF13;PTPN5;LRRC14;BOLA2B;CCL20;LCN2;IRAK1;STX1A;BIRC5;PTPN14;CRLF2;MMP1;IL3RA,up in tumor,13
gs_ind_0,Signaling By Insulin Receptor R-HSA-74752,3/60,0.8861432593646461,0.9999999999999991,0.6690683229813664,0.08087473694288871,PIGU;FGF13;ATP6V0D2,up in tumor,3
gs_ind_0,Signaling By High-Kinase Activity BRAF Mutants R-HSA-6802948,1/32,0.9382438824095214,0.9999999999999991,0.5235247673410217,0.03337227539231317,VWF,up in tumor,1
gs_ind_0,Signaling By Hedgehog R-HSA-5358351,2/131,0.9998584511594231,0.9999999999999991,0.21132617134792822,2.991509181109422e-05,IQCE;ADCY6,up in tumor,2
gs_ind_0,Signaling By FLT3 ITD And TKD Mutants R-HSA-9703648,1/15,0.728756555011342,0.9999999999999991,1.138268457508131,0.36016583603262753,NOX4,up in tumor,1
gs_ind_0,Signaling By FLT3 Fusion Proteins R-HSA-9703465,1/18,0.791078642475556,0.9999999999999991,0.9429969323962257,0.2209987756615743,NOX4,up in tumor,1
gs_ind_0,Signaling By FGFR4 R-HSA-5654743,2/33,0.7734265402044909,0.9999999999999991,0.873015873015873,0.22429924011007363,PIGU;FGF13,up in tumor,2
gs_ind_0,Signaling By FGFR4 In Disease R-HSA-5655291,1/10,0.5809323105717996,0.9999999999999991,1.7377862977639804,0.94382829083857,PIGU,up in tumor,1
gs_ind_0,Signaling By FGFR3 R-HSA-5654741,2/32,0.758438700006941,0.9999999999999991,0.9016839280061704,0.2493095655805873,PIGU;FGF13,up in tumor,2
gs_ind_0,Signaling By FGFR3 In Disease R-HSA-5655332,2/14,0.3275141968593042,0.9999999999999991,2.2020669023660595,2.45799965221651,PIGU;FGF13,up in tumor,2
gs_ind_0,Signaling By FGFR2 R-HSA-5654738,2/62,0.9699347563890081,0.9999999999999991,0.4538936475792114,0.01385577136136718,PIGU;FGF13,up in tumor,2
gs_ind_0,Signaling By FGFR2 In Disease R-HSA-5655253,2/33,0.7734265402044909,0.9999999999999991,0.873015873015873,0.22429924011007363,PIGU;FGF13,up in tumor,2
gs_ind_0,Signaling By FGFR2 IIIa TM R-HSA-8851708,1/19,0.8084919101800757,0.9999999999999991,0.8919800474570793,0.1896212269276515,FGF13,up in tumor,1
gs_ind_0,Signaling By FGFR1 R-HSA-5654736,2/41,0.8665620401924522,0.9999999999999991,0.6959271282656816,0.0996717785485827,PIGU;FGF13,up in tumor,2
gs_ind_0,Signaling By FGFR1 In Disease R-HSA-5655302,2/29,0.7082460426336707,0.9999999999999991,1.0001977897001013,0.3450319580868597,PIGU;FGF13,up in tumor,2
gs_ind_0,Signaling By RAF1 Mutants R-HSA-9656223,1/37,0.9600461899642218,0.9999999999999991,0.4516973418178704,0.018417453722767943,VWF,up in tumor,1
gs_ind_0,Signaling By Nuclear Receptors R-HSA-9006931,11/232,0.9878720909406754,0.9999999999999991,0.5685236378711819,0.0069371551209791915,FABP6;KPNA2;DAND5;H2BC15;AKR1C3;H2BC9;H2BC17;GNG4;EGF;H2BC11;H2AX,up in tumor,11
gs_ind_0,Signaling By Non-Receptor Tyrosine Kinases R-HSA-9006927,3/50,0.7978341244750855,0.9999999999999991,0.8103258145363409,0.1830157861374413,NRG2;CCNE1;EGF,up in tumor,3
gs_ind_0,Signaling By NTRKs R-HSA-166520,4/124,0.9937144057516029,0.9999999999999991,0.409425966992509,0.002581607498375738,PIGU;DOCK3;DNM3;MAPK12,up in tumor,4
gs_ind_0,Signaling By NTRK2 (TRKB) R-HSA-9006115,2/22,0.5574007657469213,0.9999999999999991,1.3421930656619594,0.7844726416236258,PIGU;DOCK3,up in tumor,2
gs_ind_0,Signaling By NTRK1 (TRKA) R-HSA-187037,2/107,0.9990418719341623,0.9999999999999991,0.2597097108063832,0.00024895444706996115,DNM3;MAPK12,up in tumor,2
gs_ind_0,Signaling By NOTCH4 R-HSA-9013694,4/80,0.908998715113263,0.9999999999999991,0.646322128088916,0.06166662727211108,HEY1;DLL4;TACC3;HES5,up in tumor,4
gs_ind_0,Signaling By NOTCH2 R-HSA-1980145,3/31,0.48342301075292643,0.9999999999999991,1.351812865497076,0.9825830386765582,JAG2;DLL4;HES5,up in tumor,3
gs_ind_0,Signaling By NOTCH1 R-HSA-1980143,6/73,0.5747494108589498,0.9999999999999991,1.059679194048232,0.5868727396828133,DNER;HES5;HEY1;HDAC11;DLL4;JAG2,up in tumor,6
gs_ind_0,Signaling By NOTCH R-HSA-157118,16/187,0.4931830340238042,0.9999999999999991,1.0590472888055116,0.7486139549195289,DNER;TACC3;HES5;H2BC15;E2F1;H2BC17;H2BC9;HEY1;NOTCH3;EGF;DLL4;HDAC11;JAG2;H2BC11;H2AX;DLGAP5,up in tumor,16
gs_ind_0,Signaling By NODAL R-HSA-1181150,2/18,0.4491566500256084,0.9999999999999991,1.6679028522923003,1.3349620320176863,CERS1;DAND5,up in tumor,2
gs_ind_0,Signaling By MET R-HSA-6806834,4/61,0.758662934244931,0.9999999999999991,0.8606991086542217,0.23772310742729488,ITGA2;PIGU;LAMC1;LAMA4,up in tumor,4
gs_ind_0,Signaling By MAPK Mutants R-HSA-9652817,1/7,0.45597647056577423,0.9999999999999991,2.5402178685679635,1.994868834158143,DUSP9,up in tumor,1
gs_ind_0,Smooth Muscle Contraction R-HSA-445355,2/38,0.836726818008118,0.9999999999999991,0.7532383829879182,0.1342704995783357,ACTG2;TPM2,up in tumor,2
gs_ind_0,Signaling To RAS R-HSA-167044,1/19,0.8084919101800757,0.9999999999999991,0.8919800474570793,0.1896212269276515,MAPK12,up in tumor,1
gs_ind_0,Signaling To ERKs R-HSA-187687,1/32,0.9382438824095214,0.9999999999999991,0.5235247673410217,0.03337227539231317,MAPK12,up in tumor,1
gs_ind_0,Signaling By WNT R-HSA-195721,16/262,0.9277746300657218,0.9999999999999991,0.7340703529878702,0.05503063462992059,WNT6;H2BC15;LEF1;H2BC17;H2BC9;DKK1;SCRIB;KREMEN2;WNT3A;GNG4;H2AX;DKK4;BCL9;H2BC11;TERT;PDE6A,up in tumor,16
gs_ind_0,Signaling By WNT In Cancer R-HSA-4791275,4/33,0.2938845754186135,0.9999999999999991,1.6799595767557116,2.0572250570859363,KREMEN2;DKK1;DKK4;WNT3A,up in tumor,4
gs_ind_0,Signaling By VEGF R-HSA-194138,2/98,0.9980577838948193,0.9999999999999991,0.28405816298204356,0.0005522387962589938,HSPB1;MAPK12,up in tumor,2
gs_ind_0,Signaling By Type 1 Insulin-like Growth Factor 1 Receptor (IGF1R) R-HSA-2404192,2/40,0.8572217137429041,0.9999999999999991,0.7140384771605875,0.1100038286109952,PIGU;FGF13,up in tumor,2
gs_ind_0,Signaling By TGFB Family Members R-HSA-9006936,3/115,0.9970743909225257,0.9999999999999991,0.341037037037037,0.0009992034043274612,CDKN2B;DAND5;RBL1,up in tumor,3
gs_ind_0,Signaling By TGF-beta Receptor Complex R-HSA-170834,3/89,0.9821269831065021,0.9999999999999991,0.4441178089733003,0.00800951736584588,CDKN2B;DAND5;RBL1,up in tumor,3
gs_ind_0,Signaling By SCF-KIT R-HSA-1433557,1/41,0.9718013369064569,0.9999999999999991,0.407004721492354,0.011641914746196887,CHEK1,up in tumor,1
gs_ind_0,Signaling By Retinoic Acid R-HSA-5362517,1/37,0.9600461899642218,0.9999999999999991,0.4516973418178704,0.018417453722767943,AKR1C3,up in tumor,1
gs_ind_0,Signaling By Receptor Tyrosine Kinases R-HSA-9006934,22/460,0.9989468790808641,0.9999999999999991,0.559147730675068,0.0005891604551413595,CHEK1;DNM3;THBS4;STMN1;EGF;HSPB1;COL4A2;MYCN;ATP6V0D2;DOCK3;FGF13;NRG2;ITGA2;GABRQ;LAMC1;LAMA4;PDGFRB;COL9A1;MAPK12;PDGFA;COL4A1;PIGU,up in tumor,22
gs_ind_0,Signaling By ROBO Receptors R-HSA-376176,5/203,0.9998790042504531,0.9999999999999991,0.3027630958695254,3.663526412020309e-05,ENAH;ARHGAP39;DCC;ROBO1;LHX4,up in tumor,5
gs_ind_0,Signaling By RNF43 Mutants R-HSA-5340588,1/7,0.45597647056577423,0.9999999999999991,2.5402178685679635,1.994868834158143,WNT3A,up in tumor,1
gs_ind_0,Arachidonate Production From DAG R-HSA-426048,1/5,0.3526123355149352,0.9999999999999991,3.669566005255051,3.8251043223768133,DAGLA,up in tumor,1
gs_ind_0,Aquaporin-mediated Transport R-HSA-445717,4/42,0.4676240463940389,0.9999999999999991,1.2866689531541151,0.9779850095037631,GNG4;AVPR2;AQP8;ADCY6,up in tumor,4
gs_ind_0,Apoptotic Factor-Mediated Response R-HSA-111471,1/20,0.8244545323893016,0.9999999999999991,0.8461956635373324,0.16334392799155045,CDKN2A,up in tumor,1
gs_ind_0,Apoptotic Execution Phase R-HSA-75153,3/47,0.7619984468567498,0.9999999999999991,0.8650829320492242,0.23513885055841321,MAPT;H1-4;CLSPN,up in tumor,3
gs_ind_0,Apoptotic Cleavage Of Cellular Proteins R-HSA-111465,2/36,0.8136039621847982,0.9999999999999991,0.7969832054329105,0.16440294235160446,MAPT;CLSPN,up in tumor,2
gs_ind_0,Apoptosis R-HSA-109581,9/170,0.9505117959665046,0.9999999999999991,0.6453565865330572,0.03275488436677521,CDKN2A;H1-4;DCC;CLSPN;E2F1;UNC5A;TP73;DAPK2;MAPT,up in tumor,9
gs_ind_0,Apoptosis Induced DNA Fragmentation R-HSA-140342,1/10,0.5809323105717996,0.9999999999999991,1.7377862977639804,0.94382829083857,H1-4,up in tumor,1
gs_ind_0,Antiviral Mechanism By IFN-stimulated Genes R-HSA-1169410,2/82,0.9933041783037205,0.9999999999999991,0.3407871999351348,0.002289524032293767,KPNA2;KPNA7,up in tumor,2
gs_ind_0,Antigen processing-Cross Presentation R-HSA-1236975,1/102,0.9998623137311765,0.9999999999999991,0.1619108319486046,2.229443318699389e-05,CTSV,up in tumor,1
gs_ind_0,Antigen Processing: Ubiquitination And Proteasome Degradation R-HSA-983168,13/293,0.9969207474354049,0.9999999999999991,0.5260408055772987,0.0016223115369823908,FBXL18;FBXW10;KCTD7;UBE2C;CDC20;FBXO32;TRAIP;CCNF;SPSB2;ASB16;UBE2S;TRIM71;CUL7,up in tumor,13
gs_ind_0,Anti-inflammatory Response Favoring Leishmania Infection R-HSA-9662851,10/122,0.5685795528475095,0.9999999999999991,1.027023581899299,0.5798719347099266,CHGA;AVPR2;CRHR2;GNG4;GLP1R;ADM2;GNAZ;HTR4;GHRHR;ADCY6,up in tumor,10
gs_ind_0,Anchoring Of Basal Body To Plasma Membrane R-HSA-5620912,6/97,0.8281986572827115,0.9999999999999991,0.780801189109166,0.14718276464632465,CEP131;PLK4;KIF24;PLK1;NEK2;CDK1,up in tumor,6
gs_ind_0,Amyloid Fiber Formation R-HSA-977225,6/61,0.39860801923882455,0.9999999999999991,1.289565117038543,1.1861120159950362,H2BC15;H2BC17;H2BC9;ODAM;H2BC11;H2AX,up in tumor,6
gs_ind_0,Synthesis Of Bile Acids And Bile Salts Via 7Alpha-Hydroxycholesterol R-HSA-193368,1/24,0.8760684975403318,0.9999999999999991,0.7020235609815341,0.09288543766655402,AKR1C3,up in tumor,1
gs_ind_0,Synthesis Of Bile Acids And Bile Salts Via 27-Hydroxycholesterol R-HSA-193807,1/15,0.728756555011342,0.9999999999999991,1.138268457508131,0.36016583603262753,AKR1C3,up in tumor,1
gs_ind_0,Synthesis Of Bile Acids And Bile Salts Via 24-Hydroxycholesterol R-HSA-193775,1/14,0.7040980600123732,0.9999999999999991,1.2226450424330284,0.42894990458726534,AKR1C3,up in tumor,1
gs_ind_0,Synthesis Of Bile Acids And Bile Salts R-HSA-192105,2/34,0.7875950248130715,0.9999999999999991,0.8461120060249786,0.20202722058472466,AKR1C3;OSBPL3,up in tumor,2
gs_ind_0,Synthesis Of Active Ubiquitin: Roles Of E1 And E2 Enzymes R-HSA-8866652,3/30,0.4613903120725625,0.9999999999999991,1.401038961038961,1.083718950099737,UBE2S;UBE2T;UBE2C,up in tumor,3
gs_ind_0,Surfactant Metabolism R-HSA-5683826,1/22,0.8525009420281894,0.9999999999999991,0.7674039330707915,0.12246306003587147,ADRA2C,up in tumor,1
gs_ind_0,Stabilization Of P53 R-HSA-69541,1/54,0.9909174266254173,0.9999999999999991,0.30790823390143096,0.002809376713186791,CDKN2A,up in tumor,1
gs_ind_0,Sphingolipid Metabolism R-HSA-428157,3/84,0.9750301328542281,0.9999999999999991,0.47148115687992986,0.01192229826636583,CERS1;B4GALNT1;ESYT3,up in tumor,3
gs_ind_0,Sphingolipid De Novo Biosynthesis R-HSA-1660661,1/42,0.9741541025207552,0.9999999999999991,0.39717772967379167,0.01040040535914247,CERS1,up in tumor,1
gs_ind_0,Sperm Motility And Taxes R-HSA-1300642,1/7,0.45597647056577423,0.9999999999999991,2.5402178685679635,1.994868834158143,KCNU1,up in tumor,1
gs_ind_0,Sodium-coupled Phosphate Cotransporters R-HSA-427652,1/5,0.3526123355149352,0.9999999999999991,3.669566005255051,3.8251043223768133,SLC34A3,up in tumor,1
gs_ind_0,TNFR2 Non-Canonical NF-kB Pathway R-HSA-5668541,2/97,0.99790003844461,0.9999999999999991,0.2870468327953445,0.0006034211160216607,TNFSF4;TNFRSF4,up in tumor,2
gs_ind_0,TFAP2A Acts As A Transcriptional Repressor During Retinoic Acid Induced Cell Differentiation R-HSA-8869496,1/5,0.3526123355149352,0.9999999999999991,3.669566005255051,3.8251043223768133,MYBL2,up in tumor,1
gs_ind_0,TCR Signaling R-HSA-202403,1/110,0.9999315666888938,0.9999999999999991,0.1500221546206347,1.0266864081731396e-05,ENAH,up in tumor,1
gs_ind_0,TCF Dependent Signaling In Response To WNT R-HSA-201681,12/174,0.7916377182306797,0.9999999999999991,0.8452703981826213,0.19749862737859777,H2BC15;LEF1;H2BC17;H2BC9;DKK1;KREMEN2;WNT3A;H2AX;DKK4;BCL9;H2BC11;TERT,up in tumor,12
gs_ind_0,TBC/RABGAPs R-HSA-8854214,2/43,0.8835786011060969,0.9999999999999991,0.6623229387498321,0.08197903868683659,TBC1D16;RAB6B,up in tumor,2
gs_ind_0,TAK1-dependent IKK And NF-kappa-B Activation R-HSA-445989,2/44,0.8913122304257552,0.9999999999999991,0.6467068742101137,0.07441040720191107,LRRC14;IRAK1,up in tumor,2
gs_ind_0,"Synthesis, Secretion, And Inactivation Of Glucose-dependent Insulinotropic Polypeptide (GIP) R-HSA-400511",1/10,0.5809323105717996,0.9999999999999991,1.7377862977639804,0.94382829083857,PAX6,up in tumor,1
gs_ind_0,"Synthesis, Secretion, And Inactivation Of Glucagon-like Peptide-1 (GLP-1) R-HSA-381771",1/14,0.7040980600123732,0.9999999999999991,1.2226450424330284,0.42894990458726534,PAX6,up in tumor,1
gs_ind_0,"Synthesis, Secretion, And Deacylation Of Ghrelin R-HSA-422085",1/15,0.728756555011342,0.9999999999999991,1.138268457508131,0.36016583603262753,CRHR2,up in tumor,1
gs_ind_0,Synthesis Of Very Long-Chain Fatty acyl-CoAs R-HSA-75876,2/21,0.5317992271399721,0.9999999999999991,1.411093212833762,0.8910901995419729,ACSL4;ELOVL3,up in tumor,2
gs_ind_0,Synthesis Of Prostaglandins (PG) And Thromboxanes (TX) R-HSA-2162123,1/15,0.728756555011342,0.9999999999999991,1.138268457508131,0.36016583603262753,AKR1C3,up in tumor,1
gs_ind_0,Synthesis Of PIPs At Plasma Membrane R-HSA-1660499,1/50,0.987128420257997,0.9999999999999991,0.3328556014068382,0.004312189685182977,INPP5J,up in tumor,1
gs_ind_0,Synthesis Of IP3 And IP4 In Cytosol R-HSA-1855204,2/26,0.6496178443549958,0.9999999999999991,1.1228374950741786,0.48435955639061923,ITPKA;INPP5J,up in tumor,2
gs_ind_0,"Synthesis Of IP2, IP, And Ins In Cytosol R-HSA-1855183",1/14,0.7040980600123732,0.9999999999999991,1.2226450424330284,0.42894990458726534,INPP5J,up in tumor,1
gs_ind_0,TRP Channels R-HSA-3295583,1/22,0.8525009420281894,0.9999999999999991,0.7674039330707915,0.12246306003587147,TRPC6,up in tumor,1
gs_ind_0,TRAF6 Mediated Induction Of NFkB And MAP Kinases Upon TLR7/8 Or 9 Activation R-HSA-975138,2/98,0.9980577838948193,0.9999999999999991,0.28405816298204356,0.0005522387962589938,LRRC14;IRAK1,up in tumor,2
gs_ind_0,TRAF6 Mediated IRF7 Activation In TLR7/8 Or 9 Signaling R-HSA-975110,1/8,0.5012973966380778,0.9999999999999991,2.2014134275618376,1.5201986960119265,IRAK1,up in tumor,1
gs_ind_0,TP53 Regulates Transcription Of Genes Involved In Cytochrome C Release R-HSA-6803204,1/19,0.8084919101800757,0.9999999999999991,0.8919800474570793,0.1896212269276515,TP73,up in tumor,1
gs_ind_0,TP53 Regulates Transcription Of Death Receptors And Ligands R-HSA-6803211,1/12,0.647856585990088,0.9999999999999991,1.4354207783305954,0.6230959563844467,TP73,up in tumor,1
gs_ind_0,TP53 Regulates Transcription Of DNA Repair Genes R-HSA-6796648,5/59,0.5515309006511524,0.9999999999999991,1.110641552060659,0.6608954872576283,CHEK1;FANCI;FANCD2;NELFE;MSH2,up in tumor,5
gs_ind_0,TP53 Regulates Transcription Of Cell Death Genes R-HSA-5633008,4/43,0.4862356139968494,0.9999999999999991,1.254033022362984,0.904235521672672,TP73;BIRC5;TP53I3;MPZ,up in tumor,4
gs_ind_0,TP53 Regulates Transcription Of Caspase Activators And Caspases R-HSA-6803207,1/12,0.647856585990088,0.9999999999999991,1.4354207783305954,0.6230959563844467,TP73,up in tumor,1
gs_ind_0,TP53 Regulates Transcription Of Additional Cell Cycle Genes With Uncertain Roles In P53 Pathway R-HSA-6804115,1/21,0.839087297651768,0.9999999999999991,0.8048780487804879,0.14120823008158465,CDC25C,up in tumor,1
gs_ind_0,TP53 Regulates Metabolic Genes R-HSA-5628897,1/81,0.9991383072907216,0.9999999999999991,0.20436116349467096,0.00017617243880163036,PRKAA2,up in tumor,1
gs_ind_0,TNFs Bind Their Physiological Receptors R-HSA-5669034,2/28,0.6896745133025075,0.9999999999999991,1.0379924158845655,0.3856510442452748,TNFSF4;TNFRSF4,up in tumor,2
gs_ind_0,Amino Acids Regulate mTORC1 R-HSA-9639288,2/51,0.9334092523998826,0.9999999999999991,0.5550610813053022,0.03825010998697437,ATP6V0D2;CASTOR2,up in tumor,2
gs_ind_0,Amino Acid Transport Across Plasma Membrane R-HSA-352230,2/29,0.7082460426336707,0.9999999999999991,1.0001977897001013,0.3450319580868597,SLC7A6;SLC7A11,up in tumor,2
gs_ind_0,Alpha-Linolenic (Omega3) And Linoleic (Omega6) Acid Metabolism R-HSA-2046104,1/13,0.6771992126442967,0.9999999999999991,1.3205218809459092,0.5147259484962772,ELOVL3,up in tumor,1
gs_ind_0,Aggrephagy R-HSA-9646399,1/23,0.8647969852806419,0.9999999999999991,0.7332608498686237,0.10651383672464748,DYNC1I1,up in tumor,1
gs_ind_0,"Adrenaline,noradrenaline Inhibits Insulin Secretion R-HSA-400042",3/24,0.32278164930533304,0.9999999999999991,1.7925581395348837,2.0269874458888655,GNG4;ADRA2C;ADCY6,up in tumor,3
gs_ind_0,Adaptive Immune System R-HSA-1280218,30/692,0.9999904862684169,0.9999999999999991,0.498201789352467,4.739780644649897e-06,ENAH;KIF5A;CENPE;FBXL18;KCTD7;CTSV;FBXO32;DNM3;SPSB2;ASB16;TRIM71;KIF15;CDC20;RACGAP1;KIF20A;TREM2;COLEC12;FBXW10;KIF4A;KIF11;KIF23;CCNF;CUL7;UBE2C;KIF2C;KIF18A;CD200;DYNC1I1;UBE2S;TRAIP,up in tumor,30
gs_ind_0,Acyl Chain Remodelling Of PI R-HSA-1482922,1/13,0.6771992126442967,0.9999999999999991,1.3205218809459092,0.5147259484962772,PLA2G4C,up in tumor,1
gs_ind_0,Acyl Chain Remodelling Of PE R-HSA-1482839,1/21,0.839087297651768,0.9999999999999991,0.8048780487804879,0.14120823008158465,PLA2G4C,up in tumor,1
gs_ind_0,Acyl Chain Remodelling Of PC R-HSA-1482788,1/21,0.839087297651768,0.9999999999999991,0.8048780487804879,0.14120823008158465,PLA2G4C,up in tumor,1
gs_ind_0,Activation Of SMO R-HSA-5635838,1/18,0.791078642475556,0.9999999999999991,0.9429969323962257,0.2209987756615743,IQCE,up in tumor,1
gs_ind_0,Activation Of RAC1 R-HSA-428540,1/11,0.6158482926650748,0.9999999999999991,1.5722051799790315,0.7621337307476526,ROBO1,up in tumor,1
gs_ind_0,Toll-like Receptor Cascades R-HSA-168898,4/159,0.9994130919220422,0.9999999999999991,0.3167206949469624,0.00018594050465188752,LRRC14;CTSV;DNM3;IRAK1,up in tumor,4
gs_ind_0,Toll Like Receptor 9 (TLR9) Cascade R-HSA-168138,2/103,0.9986872974101147,0.9999999999999991,0.26999816459927306,0.0003546601225267115,LRRC14;IRAK1,up in tumor,2
gs_ind_0,Toll Like Receptor 7/8 (TLR7/8) Cascade R-HSA-168181,2/100,0.9983390537241128,0.9999999999999991,0.27826287430853613,0.00046256393815529074,LRRC14;IRAK1,up in tumor,2
gs_ind_0,Toll Like Receptor 4 (TLR4) Cascade R-HSA-166016,3/138,0.9994522816897589,0.9999999999999991,0.2828255139694254,0.00015495115127056773,LRRC14;DNM3;IRAK1,up in tumor,3
gs_ind_0,Toll Like Receptor 3 (TLR3) Cascade R-HSA-168164,2/102,0.9985800749115075,0.9999999999999991,0.2726982438906907,0.00038748624395786713,LRRC14;IRAK1,up in tumor,2
gs_ind_0,Tight Junction Interactions R-HSA-420029,1/25,0.8864008022311243,0.9999999999999991,0.6733362548607374,0.081194964645368,CLDN15,up in tumor,1
gs_ind_0,Thromboxane Signaling Thru TP Receptor R-HSA-428930,1/20,0.8244545323893016,0.9999999999999991,0.8461956635373324,0.16334392799155045,GNG4,up in tumor,1
gs_ind_0,Thrombin Signaling Thru Proteinase Activated Receptors (PARs) R-HSA-456926,2/28,0.6896745133025075,0.9999999999999991,1.0379924158845655,0.3856510442452748,F2RL3;GNG4,up in tumor,2
gs_ind_0,Termination Of Translesion DNA Synthesis R-HSA-5656169,3/32,0.5050142131697991,0.9999999999999991,1.3059241323648103,0.8921664986129625,POLD1;PCLAF;RFC4,up in tumor,3
gs_ind_0,Termination Of O-glycan Biosynthesis R-HSA-977068,1/16,0.7513611991881223,0.9999999999999991,1.0647791738638654,0.30438712893916414,MUC13,up in tumor,1
gs_ind_0,Telomere Extension By Telomerase R-HSA-171319,3/22,0.2757838410704784,0.9999999999999991,1.9766056166056165,2.546140617276909,PIF1;CCNA2;TERT,up in tumor,3
gs_ind_0,Tandem Pore Domain Potassium Channels R-HSA-1296346,1/9,0.5428446569018622,0.9999999999999991,1.9423276785571526,1.186630294590514,KCNK9,up in tumor,1
gs_ind_0,Activation Of NOXA And Translocation To Mitochondria R-HSA-111448,1/5,0.3526123355149352,0.9999999999999991,3.669566005255051,3.8251043223768133,E2F1,up in tumor,1
gs_ind_0,Activation Of NMDA Receptors And Postsynaptic Events R-HSA-442755,7/68,0.33715947968417587,0.9999999999999991,1.3431262346438573,1.46024580418269,KPNA2;RASGRF2;PRKAA2;ACTN2;MPP3;GPRIN1;MAPT,up in tumor,7
gs_ind_0,Activation Of Kainate Receptors Upon Glutamate Binding R-HSA-451326,3/24,0.32278164930533304,0.9999999999999991,1.7925581395348837,2.0269874458888655,MPP3;GRIK4;GNG4,up in tumor,3
gs_ind_0,Activation Of Gene Expression By SREBF (SREBP) R-HSA-2426168,4/42,0.4676240463940389,0.9999999999999991,1.2866689531541151,0.9779850095037631,SQLE;DAND5;LIN9;PKMYT1,up in tumor,4
gs_ind_0,Activation Of BH3-only Proteins R-HSA-114452,2/30,0.7258785948166073,0.9999999999999991,0.9650554179847225,0.3091772197080454,TP73;E2F1,up in tumor,2
gs_ind_0,Transcriptional Regulation By TP53 R-HSA-3700989,32/346,0.29270179536358704,0.9999999999999991,1.1394105647549353,1.3998809040093347,CCNA2;CDKN2A;E2F1;CHEK1;EXO1;TPX2;AURKB;CCNE1;BIRC5;EHMT2;RBL1;FANCD2;CDK1;BLM;ARID3A;MPZ;AURKA;E2F8;RMI2;NELFE;MSH2;CCNB1;TP53I3;PRKAA2;ARTN;TP73;CCNE2;CDC25C;FANCI;RFC4;E2F7;BRIP1,up in tumor,32
gs_ind_0,Transcriptional Regulation By Small RNAs R-HSA-5578749,5/62,0.5965758059380739,0.9999999999999991,1.0525386993237242,0.5436877715079863,H2BC15;H2BC17;H2BC9;H2BC11;H2AX,up in tumor,5
gs_ind_0,Transcriptional Regulation By RUNX3 R-HSA-8878159,2/94,0.9973471313484953,0.9999999999999991,0.29640056156237826,0.0007873565972537174,CDKN2A;LEF1,up in tumor,2
gs_ind_0,Transcriptional Regulation By RUNX2 R-HSA-8878166,5/112,0.96165398289541,0.9999999999999991,0.5615921141821821,0.021958576353807047,CCNB1;HEY1;NKX3-2;CDK1;DLX5,up in tumor,5
gs_ind_0,Transcriptional Regulation By RUNX1 R-HSA-8878171,9/181,0.9699204260115989,0.9999999999999991,0.6038726473509082,0.018443023008599978,CBX2;H2BC15;H2BC17;H2BC9;CTSV;CBX8;TP73;H2BC11;H2AX,up in tumor,9
gs_ind_0,Transcriptional Regulation By MECP2 R-HSA-8986944,4/51,0.6234915814624269,0.9999999999999991,1.0424147763910183,0.4924576053603291,GAD1;AURKB;IRAK1;GPRIN1,up in tumor,4
gs_ind_0,Transcriptional Regulation By AP-2 (TFAP2) Family Of Transcription Factors R-HSA-8864260,3/32,0.5050142131697991,0.9999999999999991,1.3059241323648103,0.8921664986129625,MYBL2;CHGA;ATAD2,up in tumor,3
gs_ind_0,Transcriptional Activity Of SMAD2/SMAD3:SMAD4 Heterotrimer R-HSA-2173793,3/49,0.7864226125688025,0.9999999999999991,0.8277931387608807,0.19888637090915476,CDKN2B;DAND5;RBL1,up in tumor,3
gs_ind_0,Transcriptional Activation Of Mitochondrial Biogenesis R-HSA-2151201,1/52,0.9891875534835124,0.9999999999999991,0.31989750275111695,0.0034777099815757233,LIN9,up in tumor,1
gs_ind_0,Transcription-Coupled Nucleotide Excision Repair (TC-NER) R-HSA-6781827,2/76,0.9894283915929856,0.9999999999999991,0.36834266335446353,0.003914703404886403,POLD1;RFC4,up in tumor,2
gs_ind_0,Transcription Of HIV Genome R-HSA-167172,1/66,0.9968101683707582,0.9999999999999991,0.2513481716945154,0.0008030398109182327,NELFE,up in tumor,1
gs_ind_0,Trafficking And Processing Of Endosomal TLR R-HSA-1679131,1/12,0.647856585990088,0.9999999999999991,1.4354207783305954,0.6230959563844467,CTSV,up in tumor,1
gs_ind_0,Transport Of Mature Transcript To Cytoplasm R-HSA-72202,1/79,0.9989739594838541,0.9999999999999991,0.20958859285703155,0.00021515678666891435,DDX39A,up in tumor,1
gs_ind_0,Transport Of Inorganic Cations/Anions And Amino Acids/Oligopeptides R-HSA-425393,6/91,0.7794948753079037,0.9999999999999991,0.8358429006102974,0.20821612690705726,SLC7A11;SLC12A5;SLC7A6;SLC26A2;SLC26A6;SLC34A3,up in tumor,6
gs_ind_0,Transport And Synthesis Of PAPS R-HSA-174362,1/6,0.4065393264449239,0.9999999999999991,3.0022239244854085,2.7022255299204825,SLC26A2,up in tumor,1
gs_ind_0,Translocation Of SLC2A4 (GLUT4) To Plasma Membrane R-HSA-1445148,1/51,0.9882028036151593,0.9999999999999991,0.32624825407248526,0.00387169748138303,PRKAA2,up in tumor,1
gs_ind_0,Translesion Synthesis By Y Family DNA Polymerases Bypasses Lesions On DNA Template R-HSA-110313,3/39,0.6413649130607918,0.9999999999999991,1.0551076320939334,0.46863312074228963,POLD1;PCLAF;RFC4,up in tumor,3
gs_ind_0,Translesion Synthesis By REV1 R-HSA-110312,1/16,0.7513611991881223,0.9999999999999991,1.0647791738638654,0.30438712893916414,RFC4,up in tumor,1
gs_ind_0,Translesion Synthesis By POLK R-HSA-5655862,1/17,0.7720829762283368,0.9999999999999991,1.0001976821764809,0.2587143856868406,RFC4,up in tumor,1
gs_ind_0,Translesion Synthesis By POLI R-HSA-5656121,1/17,0.7720829762283368,0.9999999999999991,1.0001976821764809,0.2587143856868406,RFC4,up in tumor,1
gs_ind_0,Translesion Synthesis By POLH R-HSA-110320,1/19,0.8084919101800757,0.9999999999999991,0.8919800474570793,0.1896212269276515,RFC4,up in tumor,1
gs_ind_0,Translation R-HSA-72766,1/277,0.9999999999704446,0.9999999999999991,0.058919521235574375,1.7413875528088682e-12,EEF1A2,up in tumor,1
gs_ind_0,Transferrin Endocytosis And Recycling R-HSA-917977,1/27,0.9045541623349609,0.9999999999999991,0.622456881740834,0.06244057629419185,ATP6V0D2,up in tumor,1
gs_ind_0,Transcriptional Regulation Of White Adipocyte Differentiation R-HSA-381340,4/80,0.908998715113263,0.9999999999999991,0.646322128088916,0.06166662727211108,FABP4;LPL;LIN9;EBF1,up in tumor,4
gs_ind_0,Transcriptional Regulation Of Pluripotent Stem Cells R-HSA-452723,2/22,0.5574007657469213,0.9999999999999991,1.3421930656619594,0.7844726416236258,DKK1;FGF13,up in tumor,2
gs_ind_0,Uptake And Actions Of Bacterial Toxins R-HSA-5339562,1/29,0.9198079044697174,0.9999999999999991,0.5787184732693381,0.048375326162711965,STX1A,up in tumor,1
gs_ind_0,Unfolded Protein Response (UPR) R-HSA-381119,2/88,0.9957772920290189,0.9999999999999991,0.3170544597647303,0.0013416631181047327,EXTL1;CUL7,up in tumor,2
gs_ind_0,Ubiquitin Mediated Degradation Of Phosphorylated Cdc25A R-HSA-69601,2/49,0.9232924602151634,0.9999999999999991,0.5784893291155547,0.04616879160123657,CDC25A;CHEK1,up in tumor,2
gs_ind_0,Ub-specific Processing Proteases R-HSA-5689880,9/165,0.9384855174663961,0.9999999999999991,0.6661407268436023,0.04229184564238424,CCNA2;H2BC15;CLSPN;H2BC17;H2BC9;CDC20;CDC25A;H2BC11;H2BC18,up in tumor,9
gs_ind_0,UCH Proteinases R-HSA-5689603,1/84,0.9993368362414388,0.9999999999999991,0.19698954903457558,0.00013067966553498173,FOXK1,up in tumor,1
gs_ind_0,Triglyceride Metabolism R-HSA-8979227,2/29,0.7082460426336707,0.9999999999999991,1.0001977897001013,0.3450319580868597,FABP6;FABP4,up in tumor,2
gs_ind_0,Triglyceride Catabolism R-HSA-163560,2/17,0.41981276654469085,0.9999999999999991,1.7755972172265257,1.541123320927068,FABP6;FABP4,up in tumor,2
gs_ind_0,Transport To Golgi And Subsequent Modification R-HSA-948021,3/158,0.9998775371975313,0.9999999999999991,0.24620425662226306,3.015270957604149e-05,CHGA;COL7A1;DYNC1I1,up in tumor,3
gs_ind_0,"Transport Of Vitamins, Nucleosides, And Related Molecules R-HSA-425397",1/39,0.9664342045152667,0.9999999999999991,0.42819018437392997,0.014619294402305744,SLCO1C1,up in tumor,1
gs_ind_0,Transport Of Small Molecules R-HSA-382551,41/630,0.9637331301990325,0.9999999999999991,0.7693384341753587,0.028420022305370683,SLC22A12;ANO4;AVPR2;ATP1A2;ABCC5;SLC6A11;AQP8;SLC7A6;SLC30A3;LPL;FLVCR1;CA4;SLC39A10;ADCY6;WNK4;SLC5A11;GNG4;ATP8A2;SLCO1C1;ATP6V0D2;SLC12A5;SLC5A4;SLC26A6;BEST4;CLCNKA;ABCC10;ANO2;KCNJ11;SLC6A9;ASIC1;SLC26A2;SLC6A7;CLCN1;TRPC6;LCN2;SLC7A11;ASIC3;SLC22A15;ABCB5;ABCA12;SLC34A3,up in tumor,41
gs_ind_0,Transport Of Organic Anions R-HSA-879518,1/11,0.6158482926650748,0.9999999999999991,1.5722051799790315,0.7621337307476526,SLCO1C1,up in tumor,1
gs_ind_0,Transport Of Mature mRNA Derived From An Intron-Containing Transcript R-HSA-159236,1/70,0.9977497545604569,0.9999999999999991,0.23683515813063058,0.0005335377553463349,DDX39A,up in tumor,1
gs_ind_0,Activated TAK1 Mediates P38 MAPK Activation R-HSA-450302,1/19,0.8084919101800757,0.9999999999999991,0.8919800474570793,0.1896212269276515,IRAK1,up in tumor,1
gs_ind_0,Activated Point Mutants Of FGFR2 R-HSA-2033519,1/8,0.5012973966380778,0.9999999999999991,2.2014134275618376,1.5201986960119265,FGF13,up in tumor,1
gs_ind_0,Activated NTRK2 Signals Thru PI3K R-HSA-9028335,1/5,0.3526123355149352,0.9999999999999991,3.669566005255051,3.8251043223768133,PIGU,up in tumor,1
gs_ind_0,Activated NTRK2 Signals Thru FYN R-HSA-9032500,1/6,0.4065393264449239,0.9999999999999991,3.0022239244854085,2.7022255299204825,DOCK3,up in tumor,1
gs_ind_0,Activated NOTCH1 Transmits Signal To Nucleus R-HSA-2122948,3/31,0.48342301075292643,0.9999999999999991,1.351812865497076,0.9825830386765582,DNER;DLL4;JAG2,up in tumor,3
gs_ind_0,Acetylcholine Neurotransmitter Release Cycle R-HSA-264642,1/14,0.7040980600123732,0.9999999999999991,1.2226450424330284,0.42894990458726534,STX1A,up in tumor,1
gs_ind_0,Abortive Elongation Of HIV-1 Transcript In Absence Of Tat R-HSA-167242,1/22,0.8525009420281894,0.9999999999999991,0.7674039330707915,0.12246306003587147,NELFE,up in tumor,1
gs_ind_0,Aberrant Regulation Of Mitotic Exit In Cancer Due To RB1 Defects R-HSA-9687136,2/20,0.5052020882047851,0.9999999999999991,1.4874420245646789,1.0156205877607762,UBE2S;UBE2C,up in tumor,2
gs_ind_0,AUF1 (hnRNP D0) Binds And Destabilizes mRNA R-HSA-450408,1/52,0.9891875534835124,0.9999999999999991,0.31989750275111695,0.0034777099815757233,HSPB1,up in tumor,1
gs_ind_0,mRNA Editing R-HSA-75072,1/7,0.45597647056577423,0.9999999999999991,2.5402178685679635,1.994868834158143,APOBEC3B,up in tumor,1
gs_ind_0,mRNA Splicing - Major Pathway R-HSA-72163,1/179,0.9999998371769565,0.9999999999999991,0.09171518566654713,1.4933346880450326e-08,COLEC12,up in tumor,1
gs_ind_0,mRNA Splicing R-HSA-72172,1/187,0.999999919280655,0.9999999999999991,0.08774604359064235,7.082803449598763e-09,COLEC12,up in tumor,1
gs_ind_0,p130Cas Linkage To MAPK Signaling For Integrins R-HSA-372708,1/15,0.728756555011342,0.9999999999999991,1.138268457508131,0.36016583603262753,VWF,up in tumor,1
gs_ind_0,p38MAPK Events R-HSA-171007,1/12,0.647856585990088,0.9999999999999991,1.4354207783305954,0.6230959563844467,MAPK12,up in tumor,1
gs_ind_0,p53-Dependent G1 DNA Damage Response R-HSA-69563,4/62,0.769841356886783,0.9999999999999991,0.84594441768414,0.22127437109867645,CCNE1;CCNA2;CDKN2A;CCNE2,up in tumor,4
gs_ind_0,p75NTR Recruits Signaling Complexes R-HSA-209543,1/13,0.6771992126442967,0.9999999999999991,1.3205218809459092,0.5147259484962772,IRAK1,up in tumor,1
gs_ind_0,p75NTR Regulates Axonogenesis R-HSA-193697,1/8,0.5012973966380778,0.9999999999999991,2.2014134275618376,1.5201986960119265,LINGO1,up in tumor,1
gs_ind_0,p75NTR Signals Via NF-kB R-HSA-193639,1/16,0.7513611991881223,0.9999999999999991,1.0647791738638654,0.30438712893916414,IRAK1,up in tumor,1
gs_ind_0,rRNA Processing In Nucleus And Cytosol R-HSA-8868773,1/187,0.999999919280655,0.9999999999999991,0.08774604359064235,7.082803449598763e-09,BOP1,up in tumor,1
gs_ind_0,rRNA Processing R-HSA-72312,1/196,0.999999963355563,0.9999999999999991,0.08366904439310971,3.0660050856633097e-09,BOP1,up in tumor,1
gs_ind_0,tRNA Processing In Nucleus R-HSA-6784531,1/55,0.9916756813899015,0.9999999999999991,0.3022435793531848,0.002526502207455737,COLEC12,up in tumor,1
gs_ind_0,tRNA Processing R-HSA-72306,1/103,0.99987383349903,0.9999999999999991,0.16032325857371105,2.0228700677375858e-05,COLEC12,up in tumor,1
gs_ind_0,trans-Golgi Network Vesicle Budding R-HSA-199992,3/70,0.9382607616440288,0.9999999999999991,0.5696649029982364,0.03630324668840461,DNAJC6;CLVS1;SORT1,up in tumor,3
gs_ind_0,2-LTR Circle Formation R-HSA-164843,1/8,0.5012973966380778,0.9999999999999991,2.2014134275618376,1.5201986960119265,HMGA1,up in tumor,1
